:020000040800F2
:10000000000002204D850008FD290008FF29000896
:10001000012A0008032A0008052A00080000000041
:10002000000000000000000000000000072A000897
:10003000092A0008000000000B2A00080D2A000809
:100040009D8500089D8500089D8500089D85000808
:100050009D8500089D8500089D8500089D850008F8
:100060009D8500089D8500089D850008152A0008CB
:100070009D8500089D850008252A0008352A00086E
:100080009D8500089D8500089D8500089D850008C8
:100090009D8500089D8500089D8500089D850008B8
:1000A0009D8500089D8500089D8500089D850008A8
:1000B0009D8500089D850008452A00089D8500084B
:1000C0009D8500089D8500089D8500089D85000888
:1000D000552A0008652A00089D8500089D850008AE
:1000E000752A00089D8500089D8500089D850008EB
:1000F000892A00089D8500089D850008992A000826
:100100009D8500089D8500089D8500089D85000847
:100110009D850008A92A0008B92A00089D850008C5
:100120009D8500089D850008C92A00089D85000856
:10013000D92A000800000000000000009D8500088A
:100140009D8500089D8500089D8500089D85000807
:100150009D8500089D850008E92A00089D85000806
:100160009D8500089D8500089D8500089D850008E7
:100170009D8500089D85000800000000000000002B
:080180009D8500089D85000823
:1001900001F0FF01102A2BDB10F0070F08D010F838
:1001A000013B013A8B422DD010F0070F42B3F6D13C
:1001B000F0B441EA012141EA014122F007047FF055
:1001C00000070023F0E80256083C85EA010586EAAC
:1001D000010685FA47F5A3FA87F586FA47F6A5FAE8
:1001E00087F68EB9EED1F0BC01F0FF0102F00702F4
:1001F00032B110F8013B013A83EA010313B1F8D19F
:100200000020704701387047002D06BF354603387F
:10021000073815F0010F07D1013015F4807F02BFB8
:10022000013015F4C03F0130F0BC0138704700BF09
:10023000034613F8012B002AFBD1181A0138704726
:1002400081F0004102E000BF83F0004330B54FEA87
:1002500041044FEA430594EA050F08BF90EA020FF4
:100260001FBF54EA000C55EA020C7FEA645C7FEA87
:10027000655C00F0E2804FEA5454D4EB5555B8BFAA
:100280006D420CDD2C4480EA020281EA030382EA1B
:10029000000083EA010180EA020281EA0303362DAD
:1002A00088BF30BD11F0004F4FEA01314FF4801C80
:1002B0004CEA113102D0404261EB410113F0004F92
:1002C0004FEA03334CEA133302D0524263EB430349
:1002D00094EA050F00F0A780A4F10104D5F1200EE7
:1002E0000DDB02FA0EFC22FA05F2801841F1000142
:1002F00003FA0EF2801843FA05F359410EE0A5F116
:1003000020050EF1200E012A03FA0EFC28BF4CF046
:10031000020C43FA05F3C01851EBE37101F00045FC
:1003200007D54FF0000EDCF1000C7EEB00006EEB09
:100330000101B1F5801F1BD3B1F5001F0CD3490893
:100340005FEA30004FEA3C0C04F101044FEA4452EA
:1003500012F5800F80F09A80BCF1004F08BF5FEA71
:10036000500C50F1000041EB045141EA050130BD51
:100370005FEA4C0C404141EB0101013C28BFB1F563
:10038000801FE9D291F0000F04BF01460020B1FAAE
:1003900081F308BF2033A3F10B03B3F120020CDA81
:1003A0000C3208DD02F1140CC2F10C0201FA0CF05F
:1003B00021FA02F10CE002F11402D8BFC2F1200CC4
:1003C00001FA02F120FA0CFCDCBF41EA0C0190407A
:1003D000E41AA2BF01EB0451294330BD6FEA0404C3
:1003E0001F3C1CDA0C340EDC04F11404C4F12002AE
:1003F00020FA04F001FA02F340EA030021FA04F3C0
:1004000045EA030130BDC4F10C04C4F1200220FA16
:1004100002F001FA04F340EA0300294630BD21FA54
:1004200004F0294630BD94F0000F83F4801306BF1A
:1004300081F480110134013D4EE77FEA645C18BF0E
:100440007FEA655C29D094EA050F08BF90EA020FA5
:1004500005D054EA000C04BF1946104630BD91EA9D
:10046000030F1EBF0021002030BD5FEA545C05D1A0
:100470004000494128BF41F0004130BD14F58004DF
:100480003CBF01F5801130BD01F0004545F0FE4153
:1004900041F470014FF0000030BD7FEA645C1ABF88
:1004A000194610467FEA655C1CBF0B46024650EABF
:1004B000013406BF52EA033591EA030F41F40021EB
:1004C00030BD00BF90F0000F04BF0021704730B571
:1004D0004FF4806404F132044FF000054FF0000146
:1004E00050E700BF90F0000F04BF0021704730B507
:1004F0004FF4806404F1320410F0004548BF4042DC
:100500004FF000013EE700BF42004FEAE2014FEA30
:1005100031014FEA02701FBF12F07F4393F07F4F0B
:1005200081F06051704732F07F4208BF704793F00E
:100530007F4F04BF41F40021704730B54FF4607421
:1005400001F0004521F000411CE700BF50EA010224
:1005500008BF704730B54FF000050AE050EA0102CD
:1005600008BF704730B511F0004502D5404261EB3D
:1005700041014FF4806404F132045FEA915C3FF47E
:10058000D8AE4FF003025FEADC0C18BF03325FEA1B
:10059000DC0C18BF033202EBDC02C2F1200300FACC
:1005A00003FC20FA02F001FA03FE40EA0E0021FAF1
:1005B00002F11444BDE600BF70B54FF0FF0C4CF4DF
:1005C000E06C1CEA11541DBF1CEA135594EA0C0F91
:1005D00095EA0C0F00F0DEF82C4481EA030621EACC
:1005E0004C5123EA4C5350EA013518BF52EA033507
:1005F00041F4801143F4801338D0A0FB02CE4FF0B9
:100600000005E1FB02E506F00042E0FB03E54FF0E8
:100610000006E1FB03569CF0000F18BF4EF0010EE0
:10062000A4F1FF04B6F5007F64F5407404D25FEADC
:100630004E0E6D4146EB060642EAC62141EA55518F
:100640004FEAC52040EA5E504FEACE2EB4F1FD0CD1
:1006500088BFBCF5E06F1ED8BEF1004F08BF5FEA4F
:10066000500E50F1000041EB045170BD06F0004601
:1006700046EA010140EA020081EA0301B4EB5C04AE
:10068000C2BFD4EB0C0541EA045170BD41F48011A6
:100690004FF0000E013C00F3AB8014F1360FDEBFCB
:1006A000002001F0004170BDC4F10004203C35DAA7
:1006B0000C341BDC04F11404C4F1200500FA05F32A
:1006C00020FA04F001FA05F240EA020001F00042CB
:1006D00021F0004110EBD37021FA04F642EB060141
:1006E0005EEA430E08BF20EAD37070BDC4F10C046B
:1006F000C4F1200500FA04F320FA05F001FA04F22F
:1007000040EA020001F0004110EBD37041F100011A
:100710005EEA430E08BF20EAD37070BDC4F1200525
:1007200000FA05F24EEA020E20FA04F301FA05F28D
:1007300043EA020321FA04F001F0004121FA04F235
:1007400020EA020000EBD3705EEA430E08BF20EA05
:10075000D37070BD94F0000F0FD101F0004640003F
:1007600041EB010111F4801F08BF013CF7D041EAC1
:10077000060195F0000F18BF704703F000465200C5
:1007800043EB030313F4801F08BF013DF7D043EA96
:100790000603704794EA0C0F0CEA135518BF95EA4C
:1007A0000C0F0CD050EA410618BF52EA4306D1D1D3
:1007B00081EA030101F000414FF0000070BD50EAF2
:1007C000410606BF1046194652EA430619D094EA7C
:1007D0000C0F02D150EA013613D195EA0C0F05D166
:1007E00052EA03361CBF104619460AD181EA0301BA
:1007F00001F0004141F0FE4141F470014FF0000072
:1008000070BD41F0FE4141F4780170BD70B54FF00C
:10081000FF0C4CF4E06C1CEA11541DBF1CEA13558C
:1008200094EA0C0F95EA0C0F00F0A7F8A4EB05046E
:1008300081EA030E52EA03354FEA013100F0888065
:100840004FEA03334FF0805545EA131343EA12632E
:100850004FEA022245EA111545EA10654FEA0026E3
:100860000EF000419D4208BF964244F1FD0404F59C
:10087000407402D25B084FEA3202B61A65EB0305F8
:100880005B084FEA32024FF480104FF4002CB6EBB5
:10089000020E75EB030E22BFB61A754640EA0C0035
:1008A0005B084FEA3202B6EB020E75EB030E22BF75
:1008B000B61A754640EA5C005B084FEA3202B6EBB6
:1008C000020E75EB030E22BFB61A754640EA9C0075
:1008D0005B084FEA3202B6EB020E75EB030E22BF45
:1008E000B61A754640EADC0055EA060E18D04FEA03
:1008F000051545EA16754FEA06164FEAC30343EAA3
:1009000052734FEAC2025FEA1C1CC0D111F4801F6F
:100910000BD141EA00014FF000004FF0004CB6E768
:1009200011F4801F04BF01430020B4F1FD0C88BF07
:10093000BCF5E06F3FF6AFAEB5EB030C04BFB6EB12
:10094000020C5FEA500C50F1000041EB045170BD05
:100950000EF0004E4EEA113114EB5C04C2BFD4EB32
:100960000C0541EA045170BD41F480114FF0000EB6
:10097000013C90E645EA060E8DE60CEA135594EA32
:100980000C0F08BF95EA0C0F3FF43BAF94EA0C0F35
:100990000AD150EA01347FF434AF95EA0C0F7FF4AA
:1009A00025AF104619462CE795EA0C0F06D152EAFE
:1009B00003353FF4FDAE1046194622E750EA4106E2
:1009C00018BF52EA43067FF4C5AE50EA41047FF4F3
:1009D0000DAF52EA43057FF4EBAE12E74FF0FF3C58
:1009E00006E000BF4FF0010C02E000BF4FF0010C29
:1009F0004DF804CD4FEA410C7FEA6C5C4FEA430CA2
:100A000018BF7FEA6C5C1BD001B050EA410C0CBFF0
:100A100052EA430C91EA030F02BF90EA020F002052
:100A2000704710F1000F91EA030F58BF994208BFB9
:100A300090422CBFD8176FEAE37040F00100704776
:100A40004FEA410C7FEA6C5C02D150EA013C07D1CD
:100A50004FEA430C7FEA6C5CD6D152EA033CD3D018
:100A60005DF8040B704700BF8446104662468C4612
:100A70001946634600E000BF01B5FFF7B7FF002845
:100A800048BF10F1000F01BD4DF808EDFFF7F4FF6E
:100A90000CBF012000205DF808FB00BF4DF808EDF9
:100AA000FFF7EAFF34BF012000205DF808FB00BF1C
:100AB0004DF808EDFFF7E0FF94BF012000205DF83E
:100AC00008FB00BF4DF808EDFFF7CEFF94BF0120F3
:100AD00000205DF808FB00BF4DF808EDFFF7C4FFEC
:100AE00034BF012000205DF808FB00BF4FEA410C35
:100AF0007FEA6C5C02D150EA013C0AD14FEA430C18
:100B00007FEA6C5C02D152EA033C02D14FF0000054
:100B100070474FF0010070474FEA410212F5001292
:100B200015D211D56FF47873B3EB625212D94FEA34
:100B3000C12343F0004343EA505311F0004F23FA1E
:100B400002F018BF404270474FF00000704750EA73
:100B5000013005D111F0004008BF6FF00040704730
:100B60004FF00000704700BF53B94AB9002908BFD1
:100B700000281CBF4FF0FF314FF0FF3000F00CB8E1
:100B8000ADF1080C6DE904CE0BF024FEDDF804E0B5
:100B9000DDE9022304B07047704700BF0348044BEF
:100BA000834202D0034B03B1184770477402002000
:100BB00074020020000000000548064B1B1AD90FE4
:100BC00001EBA301491002D0034B03B11847704752
:100BD00074020020740200200000000010B5064CD2
:100BE000237843B9FFF7DAFF044B13B10448AFF39E
:100BF00000800123237010BD74020020000000005B
:100C0000CCCA000808B5054B1BB105490548AFF330
:100C10000080BDE80840FFF7CFBF00BF0000000024
:100C200078020020CCCA000803E0DFED0C7A30EE39
:100C3000670ADFED0B7AB4EEE70AF1EE10FAF4DAA8
:100C400003E0DFED067A30EE270ADFED067AB4EE38
:100C5000E70AF1EE10FAF4D4704700BF0000B44385
:100C600000003443000034C30F4B1B680F4A126866
:100C70009A4209D00E4A11680E4A11600B4A13605D
:100C80000C4B93ED000A70470B4BD3ED007A9FEDB0
:100C90000B7A67EE877A074B93ED007A77EE877AC7
:100CA000C3ED007AECE700BF3C0300200000002009
:100CB00048030020900200204403002017B7513859
:100CC00010B41A4C24786CB390ED007A184CD4ED23
:100CD000006A67EE265A91ED006A164CD4ED007A50
:100CE00026EE275A75EE855A27EEC77A26EE866AD3
:100CF00037EE067AD2ED004A26EEA46A93ED005A4A
:100D000027EE854A36EE046A67EEE47A66EE856A77
:100D100077EEA67AC0ED005A81ED007A82ED006A86
:100D2000C3ED007A5DF8044B704700BFB8020020A5
:100D300008000020BC0200203E4B1B7833B93E4B1C
:100D40001A683E4B1A603B4B01221A703C4BD3EDA4
:100D5000007AF1EE677A3B4B1B68834248D3394BEC
:100D600018609FED397A354BD3ED006ADFED375AC5
:100D700087EE256AF7EE005AB4EEE56AF1EE10FA56
:100D800001DDB0EE656A77EEE67A67EE867A77EE99
:100D9000A67A2A4BC3ED007A77EEE67A9FED2C6AAD
:100DA00027EE067AF4EEC77AF1EE10FA35DD76EE2C
:100DB000876AC3ED006A214B93ED007ADFED257A57
:100DC000B4EEE77AF1EE10FA01DDC3ED007A1B4BC9
:100DD00093ED007ADFED207AB4EEE77AF1EE10FAC7
:100DE00001D5C3ED007A154B1A681C4B1A60704789
:100DF000C31A07EE103AB8EE477ADFED136A27EE12
:100E0000267A104B1860F6EE006AB4EEE67AF1EE40
:100E100010FAA8DD9FED0C7AA5E7B1EE476AB4EEB3
:100E2000E76AF1EE10FAC6DD76EEC76A034BC3ED52
:100E3000006AC0E7A4020020340300209C020020C6
:100E40001C030020A00200206F12833ACDCCCC3DC1
:100E5000000048420000F0420000F0C2FC02002006
:100E6000794BD3ED006A794BD3ED007A76EEE76AE1
:100E7000F3EE027AF4EEE76AF1EE10FA09DCFBEE2B
:100E8000027AF4EEE76AF1EE10FA04D5FBEE026A9C
:100E900001E0F3EE026A6E4B1B680BB96C4B1860F5
:100EA0006B4A1368C31A07EE903AF8EE677A27EE9A
:100EB000800A1060DFED677AB4EEE70AF1EE10FA0F
:100EC00009DCDFED657AB4EEE70AF1EE10FA04D53D
:100ED0009FED620A01E09FED620A66EE807A614B47
:100EE00093ED007A77EE877AC3ED007AB3EE097A54
:100EF000F4EEC77AF1EE10FA32DD83ED007A5A4B48
:100F000093ED006AF1EE087A26EE276ADFED575A74
:100F100066EEA55A534BD3ED007A77EEA77A75EEBD
:100F2000A77A534B93ED007AB2EE005A27EE057A7A
:100F300077EEC77A77EE867A9FED4E7AF4EEC77A2F
:100F4000F1EE10FA17DC9FED4C7AF4EEC77AF1EE71
:100F500010FA63D4F4EE677AF1EE10FA21D00CE0C7
:100F6000BBEE097AF4EEC77AF1EE10FAC7D53D4B25
:100F700083ED007AC3E7DFED3F7A37EEE57A3C4B4D
:100F800093ED005AF2EE004A25EE245A37EE057A28
:100F900037EE467AB6EE005A27EE057A314B83EDEE
:100FA000007A364BC3ED006A354BC3ED005A2D4B2A
:100FB00093ED007A37EE077A324B83ED007A2C4BB3
:100FC00093ED007AFAEE006A27EE267A2E4B83ED37
:100FD000007A2E4B83ED006AF0EEE76A2C4B93ED1E
:100FE000007AB0EEC77AF4EEC76AF1EE10FA18D8BC
:100FF0009FED287A20EE070A254B93ED007A37EE15
:10100000007AB4EEE77AF1EE10FA0DD5D3ED007A5E
:1010100077EE807A1E4BC3ED007A7047DFED167ACB
:10102000ABE79FED1D7AE5E7194B93ED007A37EEBC
:10103000407AB4EEE77AF1EE10FAEBDDD3ED007A08
:1010400077EEC07AE6E700BFF40200202803002014
:10105000B40200200AD7233CACC527376F1283396E
:101060006F12833AB0020020A80200200000204244
:10107000F002002000001644000016C4E402002024
:10108000E0020020DC020020D8020020D402002070
:101090000003002000401C4700401C4610B1044AD9
:1010A0001268026011B1034B1B680B60704700BFF0
:1010B0004C0300204403002070B505460C46C6785A
:1010C000202E28BF202620220021204608F010F8DC
:1010D000324605F10C01204608F089F870BD000089
:1010E000002862D000B589B0437A817A43EA0123AF
:1010F000C17A43EA01434C2B32D9B3F58E7F33D109
:101100006946FFF7D9FF9DF81E30012B2CD89DF8BA
:101110001F300BB19A2B27D1DDED007AF4EE677A00
:10112000F1EE10FA32D6DDED027AF4EE677AF1EEE6
:1011300010FA2BD61D4B1B78CBB9DDED000A9DEDC7
:10114000020A0AF0DDF830EE000ADFED197A20EE2F
:10115000270A184B83ED000A174B00221A6003E0A0
:101160004B2B01D303F085FE09B05DF804FB00238F
:101170000E4A1370114A1370114B1B680D4A13600D
:10118000104A1360082003F0BDFED6E7DDED057AB6
:10119000F4EE677AF1EE10FAE6D69FED057A67EE87
:1011A000877A054BC3ED007ADEE770470C0000201C
:1011B000E12E6542FC020020F802002024030020FA
:1011C00050030020F402002038B50D4B1B680024AA
:1011D0005C639C63DC6322464FF40041094805F0E0
:1011E00002FA094D22464FF48061284605F0FBF9CA
:1011F00022464FF40061284605F0F5F938BD00BFDE
:1012000034230020000002400008024010B5104CBA
:1012100001224FF40061204605F0E5F901224FF468
:101220008051204605F0DFF9012005F01FFD094C33
:101230000021204606F056FC0421204606F052FC10
:101240000821204606F04EFCFFF7BEFF10BD00BF90
:10125000000002403423002038B52DED028B00251C
:101260002C469FED268AF0EE488A01E00134E4B274
:101270000F2C11D8224801F0D5FE0028F6DB204DB6
:10128000284601F0C9FF78EEC08A284601F0D8FF51
:1012900038EE408A0125E9E715B9BDEC028B38BD6F
:1012A000F0EE480AB0EE680A0AF02AF8DFED157A87
:1012B00020EE270AF1EE407A134BC3ED007AB0EE30
:1012C000C00A9FED127AB4EEC70AF1EE10FAE4DB21
:1012D0009FED0F7A27EE878AB0EE480A0AF058F899
:1012E0000C4B83ED000AB0EE480A0AF091F80A4B65
:1012F00083ED000A094B01221A70CEE700000000BE
:1013000054050020E12E6542C00200200000344256
:1013100035FA8E3C08000020BC020020B8020020F4
:101320002DE9F04D2DED048B84B00446F0EE409A8B
:101330000D4690461E469DF844B0129F9DF850A061
:1013400001F070FE0028C0F2EF80BBF1000F7BD0EF
:10135000FFEE008A204601F05FFF60EE287ACDEDB7
:10136000037A204601F062FFB0EE409A204601F079
:1013700067FF60EE287ACDED027A204601F06AFF21
:1013800060EE287ACDED017A204601F06DFFB0EED7
:10139000408A204601F072FF60EE287ACDED007A97
:1013A0006B4601AA02A903A8FFF78AFCBAF1000F55
:1013B0004DD1DDED020A9DED030A09F0A1FFDFED3D
:1013C0005D7A27EEC00A109B0BB183ED008A33785B
:1013D000002B6BD1FFF728FC85ED000A0023C8F82D
:1013E000003001233370002F00F0A080139B002BEE
:1013F00000F09E80DFED507A9DED010A20EE270A75
:1014000068EE270A9DED001A21EE271A3B7D002B7E
:1014100072D04A4B1B78002B7AD0B0EE693ADDEDE2
:10142000022AB0EE492ADDED031A384602F093F89D
:10143000384602F0EBF9139B83ED000A012004B05B
:10144000BDEC048BBDE8F08DF7EE008A82E79DEDE0
:10145000030A20EE000A69EE097A70EE277A9DED04
:10146000020A20EE000A37EE800A09F06FFFF7EE5D
:10147000007A30EE670AB0EEC00A304B1B7853B1E9
:10148000DFED2F7AB4EEE70AF1EE10FA91DD2B4B87
:1014900000221A708DE7DFED2B7AB4EEE70AF1EE49
:1014A00010FA86D5254B01221A7082E7D5ED008A05
:1014B00068EE297A78EEA78A30EE680AFFF7B4FB67
:1014C0001E4B1B786BB1B7EE087AC9EE877AB7EE80
:1014D000007AF4EEC77AF1EE10FA04DDF7EE007A46
:1014E00001E0DFED197A27EE800A30EE280AFFF7D7
:1014F0009BFB85ED000A76E79DED021AF0EE490AA6
:101500009DED030A384602F001F8104B3B618FE76E
:10151000DFED0D1AB0EE693AF0EE612AB0EE612A05
:10152000384602F018F883E7002088E7012086E7B4
:10153000012084E7E12E654235FA8E3C0D00002043
:10154000CDCC4C3ECDCCCC3D000000008FC2F53C54
:1015500070B52DED028B88B0B0EE408A0023079362
:1015600006936C4E012504956B4B03936B4B0293D2
:10157000019507AB00936A4B6A4A6B493046FFF707
:10158000CFFE0446694B93ED007ADDED077A77EEE6
:10159000C77A9FED677A67EE877A93ED007A77EEE8
:1015A000877AC3ED007A0023049303930293019595
:1015B00006AB00935F4B604A6049B0EE480AA6F65E
:1015C000EC50FFF7ADFE002C00F09C80002800F0EE
:1015D0009980534B1B78002B00F09480554B1B785F
:1015E000002B00F08F80554B93ED008AB1EE488AB6
:1015F000534B1B78002B4BD14B4B1B68514A13604C
:10160000514A13604E4B1D70504B1B78002B53D129
:10161000414BD3ED008A4E4B1B78002B50D14D4BE4
:10162000C3ED008A4C4BC3ED008A494B01221A706E
:101630004A4B1B78002B54D1494B83ED008A494B10
:1016400083ED008A454B01221A703E4B93ED008AD0
:10165000434BD3ED007A38EE278AB0EE480AFFF705
:10166000E3FA414B83ED000A404B83ED008ADDED48
:10167000077A9DED067A77EEC77A3D4BC3ED007A87
:101680003C4B01221A703C4A1368013313603CE062
:10169000254BD3ED008A2C4C94ED000A38EEC00A9D
:1016A000FFF7C2FA274BD3ED007A77EE807AC3EDCD
:1016B000007AC4ED008AA7E71B4BD3ED008AAAE7A6
:1016C000254C94ED000A38EEC00AFFF7ADFA214B25
:1016D000D3ED007A77EE807AC3ED007AC4ED008A0C
:1016E000A6E7204C94ED000A38EE400AFFF79CFA7A
:1016F0001B4BD3ED007A77EE807AC3ED007A84ED50
:10170000008AA2E71B4B00221A7008B0BDEC028BC6
:1017100070BD00BF40130020500300205403002080
:10172000780300207C03002080030020F0020020CA
:10173000CDCCCC3D6C03002070030020740300204E
:101740003003002034030020380300200C00002068
:1017500024030020280300202C030020180300206D
:101760001C030020200300204C030020480300201D
:1017700044030020400300203C03002070B52DED01
:10178000088BB0EE409AF0EE608AF0EE419A464D3A
:101790002B68DC6AF0EE410AB0EE680A09F078FEC8
:1017A000F0EE490A09F074FEB0EE408AF0EE690AE4
:1017B000B0EE680A09F094FEF0EE490A09F090FED6
:1017C00038EE008AFEEE007A28EE278A39EE089A73
:1017D000DFED36BA89EE2B0A9FED35BAF6EE00AA98
:1017E000F0EE4B0A30EE2A0A09F052FE9FED31AAC4
:1017F000F0EE4A0A09F074FEB0EE409A78EE888A5C
:1018000088EEAB0AF0EE4B0A30EE2A0A09F040FEF1
:10181000F0EE4A0A09F064FEF0EE408A39EE881ACA
:1018200081EE2B0AF0EE4B0A30EE2A0A09F030FE68
:10183000F0EE4A0A09F054FEB0EE408A1E4B83EDEA
:10184000009A1E4BC3ED008A1D4B83ED000A012256
:101850004FF400411B4804F0C6FE1B4E01224FF41A
:101860008061304604F0BFFE01224FF40061304633
:1018700004F0B9FE07EE904AF8EE677A27EE897A0F
:101880002B68BCEEC77A83ED0D7A67EEA88AFCEE72
:10189000E88AC3ED0E8A67EE887AFCEEE77AC3ED3C
:1018A0000F7ABDEC088B70BD342300203D0A074140
:1018B0000AD7A33C48E17A3FCC020020C8020020AE
:1018C000C4020020000002400008024000B52DEDD7
:1018D000048B83B0002001F051F94C4B1B78002B96
:1018E00064D0694601A801F0A7FD9DED019ADDEDE8
:1018F000007A474B83ED009A464BC3ED007A77EEB2
:10190000A77A77EE898ADFED447A68EEA78AFFF737
:10191000ABF9424BD3ED007A37EE800ADFED400A97
:10192000F1EE007A20EE270A09F0ECFCB5EEC00AD1
:10193000F1EE10FA46D43B4B83ED000ADFED3A7A24
:1019400020EE278AB0EE480A09F022FDF0EE409A18
:10195000B0EE480A09F05CFD29EE297A68EE807A3B
:1019600037EE277A69EE407A68EEA98A77EEA87A90
:101970002E4B83ED007A2E4BC3ED007A2D4BD3ED29
:10198000000ADFED2D7A60EEA70AF1EE027AF4EE9E
:10199000E70AF1EE10FA1ADCF9EE027AF4EEE70A41
:1019A000F1EE10FA15D5F9EE020A12E000231F4AF3
:1019B00013601F4A1360214A1360214A1360FFF726
:1019C00003FC1EE0DFED167A30EE270AB3E7F1EEF6
:1019D000020A1A4B00221A60194BC3ED000A20EECE
:1019E000C00A60EEA90AFEEE007A60EE277A9FED4B
:1019F000157A60EE870A37EEE01A77EEA00AFFF755
:101A0000BDFE03B0BDEC048B5DF804FB4003002079
:101A100014030020100300203ACD133F04000020DF
:101A20000000B443D002002035FA8E3C0C030020A5
:101A3000080300200003002075029A3BEC020020FE
:101A4000E8020020D7B35D3F08B50268064B9A4212
:101A500000D008BD022001F091F8044B1B78002B48
:101A6000F7D0FFF733FFF4E7002001400403002024
:101A700008B50368064A934203D0064A934203D04E
:101A800008BD03F045FAFBE703F002FCF8E700BFEE
:101A9000005000400010014000B587B003681C4AA8
:101AA000934205D01B4A93421AD007B05DF804FB5D
:101AB00000220092184B1B68196800915968009128
:101AC0000099019219680191596801910199029256
:101AD0001A6802925B680293029B03F04DFAE4E7F6
:101AE000002203920D4B1B681968039159680391FA
:101AF0000399049219680491596804910499059214
:101B00001A6805925B680593059B03F02DFCCCE7F2
:101B10000050004000100140D42500208C250020FA
:101B200008B50F220C49002003F004FD00230BE050
:101B30000A4A03F120004FF0FF3142F8201003F170
:101B4000600042F820100133072BF1D9034B20220B
:101B50005A6003F013FCFCE7E8CA000800E100E06B
:101B600010B594B008AC30220021204607F0C0FA2E
:101B700000230393049305930693079301932A4A42
:101B8000116C41F080511164126C02F0805201928C
:101B9000019A0293254B1A6842F480421A601B682E
:101BA00003F480430293029B092308934FF480338C
:101BB000099301230D9302230E934FF480020F9299
:101BC000102210924FF4A8721192129304231393CF
:101BD000204604F033F878B10A23089300230993D0
:101BE00001220B9210210C910D9202220E920F9362
:101BF000204604F023F890B90F23039302230493A3
:101C0000002305934FF4A05306934FF4805307939A
:101C1000052103A804F076FA18B914B010BDFFF737
:101C20007FFFFFF77DFF00BF0038024000700040DB
:101C300070B52DED068B04F0EDFFFFF791FF00F07E
:101C4000A7F900F0BEFF00F071FB00F0B1FD00F05D
:101C500095FD03F00BFB03F0A1F9B14803F098F9EF
:101C6000B04803F049F9002003F04CF900F02AFADB
:101C700000F06EFA00F0AEFBAB4C0423AB4AAC496B
:101C8000204601F054F8204601F08CFA002848DB89
:101C9000A84C4FF40063A54AA549204601F047F837
:101CA000204601F07FFA00283DDB00F0CFFCFFF773
:101CB000ADFA01F0EDFA04F0D3FF9F4C206004F080
:101CC000CFFF606009229D49002003F033FC9C4A4D
:101CD000D2F8FC3043F08073C2F8FC30994B0022FC
:101CE0005A601A6842F001021A605968964A1160F7
:101CF0005A68964B1A60964B1B68964EB3FBF6F6E5
:101D0000FA2202FB06F607EE903AF8EE677AB7EE93
:101D1000007AC7EE279AFFF79FFA8F4B01221A70BD
:101D20009DE0FFF7FDFEFFF7FBFE07EE903AB8EEF1
:101D3000670A854B1C6020EE290AFFF709FC9BE02F
:101D40002846FEF7F9FF9CE09FED848A844B93EDD3
:101D5000009A844BD3ED007A39EE679A89EE08AA8F
:101D6000F3EE0E7AB4EEE7AAF1EE10FA09DCFBEE20
:101D70000E7AB4EEE7AAF1EE10FA04D5BBEE0EAA85
:101D800001E0B3EE0EAA784B93ED000AF0EEC08AA4
:101D9000B0EEC90ADFED757A20EE270A09F0D6FA0F
:101DA00038EE800AF3EE0E7AB4EEE70AF1EE10FA9E
:101DB00001DDB0EE670AB4EEC0AAF1EE10FA08DC5D
:101DC000B1EE400AB4EECA0AF1EE10FA01DCB0EE50
:101DD0004A0A9FED677A28EE077A664BD3ED007AC0
:101DE00030EE670AB4EEC07AF1EE10FA08D4B1EE24
:101DF000477AB4EEC07AF1EE10FA01DCB0EE407A28
:101E000077EE877A5B4BC3ED007A67EE887AB5EEA2
:101E1000C09AF1EE10FA04DDB4EEE79AF1EE10FA92
:101E200076D4B5EEC09AF1EE10FA69D44D4B93ED2D
:101E3000007A37EE877A83ED007A87EE887A4E4B08
:101E400083ED007AB0EE690A2046FFF709F82846CC
:101E500003F0FEF8384B5B68EB1A632B5BD803F09A
:101E60008DFA04F0FDFE0546364B5C68364B1B6868
:101E7000E31A9E427FF659AF404B1B78012B3FF48B
:101E80005FAF324A1368E31A1460374AD2ED007A22
:101E9000F5EE407AF1EE10FA10D007EE903AF8EE37
:101EA000677A67EEA97A92ED007A67EE877A2C4B13
:101EB00093ED007A77EE277AC3ED007A304B1B68FA
:101EC0000BB92F4B1C602E4A1368E31A08EE103A28
:101ED000B8EE488A28EE298A1460DFED2A7AB4EE3B
:101EE000E78AF1EE10FA3FF72FAFDFED277AB4EE75
:101EF000E78AF1EE10FA7FF529AF9FED248A25E7F6
:101F0000B4EEE79AF1EE10FA90DDF0EE497A8DE743
:101F1000F0EE497A8AE7084B5D6001F02DFA9EE702
:101F2000E11000089D10000840130020000402404A
:101F3000DC2200205405002088030020F8CA000895
:101F400000ED00E0001000E084030020AC0200205F
:101F5000A800002040420F00040300206F12833AC3
:101F6000FC020020F4020020F80200200000704370
:101F70000000F04294020020A80200200C00002083
:101F8000980200200AD7233CACC527376F1283394B
:101F90002DE9F0438BB005AD002405940694079419
:101FA000089409940094434B1A6B42F080021A6320
:101FB0001A6B02F080020092009A01941A6B42F0B0
:101FC00001021A631A6B02F001020192019A029453
:101FD0001A6B42F002021A631A6B02F002020292BA
:101FE000029A03941A6B42F004021A631A6B02F00D
:101FF00004020392039A04941A6B42F008021A63D3
:102000001B6B03F008030493049B2B4F224649F6F5
:102010000701384604F0E7FADFF8A080012240F615
:102020000401404604F0DFFADFF8949022464FF4B2
:102030004061484604F0D7FA072305930126069627
:10204000079608942946384604F0D0F940F6040370
:1020500005930696079408942946404604F0C6F96D
:102060004FF4A05305934FF4881306930794294621
:10207000404604F0BBF94FF41843059306960794C5
:1020800008942946384604F0B1F94FF440630593AB
:102090000696079408942946484604F0A7F9224674
:1020A0000621282004F068FD282004F075FD0BB0FF
:1020B000BDE8F08300380240000002400004024006
:1020C0000008024000B585B00023009301930293FD
:1020D00003931D481D4A02604FF4803242608360C2
:1020E00001220261037680F820304FF08051C162F6
:1020F0004FF060618162C3600223C36180F83020C9
:10210000426103F0D1FAB0B9062300930123019391
:102110000223029369460C4803F0C6FC70B90723FA
:102120000093022301936946074803F0BDFC40B9C0
:1021300005B05DF804FBFFF7F3FCE5E7FFF7F0FC03
:10214000EDE7FFF7EDFCF3E7D4210020002001408C
:1021500000B585B0002300930193029303931548C3
:10216000154A02604FF48032426083600361037657
:1021700080F82030C362114A8262C3600122C261CA
:1021800080F83030426103F08FFA68B9032300937E
:1021900001230193062302936946064803F084FC59
:1021A00028B905B05DF804FBFFF7BAFCEEE7FFF7CE
:1021B000B7FCF6E78C210020002201400100000F4F
:1021C000F0B58BB00023059306930793089309930A
:1021D0000368334A934204D0324A934253D00BB03F
:1021E000F0BD0446002501952F4B5A6C42F48072D5
:1021F0005A645A6C02F480720192019A02951A6B29
:1022000042F001021A631A6B02F001020292029A72
:1022100003951A6B42F004021A631B6B03F004036C
:102220000393039BE82305930327069705AE3146E6
:102230001E4804F0DBF808230593069707953146FE
:102240001B4804F0D3F81B481B4B036045608560B6
:10225000C5604FF4806303614FF4006343614FF442
:10226000005383614FF48073C3614FF40033036202
:10227000456204F049FA18B90E4BA3639C63AEE7BC
:10228000FFF74EFCF8E700230493074B5A6C42F427
:1022900080625A645B6C03F480630493049B9EE742
:1022A00000200140002201400038024000000240AE
:1022B000000802402C2100207064024010B584B058
:1022C0000023009301930293039300900123019351
:1022D00010280AD0062302936946134803F0E4FB52
:1022E00028B10024204604B010BD0723F3E70E48B0
:1022F00003F006FA80B10024F4E7013B0A4A1268B1
:10230000126812F0020F01D1002BF6D13BB9002464
:10231000054803F097FAE5E744F62063EEE7024844
:1023200003F074FB84B2F3E78C21002010B582B077
:1023300000240094264B1A6B42F400121A631A6BA5
:1023400002F400120092009A01941A6B42F4800287
:102350001A631B6B03F480030193019B2246022145
:102360000B2004F009FC0B2004F016FC224602218D
:102370000E2004F001FC0E2004F00EFC2246032186
:102380000F2004F0F9FB0F2004F006FC2246022186
:102390002F2004F0F1FB2F2004F0FEFB2246032146
:1023A0003A2004F0E9FB3A2004F0F6FB2246022131
:1023B0003C2004F0E1FB3C2004F0EEFB224603212C
:1023C000462004F0D9FB462004F0E6FB02B010BD25
:1023D0000038024008B50E480E4B03604FF482737C
:1023E000436000238360C3600222026101224261D4
:1023F0004FF400728261C3610362436283620A2305
:10240000C36204F0EBFC00B908BDFFF789FBFBE7F2
:10241000DC2200200038004030B589B0002303934F
:1024200004930593069307930268334B9A4201D0B5
:1024300009B030BD04460025019503F500331A6C40
:1024400042F480421A641A6C02F480420192019AAA
:1024500002951A6B42F002021A631B6B03F002032F
:102460000293029B4FF460430393022304930323DC
:1024700006930523079303A9204803F0B7FF2048DC
:10248000204B036045608560C5604FF48063036145
:1024900045618561C5614FF400330362456204F014
:1024A00033F918BB164BE3649C631748174B036062
:1024B0000023436040228260C3604FF48062026167
:1024C00043618361C3614FF400320262436204F0EE
:1024D0001BF970B90C4BA3649C63002204212420D7
:1024E00004F04AFB242004F057FBA1E7FFF718FB98
:1024F000D8E7FFF715FBEDE7003800400004024085
:102500007C220020586002401C22002070600240A3
:1025100010B58AB000230593069307930893099397
:1025200003682E4A934207D02D4A93422DD02D4A5C
:1025300093423ED00AB010BD002401942A4B1A6C7D
:1025400042F004021A641A6C02F004020192019A29
:1025500002941A6B42F002021A631B6B03F002032F
:102560000293029B4FF4E0730593022306930993B1
:1025700005A91E4803F03AFF224621461E2004F01A
:10258000FBFA1E2004F008FBD4E700220392164B4E
:10259000196C41F0100119641B6C03F010030393D4
:1025A000039B0321362004F0E7FA362004F0F4FA06
:1025B000C0E7002204920C4B596C41F002015964AF
:1025C0005B6C03F002030493049B02212C2004F0B3
:1025D000D3FA2C2004F0E0FAACE700BF000800407A
:1025E0000010004000040140003802400004024096
:1025F00000B587B0002301930293039304930593DE
:10260000026803F1804303F582339A4202D007B097
:102610005DF804FB002300930A4B1A6B42F004029E
:102620001A631B6B03F004030093009B4FF4E073E9
:102630000193022302930323059301A9024803F0A7
:10264000D5FEE4E7003802400008024030B597B0FC
:1026500000241294139414941594109411940994D2
:102660000A940B940C940D940E940F9420252A46F2
:10267000214601A806F03CFD3E483F4B0360446004
:10268000856041F26703C360046101234361846193
:1026900005F08EF8002852D14FF48053129312A9FE
:1026A000344805F090F900284CD1324805F0ACF8D8
:1026B00000284AD1702310930023119310A92D48AC
:1026C00005F08EFA002843D16023099300220A9274
:1026D0000B920C920D920E920F9209A9254805F0CB
:1026E000F7F8002837D1042209A9224805F0F0F8AC
:1026F000002833D1082209A91E4805F0E9F880BB5B
:102700007023099340F63C730A930C2209A91948D7
:1027100005F0DEF840BB002301930293039304937A
:1027200005934FF400520692089301A9114805F051
:102730009DFAE0B90F48FFF75BFF17B030BDFFF718
:10274000EFF9A9E7FFF7ECF9AFE7FFF7E9F9B1E730
:10275000FFF7E6F9B8E7FFF7E3F9C4E7FFF7E0F9B9
:10276000C8E7FFF7DDF9CBE7FFF7DAF9D3E7FFF7C3
:10277000D7F9DFE7342300200004014008B50A48F8
:102780000A4B03604FF4E133436000238360C3606E
:1027900003610C2242618361C36105F0BAFB00B999
:1027A00008BDFFF7BDF9FBE7D4250020005000402D
:1027B00008B50A480A4B03604FF4E1334360002335
:1027C0008360C36003610C2242618361C36105F0D1
:1027D000A0FB00B908BDFFF7A3F9FBE78C2500209B
:1027E000001001402DE9F0438BB00446002305930F
:1027F00006930793089309930368724A934205D09E
:10280000714A93427DD00BB0BDE8F083002500955E
:102810006E4B1A6C42F480121A641A6C02F4801225
:102820000092009A01951A6B42F004021A631A6B27
:1028300002F004020192019A02951A6B42F008021A
:102840001A631B6B03F008030293029B4FF480533F
:1028500005934FF00209CDF818904FF00308CDF81A
:1028600020800827099705AE3146594803F0BEFD80
:1028700004230593CDF818900795CDF8208009978B
:102880003146544803F0B2FD5348544B03604FF0B7
:10289000006343608560C5604FF4806303614561F8
:1028A0008561C5610562456203F02EFF18BB4A4B86
:1028B000E3639C634A484B4B03604FF00063436003
:1028C000402383600023C3604FF480620261436150
:1028D0008361C3610362436203F016FF70B9404B2A
:1028E000A3639C6300220221352004F045F93520C2
:1028F00004F052F987E7FFF713F9D8E7FFF710F96B
:10290000EDE700250395314B5A6C42F010025A64F2
:102910005A6C02F010020392039A04951A6B42F06B
:1029200001021A631B6B03F001030493049B4FF431
:10293000C063059302230693032308930723099397
:1029400005A9294803F052FD2848294B03604FF0A0
:10295000006343608560C5604FF480630361456137
:102960008561C5610562456203F0CEFE18BB1F4B51
:10297000E3639C631F48204B03604FF00063436098
:10298000402383600023C3604FF48062026143618F
:102990008361C3610362436203F0B6FE70B9154BF5
:1029A000A3639C6300220321252004F0E5F8252081
:1029B00004F0F2F827E7FFF7B3F8D8E7FFF7B0F82D
:1029C000EDE700BF00500040001001400038024019
:1029D00000080240000C02402C250020106002403C
:1029E000CC240020B8600240000002406C2400208B
:1029F000406402400C240020B8640240FEE7FEE779
:102A0000FEE7FEE7FEE770477047704708B504F041
:102A10001BF908BD08B5024803F06CFF08BD00BFF4
:102A20002C25002008B5024803F064FF08BD00BF54
:102A30007C22002008B5024803F05CFF08BD00BFFF
:102A40001C22002008B5024804F09BFD08BD00BF11
:102A5000C423002008B5024804F02CFC08BD00BFC8
:102A6000DC22002008B5024805F08AFB08BD00BF43
:102A70008C25002008B54FF4806003F0BBFD4FF4B7
:102A8000805003F0B7FD08BD08B5024804F079FD99
:102A900008BD00BF3423002008B5024803F02AFF18
:102AA00008BD00BFCC24002008B5024805F068FB33
:102AB00008BD00BFD425002008B5024804F061FD20
:102AC00008BD00BF7C23002008B5024803F012FFB8
:102AD00008BD00BF6C24002008B5024803F00AFFBF
:102AE00008BD00BF2C21002008B5024803F002FFFA
:102AF00008BD00BF0C24002082B0002100910B4BC8
:102B00005A6C42F480425A645A6C02F48042009239
:102B1000009A01911A6C42F080521A641B6C03F007
:102B200080530193019B02B0704700BF0038024000
:102B3000022801D801487047002070470000024079
:102B4000012804D0022804D028B9012070470220AF
:102B50007047042070470020704738B50546FFF7DE
:102B6000E7FF04462846FFF7EBFF04B100B938BD84
:102B700001220146204603F036FDF8E738B5054648
:102B8000FFF7D6FF04462846FFF7DAFF0CB10546EB
:102B900000B938BD0146204603F01EFDB0FA80F2B0
:102BA00052092946204603F01EFDF2E708B5002031
:102BB000FFF7D3FF0120FFF7D0FF0220FFF7CDFF83
:102BC00008BD08B5FFF7F2FF08BD002856D02DE973
:102BD000F04792B0884616461D460446002B50D05A
:102BE000837A002B50D00368002B41D04368002B20
:102BF00041D0571C202F04D96FF0060012B0BDE859
:102C0000F0870DF108093A460021484606F070FAAF
:102C10000DF1280A3A460021504606F069FA68F09C
:102C20007F018DF8081000222189606803F0DBFC29
:102C3000642300933B4652464946206804F00FFA4D
:102C4000074601222189606803F0CDFC77B16FF05F
:102C50000300D3E74B1C01F149026A4412F8202C0F
:102C60006A5499B28E42F5D80120C7E70021F9E7EE
:102C70006FF00100C2E76FF00100BFE74FF0FF30D7
:102C800070474FF0FF30B9E76FF00600B6E7002855
:102C900047D0F0B583B00F4616460446837A002B22
:102CA00042D00368A3B34068A8B301F07F038DF856
:102CB00004308DF805200022218903F094FC642360
:102CC000022201A9206804F0E8F8054601222189C2
:102CD000606803F088FC1DB16FF0020003B0F0BD26
:102CE0000A2003F0C3FF00238DF803300DF1030326
:102CF000012239462046FFF768FF00280EDB9DF8C9
:102D00000330B34202D06FF00400E7E70120E5E7AB
:102D10006FF00100E2E76FF00100DFE76FF0030002
:102D2000DCE74FF0FF3070476FF00900D6E7E0B105
:102D3000F8B50F4615461E46044640F6EC520021F3
:102D400006F0D6F92760656026810123A3724FF053
:102D50007E52E260226162652265E26425B11A4614
:102D60003146284603F03FFCF8BD704748B108B52E
:102D70000A46C17A914207D0C2727621FFF787FFD7
:102D800008BD4FF0FF3070470120F9E720B330B5A0
:102D900083B00C4605460021FFF7E8FF00238DF8BD
:102DA00007300DF10703012250212846FFF70DFFE0
:102DB000002814DB9DF8072022F00F0204F00F0119
:102DC0000A438DF8072050212846FFF760FF0028AE
:102DD00008DB012003B030BD4FF0FF3070476FF0CB
:102DE0000100F7E76FF00200F4E720B330B583B0DD
:102DF0000C4605460021FFF7B9FF00238DF8073088
:102E00000DF1070301224F212846FFF7DEFE0028BF
:102E100014DB9DF8072022F00F0204F00F010A4393
:102E20008DF807204F212846FFF731FF002808DBE7
:102E3000012003B030BD4FF0FF3070476FF001004C
:102E4000F7E76FF00200F4E768B110B5044600211F
:102E5000FFF78CFF012211212046FFF718FF012008
:102E600003F004FF10BD7047A8B110B582B004464E
:102E70000021FFF77BFF00238DF807300DF10703DA
:102E8000012275212046FFF7A0FE002805DB9DF8F2
:102E9000070002B010BDFF207047FF20F9E70000D7
:102EA00090B330B583B00C4605460021FFF75EFFB6
:102EB00000238DF807300DF1070301225021284629
:102EC000FFF783FE002822DB9DF8072002F01F0297
:102ED00042EA4412D2B28DF8072050212846FFF76B
:102EE000D6FE002816DBC4F10404012000FA04F425
:102EF00007EE904AF8EEE77A9FED087A67EE877A58
:102F0000C5ED037A03B030BD4FF0FF3070476FF06E
:102F10000100F7E76FF00200F4E700BF000000389F
:102F2000A0B330B583B00C4605460021FFF71EFF65
:102F300000238DF807300DF1070301224F212846A9
:102F4000FFF743FE002824DB9DF8072002F01F0254
:102F500042EA4412D2B28DF807204F212846FFF7EB
:102F600096FE002818DB012000FA04F407EE904AD0
:102F7000F8EEE77ADFED0A6A86EEA77ADFED097AE6
:102F800067EE277AC5ED047A03B030BD4FF0FF300D
:102F900070476FF00100F7E76FF00200F4E700BF41
:102FA0000000FA4400000038002834D010B588B082
:102FB000044604AB0E221D21FFF707FE00282DDB7F
:102FC00000220EE0530008A901EB420111F8100C99
:102FD00021336B4413F8103C43EA002321F8203CD2
:102FE0000132062AEED9BDF900302386BDF9023040
:102FF0006386BDF90430A386BDF90630E386BDF9CA
:1030000008302387BDF90A306387BDF90C30A387E8
:10301000012008B010BD4FF0FF3070476FF0010085
:10302000F7E7000010B50446FFF7BEFF002853DBAA
:10303000B4F9303007EE103AB8EEC77ADFED286AFF
:10304000C7EE267AB3EE097A77EE877AC4ED057A71
:1030500000233DE003F1180204EB4202B2F9022022
:1030600007EE902A94ED037AF8EEE77A67EE877A16
:1030700003F1100204EB820292ED007A77EEC77A38
:1030800003F1120204EB820292ED017A67EE877A75
:103090009A1D04EB8202C2ED007A03F11C0234F99E
:1030A000122007EE902A94ED047AF8EEE77A67EEA4
:1030B000877A03F1160204EB820292ED007A77EE32
:1030C000C77A03F1080204EB8202C2ED017A0133F0
:1030D000022BBFDD012010BD4FF0FF30FBE700BF2A
:1030E000E17A0443002850D030B585B0044603216E
:1030F000FFF716FF00284BDB00250195029503958D
:10310000B5F57A7F35D22046FFF78CFF002842DBE9
:1031100094ED097AD4ED167A37EE277ADFED207A2E
:10312000C7EE276A9DED017A37EE267A8DED017A9A
:1031300094ED0A7AD4ED176A37EE267AC7EE276A3D
:103140009DED027A37EE267A8DED027A94ED0B7AB8
:10315000D4ED186A37EE267AC7EE276ADDED037ADA
:1031600077EEA67ACDED037A012003F07FFD0135DD
:10317000C6E7019BA365029BE365039B23660021D1
:103180002046FFF7CDFE012007E04FF0FF307047EB
:103190006FF0010001E06FF0020005B030BD00BF2C
:1031A00000007A4440B310B50446FFF74DFE2046B8
:1031B000FFF75AFE472822D10F224E212046FFF763
:1031C00066FD00281EDB00212046FFF769FE00286F
:1031D0001BDB00212046FFF7A3FE002818DB04219B
:1031E0002046FFF7D3FD04212046FFF7FEFD2046D1
:1031F000FFF778FF012010BD4FF0FF3070476FF0F0
:103200000200F8E76FF00300F5E76FF00400F2E763
:103210006FF00500EFE7000010B190ED060A70476F
:103220009FED010A704700BF0000000010B190ED53
:10323000070A70479FED010A704700BF00000000B9
:1032400010B190ED080A70479FED010A704700BF6A
:103250000000000010B190ED090A70479FED010ACF
:10326000704700BF0000000010B190ED0A0A7047DF
:103270009FED010A704700BF0000000010B190ED03
:103280000B0A70479FED010A704700BF0000000065
:103290002DE9F04102223349334802F0F3FA98B99C
:1032A000304B198889B25C88A4B2304A7AB12D4B70
:1032B000188880B2B3F802C01FFA8CFC814208D192
:1032C000644506D1013AF1E7FEF72AFCE8E7A44697
:1032D00008464FF0000E7446754620E062460346ED
:1032E000204F398889B240F6E44606FB01F12048B8
:1032F000A0FB018CA1EB0C010CEB510C05EBDC25C8
:10330000798889B206FB01F1A0FB0160091A00EB84
:10331000510004EBD0240EF1010E94461846BEF184
:10332000C70F0ED84CF250310029D7D00D4A138860
:103330009BB2528892B29842D2D19445D0D10139F1
:10334000F2E70C49A1FB05239B09064AD360A1FBC8
:1033500004139B09136100235367C2F88030BDE852
:10336000F08100BF10000020D4210020400D030098
:10337000010110001F85EB5108B51020FEF79EFFDC
:10338000E0B1024640F6E44303FB02F20C4BA3FB20
:103390000213D21A03EB5203DA0AA2F53E7303EBCF
:1033A0008303DB0003F6C41003F5CB53043344F26C
:1033B00074018B4202D8034B5A61986208BD00BF6A
:1033C0000101100010000020DFED167A21EE271A0F
:1033D000154BD3ED217A9FED157A67EE877A31EEA2
:1033E000271A83ED211ADFED126A20EE260AD3EDAB
:1033F0001D7A9FED107A67EE877A30EE270A83ED0B
:103400001D0A60EEA60AD3ED207A67EE877A70EE89
:10341000A70AC3ED200A80ED000AD3F880300B60C4
:10342000704700BFCDCCCC3D100000206666663FE3
:103430003333B33E6666263F70B582B006460D460E
:10344000284C218889B240F6E44000FB01F1264B6C
:10345000A3FB01C2891A02EB5102D20A618889B228
:1034600000FB01F1A3FB0103C91A03EB5103DB0AC3
:103470006260A360E168521A00EE102AB8EEC00A3A
:1034800022699B1A00EE903AF8EEE00AFDEEC07A4F
:10349000C4ED067AFDEEE07AC4ED077AD4ED0A7A3F
:1034A000F8EEE77A002301930093694601A89FEDA7
:1034B0000F1A27EE811AFFF787FF9DED017AFDEEC7
:1034C000C77AC4ED087ADDED007AFDEEE77AC4ED47
:1034D000097A0EB186ED007A0DB1009B2B6002B027
:1034E00070BD00BF10000020010110000AD7233C6E
:1034F0004FF07E530360002343608360C360024B40
:1035000003610023037570479A99193E10B52DED9C
:10351000028B0446B0EE408AF0EE418AFFF7E8FFE6
:10352000F0EE680AB0EE480A07F0EAFEF6EE007A1E
:1035300020EE278AB0EE480A07F02AFF84ED000A41
:10354000B0EE480A07F064FF84ED020A01232375F8
:10355000BDEC028B10BD10B52DED108B0446B0EE06
:1035600061BAB0EE429AF0EE628AB0EE43EAD0ED74
:1035700000DAD0ED01CA90ED02CA90ED03DAD0ED89
:1035800004EA6CEEC0AA6CEE207A7AEEE7AA6DEE41
:10359000017A7AEEE7AAF6EE007A6AEEA7AA2DEE95
:1035A00080AA2CEE017A3AEE07AA2DEE207A3AEEA6
:1035B00047AA2AEE27AA6DEEA09A2CEE817A79EE20
:1035C000C79A2DEE007A79EE879A69EEA79A2DEECA
:1035D000818A6CEEA00A38EE208A2CEE000A38EEC2
:1035E000408A28EE278AF5EE401AF1EE10FA0AD149
:1035F000B5EE402AF1EE10FA05D1F5EE402AF1EED3
:1036000010FA00F0B8806BEE0B7A29EE097A77EEAB
:10361000877A28EEA80A37EE800A07F097FEB7EE01
:1036200000FACFEE007A6BEE271A29EE272A68EE11
:10363000A72A3DEEAD1A3CEEAC5A7CEE0C5A7DEE5C
:103640000D3AB1EE006A6DEE868A6CEE860A6CEE7B
:10365000064AB2EE004A2CEE840A2CEE044A2DEE05
:10366000AD7A6CEEAC7A6CEE0C6A2DEE0D3A68EE2B
:10367000A6BA21EEA59A7BEE89BA68EEA78A7BEE00
:10368000A8BA62EE058A7BEEE8BA20EE839A61EE74
:10369000A38A39EE689A27EE067A67EE2C8A39EE0D
:1036A000289A62EE018A39EE689A39EE609A60EEE5
:1036B000278A39EE289A20EE260A39EE009A62EE21
:1036C000A00A39EE209A67EE0C8A21EE811A78EE74
:1036D000818A24EE833A78EE838A62EE233A78EE8A
:1036E000E38A78EEE48A24EE277A78EE878A24EE5D
:1036F000264A78EE848A62EEA42A78EEA28A27EE21
:1037000086BA2BEE0DBA61EE851A3BEE61BA66EE13
:10371000866A66EE8D6A3BEE26BA22EE252A3BEEDD
:1037200042BA6BEEAB7A29EE097A77EE877A28EE09
:10373000A87A77EE877A2BEE0B0A37EE800A07F02D
:1037400005FECFEE007A6BEEA7BA29EE279A68EE57
:10375000A78A2BEE27BA6EEEABBA7AEEEBAA2EEE64
:10376000899A3AEE49AA6EEEA88A79EEE89A6EEE48
:103770008BEA38EE6E8A6AEE8EAA7AEEADAA2AEE4F
:103780000EAA3AEE2CAA69EE8E9A79EE8C9A28EE61
:103790000E8A38EE0D8A6AEEAA7A2AEE0A7A77EE57
:1037A000877A29EEA97A77EE877A28EE080A37EE2B
:1037B000800A07F0CBFDB7EE007AC7EE007A6AEE1A
:1037C000A7AAC4ED00AA2AEE27AA84ED01AA69EEF1
:1037D000A79AC4ED029A28EE278A84ED038ABDECED
:1037E000108B10BD08B590ED000AD0ED027A20EEE6
:1037F000270AD0ED037A90ED017A67EE877A30EEF2
:10380000670A30EE000A07F04FFD08BD08B5FFF764
:10381000E9FFDFED027A20EE270A08BDE12E6542BE
:103820000A88D3B258400301DBB280EA030C604639
:10383000030243EA12231BB283EACC0383EA1C137C
:103840000B80704730B583B004464FF6FF73ADF878
:10385000063006E00DF1060114F8010BFFF7E0FF5A
:1038600029464B1E9DB20029F4D1BDF8060003B0D5
:1038700030BD70B506460C4605E0314614F8010B24
:10388000FFF7CEFF2A46531E9DB2002AF5D170BD28
:103890002DE9F04FC9B08146D0F808A0D0F80CB09F
:1038A0000269436980690090D9F81C000190D9F839
:1038B00020000290D9F824000390002405E051F87C
:1038C000245008A840F8245001340F2CF7DD1020B4
:1038D00020E0811E08AC54F821504FEAF54181EAFE
:1038E000754181EA9521C51F54F825502944A0F15E
:1038F0000F0554F825604FEAB64585EAF61585EAC6
:10390000D6052944A0F1100554F82550294444F85F
:10391000201001303F28DCDDDDF80CE0029E019F25
:103920000099984614465D46D4460020CDF810A074
:10393000F246CDF814B00692079330E04FEAF12E2C
:103940008EEAB11E8EEA716ED64401EA070226EABB
:10395000010A82EA0A027244254B53F820301A44C5
:103960000DF1200E5EF820301A444FEA7C3A8AEAC4
:10397000BC0A8AEABC5A85EA040E0EEA0C0E05EA75
:10398000040B8EEA0B0ED6440130B2463E460F467B
:1039900008EB0201A0462C46654602EB0E0C3F28C0
:1039A000CCDDD646DDF810A0DDF814B0069A079BF2
:1039B0000CEB0A00C9F808005D44C9F80C50144427
:1039C000C9F810404344C9F81430009B1944C9F8A1
:1039D0001810019B1F44C9F81C70029B1E44C9F8B3
:1039E0002060039B7344C9F8243049B0BDE8F08FD0
:1039F0004CD7000800B54FF0E90C4FF0000EE6453B
:103A000020D20EEB0C0301335A0823F0010101EB25
:103A100053030E4951F8233083420ED883420FD30B
:103A200002EB4203094951F8233083420CD102EBE7
:103A3000420201EB82005DF804FB02F1FF3CDEE78D
:103A40009646DCE77246EBE70020F4E754CC00082A
:103A5000044B188880B2044B1B889BB2C01AC0F379
:103A6000080070470E2B00200C2B002080B110B5F1
:103A70000146084B1C78032C09D840F22312064853
:103A800002FB040005F0B3FB0134024B1C7010BDB7
:103A9000704700BF102D0020142D0020074B1B780D
:103AA00033B942F20F73984205D9054B1868704735
:103AB000034B186870474FF47A707047DC3200206F
:103AC0009C00002008B51C4B1B788BB11B4B93F856
:103AD0004130212B2FD01A490B881A4A128892B2F2
:103AE00012FA83F3C3F308030B80134B00221A70FE
:103AF000FFF7AEFF0246F0B1114B1B8810FA83F3BB
:103B00009BB2B3F5007F05D90D4B1A8892B2C2F56E
:103B1000007292B20B4B1A80074B01211970084BAF
:103B20001988094B13FA81F1044804F087FA10B19F
:103B3000014B00221A7008BD082B0020D42500205C
:103B40000C2B00200A2B0020102B002008B5104B56
:103B50001A88104B1B88D1B192B29BB28E469B1A29
:103B6000013BC3F30803994211D8002309E010F880
:103B700003C0094901F802C00132C2F3080201334F
:103B80009BB27345F3D3024B1A80FFF79BFF08BD2E
:103B90000E2B00200C2B0020102B00202DE9F041D3
:103BA00005460E46CC788A78FE2A01D00C3117E003
:103BB000027044708B798370CB79C3700B7A037178
:103BC0004B7A4371CA780C31063005F010FBF3785C
:103BD00006331D444FF00508002730E0013CE4B2F5
:103BE000012C04D90B1913F8013C002BF6D02A70D4
:103BF0006C703379AB707379EB70B3792B71F379A7
:103C00006B71337AAB71737AEB71737AB27A43EA80
:103C10000223F27A43EA02431B0A2B72F37A6B7295
:103C2000224605F10A0005F0E2FA04F10A031D44F8
:103C3000377917F001070FD04FF009080D273388A7
:103C40002B7033881B0A6B704FB908EB0403F8180C
:103C5000033080B2BDE8F0814FF00908EFE73A4643
:103C600006F58B71A81C05F0C2FAEEE72DE9F041CC
:103C700090B007460E461546036803EBC202026089
:103C80009A4202D2426801324260C3F3C5080CE096
:103C900007F1280022463146404405F0A8FAA04426
:103CA00026442D1BB8F1400F06D03DB3C8F14004A7
:103CB000A542EDD22C46EBE707F12802002314E0E1
:103CC00002EB830E0DEB830C9EF803100DF823100E
:103CD0009EF802108CF801109EF801108CF802106A
:103CE00012F823108CF8031001330F2BE8DD69461E
:103CF0003846FFF7CDFD4FF00008D6E710B0BDE81D
:103D0000F081F0B593B004460E460568ED08C5F1A4
:103D1000770505F03F0580238DF80030472200210C
:103D20000DF1010005F0E4F9226805F150036B4440
:103D300003F8482C23681A0A05F14F036B4403F873
:103D4000482C628805F14E036B4403F8482CE27856
:103D500005F14D036B4403F8482C626805F14C03F0
:103D60006B4403F8482C63681A0A05F14B036B4453
:103D700003F8482CE28805F14A036B4403F8482C09
:103D8000E37905F149020DEB020707F8483C05F11C
:103D9000090269462046FFF769FFE37A3370A37A88
:103DA0007370637AB370237AF370E37B3371A37B10
:103DB000737113B0F0BD0000002859D0F0B59DB06C
:103DC0000C4616461D460146007810F0010001D150
:103DD0001DB0F0BD4A78234603F8012B91ED027B1C
:103DE0008DED007B0098C4F80100BDF804209A8096
:103DF0008B68CA68013342F100028B60CA600023FD
:103E0000029303931B4B04931B4B05931B4B06938D
:103E10001B4B07931B4B08931B4B09931B4B0A939C
:103E200003F17453A3F52303A3F692430B9302AF5C
:103E3000202210313846FFF719FF2A46314638460E
:103E4000FFF714FF9DF88C2022993846FFF70EFFEC
:103E5000022224993846FFF709FF072221463846F7
:103E6000FFF704FFE11D3846FFF74BFF0D20AFE7DA
:103E70000020704767E6096A85AE67BB72F36E3C47
:103E80003AF54FA57F520E518C68059BABD9831F25
:103E90002DE9F04F89B005461E469DF84CC01B7BAE
:103EA00013F002030AD13069002868D0007810F0BE
:103EB000010F68D14FF00008474602E04FF00008BC
:103EC0004746002B63D0FE20A8709DF848C006240A
:103ED00085F803C0E9712A7200222A71B8F1000F37
:103EE00001D001222A7100226A71B279AA710132CD
:103EF000B271AA788DF81420EA788DF81520002B7D
:103F00005BD0AB798DF81630EB798DF817302B7AC2
:103F10008DF818306B7A8DF81930A246611E89B27F
:103F20000DF11500FFF78EFCADF8120005F10C093C
:103F30000DF1120BEA7849465846FFF79AFC5946AC
:103F40009DF85000FFF76CFCEB789DF8122009F803
:103F50000320EB780133BDF81220120A09F8032080
:103F6000BDF812302B80B8F1000F45D1EB789A44A0
:103F700007EB0A00023080B209B0BDE8F08F4FF0C5
:103F8000000847469DE74FF001080D2799E7FD20FF
:103F9000A87005F10C0003E00CF1FF3C5FFA8CFC0B
:103FA000BCF1010F07D900EB0C0414F8014C002CF4
:103FB000F2D00A248CE70A248AE72B798DF8163090
:103FC0006B798DF81730AB798DF81830EB798DF867
:103FD00019302B7A8DF81A306B7AAA7A43EA0223C9
:103FE000EA7A43EA02438DF81B301A128DF81C203E
:103FF0001B148DF81D3090E7EB7809EB0302029259
:104000000193CDF80090234605AA05F58B71306920
:10401000FFF7D2FEAAE7000010B588B086460C462E
:1040200094460C9A05928DF818309DF828308DF83A
:1040300019309DF82C308DF81A309DF834308DF8F9
:104040001B3003238DF81C3005AB03CBCCF80C00E0
:10405000CCF810101B788CF8143000238CF8093041
:104060008CF80A308CF80B30322302930923019329
:104070000093044B224671466046FFF709FF08B0E3
:1040800010BD00BFA82A002010B588B086460C4697
:104090009446ADF814309DF828308DF816309DF810
:1040A0002C308DF817300C9B06939DF834308DF82A
:1040B0001C309DF838308DF81D3005AB03CBD06037
:1040C00011611B88938200234D228CF809208CF803
:1040D0000A308CF80B308F2302930A2301930323B9
:1040E0000093044B224671466046FFF7D1FE08B0AC
:1040F00010BD00BFA82A002010B586B09DF8204052
:104100000494039300230293FF23019300920B4630
:1041100002469A210120FFF7B7FF06B010BD10B587
:10412000CCB003AC009313460A4601462046FFF785
:10413000E3FF2046FFF79AFC4CB010BD08B511B163
:1041400005F055F808BD04F0D3FFFBE72DE9F04179
:1041500092B006460F461446199A05928DED0A0A4A
:10416000CDED0B0A8DED0C1A1C9A0D92BDF868204E
:10417000ADF838208DF83A309DF860308DF83B303E
:10418000CDED0F1A8DED102A9DF874308DF8443066
:1041900010221B9906A8FFF7D1FF05AD04F10C0C06
:1041A0000DF14408AE46BEE80F00CCF80000CCF894
:1041B0000410CCF80820CCF80C3075460CF1100C2B
:1041C000C645EFD19EF800308CF800301D23637295
:1041D0000123A3720023E372892302933123019305
:1041E00028230093044B3A4631462046FFF750FE01
:1041F00012B0BDE8F08100BFA82A0020F0B5ABB036
:1042000005460E461446DDE93601CDE90401069364
:10421000339B0793349B08938DED090ACDED0A0A71
:104220008DED0B1ACDED0C1A8DED0D2ACDED0E2A6C
:10423000BDF8E030ADF83C30BDF8E430ADF83E30CC
:104240009DF8E8308DF8A0303B9BCDF8A1302022BE
:10425000309910A8FFF772FF2022319918A8FFF7B4
:104260006DFF2022329920A8FFF768FF95273A4674
:1042700004A904F10C0004F0BAFF1B2363720123AC
:10428000A3720023E3724A230293019790230093C1
:10429000034B324629462046FFF7FAFD2BB0F0BD0E
:1042A000A82A002070B505460C46C678212E28BFE6
:1042B000212621220021204604F01AFF324605F172
:1042C0000C01204604F093FF70BD70B505460C4606
:1042D000C678232E28BF232623220021204604F05F
:1042E00007FF324605F10C01204604F080FF70BD47
:1042F00070B505460C46C678202E28BF2026202201
:104300000021204604F0F4FE324605F10C0120465F
:1043100004F06DFF70BD000070B52DED048B8AB008
:104320000446B0EE609A0D461646F6EE007A20EE90
:10433000270ADFED1C9A60EE298AB0EE680A07F0C2
:1043400027F88DED060A9FED188A8DED078AB0EEED
:10435000680A07F05DF88DED080A8DED098A29EEEF
:10436000299A02F07DFC0346104A1288012005902C
:104370000021049106A90391029201930096B0EEE8
:10438000482AF0EE481AB0EE481AF0EE490AB0EEAC
:10439000480A2B4622469A21FFF7D8FE0AB0BDEC08
:1043A000048B70BD35FA8E3C00000000D032002036
:1043B00010B58CB0044602F053FC03469FED160A7C
:1043C000E0210B9101200A900022099208919FEDB3
:1043D000107B8DED067B04924FF4807203920F4A9E
:1043E00002920F4A01920F4A0092F0EE402AB0EE7C
:1043F000402ADFED0D1A9FED0D1AF0EE400A22461D
:104400009A21FFF7FBFE0CB010BD00BFAFF3008098
:1044100000000000000000000000000004CB0008C5
:1044200014CB00081CCB0008DB0FC93FDB0FC9BF52
:1044300010B5CAB001AC2046FFF7BAFF2046FFF71F
:1044400015FB4AB010BD00002DE9F043CDB0044685
:1044500015461E4640F2FF13984240D0B0F5007F4B
:1044600078D1D1ED007AFCEEE77A17EE903A40F27F
:104470001B12934209D040F21D1293420ED03346D4
:104480002A460321FFF74BFE68E0FFF7D1FF3346D2
:104490002A4600212046FFF742FE5FE0314B1B68B1
:1044A000B3B101AF002201920DF10808029241461A
:1044B000384698470DF10C0932462946DDED020ACF
:1044C0009DED010A4846FFF727FF4846FFF7CEFA61
:1044D00033462A4600212046FFF721FE3EE0D1ED7B
:1044E000007AFCEEE77A17EE902AD1ED017AFCEE25
:1044F000E77A17EE903A3BB11B49A1FB030189090A
:10450000B3F57A7F11D30B4640F21B118A420ED0CD
:1045100040F21D118A4216D1144A136033462A46CE
:1045200000212046FFF7FBFD18E00123ECE7104ACD
:104530001360104B01221A7033462A460021204690
:10454000FFF7EDFD0AE033462A4603212046FFF738
:10455000E6FD03E033460321FFF7E1FD4DB0BDE882
:10456000F08300BFD4320020D34D621098000020A9
:104570009C000020DC320020002800F0DC802DE9C7
:10458000F047A0B00C461546064602F1020A02F5B5
:104590008B7902F21D18002306930793674B08934B
:1045A000674B0993674B0A93674B0B93674B0C93CD
:1045B000674B0D93674B0E9303F17453A3F52303DD
:1045C000A3F692430F9306AF202200F11001384664
:1045D000FFF74CFB0A2251463846FFF747FBEA78C3
:1045E00005F10C013846FFF741FB022205F58A71FF
:1045F0003846FFF73BFB072249463846FFF736FBB4
:104600000DF1100949463846FFF77BFB062241466B
:10461000484604F05DFD30B1022386F834300020B6
:1046200020B0BDE8F08795F8167100220023CDE98F
:10463000022305F2171ED5F817010290B5F81B31B9
:10464000ADF80C300CB1002306E0032386F83430BB
:104650000020E5E701339BB222889A4214D995F8ED
:1046600007C003EBC3002044C1788C45F2D1287AFF
:1046700003EBC301214409798842EBD103EBC30169
:1046800021448978B942E5D19A4223D10F2A17D81B
:104690000299314811EB000C039840F10008B06812
:1046A000F168844578EB01000FD3E87903EBC3018F
:1046B0002144C870287A08718F70013222801DE071
:1046C000042386F834300020AAE7052386F8343026
:1046D0000020A5E700200021CDE9000103EBC30283
:1046E0002244D2F805000090B2F80920ADF8042069
:1046F000029A90420399019A8A4117D203EBC303AD
:104700001C44D5F81731C4F80530BEF80430A4F8BD
:1047100009300299039AB068F3688842934101D244
:10472000B160F260012086F8340079E7062386F84C
:104730003430002074E70120704700BF67E6096A43
:1047400085AE67BB72F36E3C3AF54FA57F520E51B2
:104750008C68059BABD9831F808D5B002DE9F043EE
:1047600083B005460C4690461F460A9E00230B70F8
:10477000CB78102B00F29E81DFE813F011001100BE
:10478000360052006D007D008D009D00AD00CC0014
:10479000E9000B0124015601560191019101B8F184
:1047A000FD0F12D0B8F1FE0F40F084810223CB70D0
:1047B0000023C37080F802800B7B43F001030B736E
:1047C0004FF0FF330370437074E10223CB7000237A
:1047D000C37080F802800B7B23F001030B734FF052
:1047E000FF330370437065E180F8038000230B7191
:1047F0000388ADF806300DF106014046FFF710F8CA
:10480000BDF806302B80237B13F0010F05D0002369
:104810002B716B710523E3704CE10323E37049E1D5
:1048200080F80480B8F1010F07D98B7801338B70C1
:1048300000230B700123CB703CE10388ADF80630F8
:104840000DF106014046FEF7EBFFBDF806302B8068
:104850000423E3702EE180F805800388ADF806306C
:104860000DF106014046FEF7DBFFBDF806302B8058
:104870000523E3701EE180F806800388ADF806305A
:104880000DF106014046FEF7CBFFBDF806302B8048
:104890000623E3700EE180F807800388ADF8063048
:1048A0000DF106014046FEF7BBFFBDF806302B8038
:1048B0000723E370FEE080F808800388ADF8063037
:1048C0000DF106014046FEF7ABFFBDF806302B8028
:1048D0000823E370EEE080F8098000238372C3723E
:1048E0000388ADF806300DF106014046FEF798FF4B
:1048F000BDF806302B80237B13F0010F07D0EB7837
:1049000013B10B23E370D5E00C23E370D2E009234D
:10491000E370CFE0437A827A43EA0223C27A43EA21
:10492000024343EA08224372C2F307238372120C44
:10493000C2720388ADF806300DF106014046FEF75D
:104940006FFFBDF806302B800A23E370B2E0437A94
:10495000827A43EA0223C27A43EA024343EA0842E4
:104960004372C3F307238372130CC3720388ADF839
:1049700006300DF106014046FEF752FFBDF8063045
:104980002B80EB7813B10B23E37093E00C23E370DF
:1049900090E000F10C030A79511C217103F80280A8
:1049A0000388ADF806300DF106014046FEF738FFEA
:1049B000BDF806302B802279EB789A427AD10C230D
:1049C000E37077E0437A827A43EA0223C07A43EACB
:1049D0000040FFF70FF88146F0B100792B88ADF861
:1049E00006300DF10601FEF71BFFBDF806302B80E7
:1049F000DBB2984515D00E23E37085F81481237936
:104A000099F80620934255D205F10C00D21A0021E4
:104A1000184404F06DFB4DE00E23E37085F814811B
:104A200048E00D23E370E8E70E2B03D00388B8EBD2
:104A3000132F11D00223237085F815812B7913F0E1
:104A4000010F0FD02378022B09D00F23E37000232E
:104A500023700D2363732DE001230B70ECE710230B
:104A6000E370F6E7236983B11A6B4AB16B7AA97ACE
:104A700043EA0123E97A43EA01412046904720B9FD
:104A80002378022B01D0032323700123E3708FB11D
:104A900040F223122946384604F0A9FB0AE04B7B7A
:104AA000C3F10D03034483F816814B7B013BDBB25A
:104AB0004B73E3B12378012B47D00FB1EB78FB7038
:104AC00066B1E378F37023793371637901337371DD
:104AD00023893381A3787381237B33730023A370ED
:104AE0002378022B3AD0207803B0BDE8F083024649
:104AF00049692069FFF740FD804668B923691A6B50
:104B000052B16B7AA97A43EA0123E97A43EA014177
:104B10002046904700B18046E378102B05D0B8F1CD
:104B2000000F0FD00123237001E002232370012323
:104B3000E370002FBED040F223122946384604F01D
:104B400056FBB7E703232370F1E7AB796371238941
:104B50000BB90022628101332381AEE7002FC2D05E
:104B600095F8143195F8152143EA02233B80BAE702
:104B700030B583B004460D4600EB40000093134669
:104B80000A461A4901EBC00140F2231C18480CFBED
:104B90000400FFF7E3FD831EDBB2012B01D903B054
:104BA00030BD124904EB4403D80001EBC3039A78EB
:104BB00001329A7000220A540122DA70FD2D01D0D0
:104BC0000020ECE704EB440201EBC2030222DA709E
:104BD000074940F2231303FB04F40B190022DA7097
:104BE0004FF0FF320A555A70EAE700BFA82A0020AA
:104BF0001C26002030B5C5B0644B9B68C3F3172357
:104C00004C2B60D021D8002B4FD04B2B40F0A580EF
:104C10005E4C09A92046FFF758FBBDF84050E379E8
:104C2000227A059204930A98FBF76EFCCDE9020103
:104C30000998FBF769FCCDE900012B46544AC821CD
:104C400012A804F0CBF9044639E0B3F58E7F40F0AA
:104C5000848009A94D48FFF74BFBDDED090AF4EE0E
:104C6000600AF1EE10FA50D69DED0B0AB4EE400A40
:104C7000F1EE10FA49D606F043FB30EE000ADFED04
:104C8000457A60EE277A17EE900AFBF73DFC3F4B22
:104C9000DA791B7A03930292CDE900013E4AC821DA
:104CA00012A804F09BF9044609E0384B1A7A0092E6
:104CB000DB793A4AC82112A804F090F90446002C86
:104CC00059DC45B030BD314C09A92046FFF7EAFA5E
:104CD000BDF84050E379227A079206930B98FBF7D0
:104CE00013FCCDE904010A98FBF70EFCCDE90201A3
:104CF0000998FBF709FCCDE900012B46284AC82199
:104D000012A804F06BF90446D9E7DDED0E7AF4EE53
:104D1000677AF1EE10FA15D61C4BDA791B7A0393F9
:104D200002929FED1C7A67EE877A17EE900AFBF7E6
:104D3000EBFBCDE900011B4AC82112A804F04EF993
:104D40000446BCE7114B1A7A0092DB79164AC82157
:104D500012A804F043F90446B1E70C4AD178D0799F
:104D6000127A029201900091104AC82112A804F010
:104D700035F90446A3E7002000F0F0FBA042A0D3E1
:104D8000224612A9002000F0D5FB9AE7AC310020A2
:104D900078CB0008E12E6542A8CB00082CCB000898
:104DA00040CB0008D8CB000804CC000828CC000871
:104DB00008B50268094B9A4200D008BD08490B8823
:104DC000084A128892B212FA83F3C3F308030B80E5
:104DD000054B00221A70FEF775FEEEE7005000400A
:104DE0000C2B00200A2B0020082B002070B110B5DE
:104DF000C6B001466846FEF7D1FE044648B10146FA
:104E00006846FEF7A3FE204646B010BD4FF0FF30C7
:104E100070476FF00100F7E710B5CEB005AC042382
:104E20000393002302930193082300931A2322463D
:104E30009A210120FFF7F0F82046FFF7D7FF4EB088
:104E400010BD10B5CAB001AC002211462046FFF7D4
:104E500063FA2046FFF7CAFF4AB010BD10B5CAB0CA
:104E600001AC2046FFF7A4FA2046FFF7BFFF4AB087
:104E700010BD00283FD010B590B00446437A827A26
:104E800043EA0223C27A43EA02434C2B03D04B2B62
:104E90001AD010B010BD07A9FFF704FA079B0093C2
:104EA000089B0193099B02930A9B03930B9B04931A
:104EB0000C9B05930D9B0693237AE2796946BDF816
:104EC0003800FFF7C1FAE4E707A9FFF7FEF9079BEF
:104ED0000093089B0193099B02930A9B0393002371
:104EE000049305930693237AE2796946BDF8380066
:104EF000FFF7AAFACDE77047014B1860704700BF73
:104F0000D4320020014B1880704700BFD0320020FF
:104F100008B5114B114A124909780020FFF728FE05
:104F200028B901220E490F4803F095FA08BD01F097
:104F300097FE0D4B186040F2231208490B4804F00D
:104F400056F90B4A1368013313600A4B1B68002B98
:104F5000E7D002489847E4E7F43200200C33002001
:104F6000F0320020D4250020EC320020AC310020AB
:104F7000A8310020E832002008B501220249034888
:104F800003F069FA08BD00BFF0320020D4250020EC
:104F9000014B1860704700BFE832002038B500248C
:104FA000194B1C60194B1C600125194BDD7001F079
:104FB00057FE184B186001F053FE174B186001F0B4
:104FC0004FFE164B1860164B64221A60154B47F2C1
:104FD00030521A60144B1C70144B1C70144B1C6024
:104FE000144B1C80144B1C80144B1C80144B1C80D5
:104FF000144B1C702A461449144803F02CFAFFF78E
:105000000BFFFFF72BFF38BDEC320020E832002009
:10501000A82A0020E4320020E0320020D83200200C
:10502000980000209C000020DC320020102D002081
:10503000D4320020D03200200E2B00200C2B002078
:105040000A2B0020082B0020F0320020D42500205D
:1050500030B583B00446304B1B68C31AB3F57A7F72
:1050600023D22046FEF71AFD20B12C4B1B68E31A11
:1050700083421FD22A4B1B68002B31D0294A156866
:1050800075B3294A1268A21A934229D800230093C3
:105090000193254B1C6001A96846A847DDED010A74
:1050A0009DED000AFFF7CDFE1AE01B4B1860FFF7DD
:1050B000B3FED6E7FEF7CCFCC830B0F5007FD9D8F8
:1050C000164B1C60FFF7CAFED4E7013BDBB2174A60
:1050D000137040F22310164A00FB0320FFF786FEF0
:1050E000124B1B78002BF0D1124B1A68124B1B6825
:1050F0009A4204D0114B1B68E31A312B03D8FEF7F8
:10510000E1FC03B030BD0B4B1A680B4B1A600B4B24
:105110001C60FFF76FFDF2E7E4320020E032002070
:1051200098000020D4320020D8320020102D00201A
:10513000142D0020A8310020A4310020A03100202F
:105140008446002210460FE04000C0B280F0070005
:105150000133DBB2072B05D810F0800FF4D14000EB
:10516000C0B2F5E7013292B28A4204D21CF8023092
:1051700058400023EEE7704708B501220249034872
:1051800003F069F908BD00BF403400208C250020E1
:1051900030B583B079238DF80730322301220DF129
:1051A00007012B4802F0E5FE032001F05FFD294BCB
:1051B0001B681BB100225A639A63DA63264C0022F3
:1051C0004FF40041204601F00EFA244D00224FF426
:1051D0008061284601F007FA00224FF4006128465A
:1051E00001F001FA00224FF48051204601F0FBF952
:1051F000174B1B68DA6822F40052DA605A6922F011
:10520000C0025A6101F054F872B64FF0E022002358
:105210001361536193610FE0114A03F120004FF0D5
:10522000FF3142F8201003F1600042F82010BFF374
:105230004F8FBFF36F8F0133072BEDD9094B1968DF
:105240005A680948836081F3088862B69047FEE790
:105250008C2500203423002000000240000802407A
:1052600000E100E00000FF1F00ED00E008B50023B2
:10527000044A1370044A1360044A1370FFF77CFF5A
:1052800008BD00BF34340020303400202F3400200B
:1052900010B501F0E5FC2F4B1A782F4B1B783BB172
:1052A0002E4B1B68C31A322B02D92B4B00211970CD
:1052B0002A4B1860284B1B78ABB95A2A0DD0264BC5
:1052C0001B78072B06D9264B1B785A2B27D0224B4D
:1052D00000221A70FFF750FF10BD581C1E490870BD
:1052E0001F49CA54EBE7012B05D0581C1A49087016
:1052F0001B49CA54E3E7A52A05D05A2A09D0164B00
:1053000000221A70DBE7581C134908701449CA546C
:10531000D5E7134B1A70104B01221A70CFE7104BD0
:105320005B78A52BD3D10E4B9B78012BCFD10C4BA7
:10533000DB78FE2BCBD10A48C4790721FFF700FFA9
:105340008442C4D1044B00221A70064B01221A7009
:10535000C2E700BF40340020343400203034002045
:10536000383400202F34002008B5034B00221A7077
:10537000FFF702FF08BD00BF3434002008B5044B1E
:105380001B7803B908BD024B00221A70FFF700FF1B
:105390002F3400200369C268934204D881688A1AB6
:1053A0001344581E7047981A013870472DE9F84386
:1053B000044688461646C5688768A7EB05099145E7
:1053C00009D94068284403F012FFBFF35F8F3544CA
:1053D000E560BDE8F88340684A46284403F007FFCB
:1053E000ED1B35442A4608EB0901606803F0FFFE17
:1053F000BFF35F8FE560ECE72DE9F843064688468A
:105400001746C5684FF000091CE0B2685B1B1A44E0
:10541000013AB3685C1B944228BF1446BC4228BFC3
:105420003C46706822464146284403F0E0FEA14411
:10543000A0443F1B2544B368AB4209D0BFF35F8F44
:10544000F5603FB133699D42DFD25B1B5A1EE0E736
:105450000025F3E74846BDE8F883000010B5154C79
:1054600078220021204603F043FE0223236163617A
:10547000114AA261114BE3614FF480632362002360
:10548000A3626362E362A2640D4AE26410222265B1
:10549000A3656365E365BFF35F8F06E0C3F10F02A9
:1054A0000849895C034AD15401330F2BF6D9BFF365
:1054B0005F8F10BD5438002048CC000854340020C1
:1054C000443400204CD80008F8B50F461646441C5A
:1054D00004EB4404164B03EBC40400EB400003EB65
:1054E000C003DD6A012D0ED0022D1AD0F5B9204679
:1054F000FFF750FF864212D8324639462046FFF762
:1055000055FF35460BE02046FFF744FF35468642FF
:1055100028BF05462A4639462046FFF747FF28465A
:10552000F8BD2046FFF768FF0546F8E70025F6E7D7
:105530005438002070B504460D461646064B1B78BD
:10554000532B05D1324629462046FFF7BDFF70BDDB
:10555000FFF784FFF6E700BF5438002008B501309C
:1055600000EB4000024B03EBC000FFF713FF08BD48
:10557000543800204A4B5A6822F440325A605A6824
:1055800041680A435A600268536823F48073536089
:1055900002685368016943EA012353600268536853
:1055A00023F0407353600268536881680B43536073
:1055B0000268936823F40063936002689368C1688B
:1055C0000B439360826A374B9A4257D002689368C4
:1055D00023F07063936002689368816A0B43936061
:1055E0000268936823F04053936002689368C16A2D
:1055F0000B4393600268936823F002039360026890
:105600009368017E43EA4103936090F82030002BB9
:105610003FD00268536843F40063536002685368E4
:1056200023F46043536001684B68426A013A43EADD
:1056300042334B600268D36A23F47003D36201687B
:10564000CB6AC269013A43EA0253CB6202689368AB
:1056500023F4007393600268936890F8301043EA73
:10566000412393600268936823F480639360026827
:105670009368416943EA81239360704702689368A5
:1056800023F0706393600268936823F04053936043
:10569000B0E70268536823F400635360CAE700BFB1
:1056A000002301400100000F38B310B50446036C1D
:1056B00043B1236C13F0100F0BD00120002384F8AA
:1056C0003C3010BDFCF77CFD0023636484F83C3063
:1056D000EFE7236C23F4885323F0020343F0020323
:1056E00023642046FFF746FF00206064236C23F00C
:1056F000030343F001032364E0E701207047000047
:1057000082B00023019390F83C30012B00F0898097
:10571000012380F83C3003689A6812F0010F13D11E
:105720009A6842F001029A60414B1B68414AA2FB11
:1057300003239B0C03EB4303019302E0019B013B1A
:105740000193019B002BF9D10268936813F0010FBC
:105750005CD0036C23F4E06323F0010343F4807313
:105760000364536813F4806F05D0036C23F4405333
:1057700043F480530364036C13F4805F1BD0436CC9
:1057800023F006034364002380F83C306FF02203CB
:105790001360294B5B6813F01F0F27D10368274A5A
:1057A000934211D002F58072934207D0244A93426B
:1057B00014D0002033E000234364E4E702F50072D4
:1057C000526812F01F0FF1D19A6812F0405F2AD18F
:1057D0009A6842F080429A60002020E002F58072D0
:1057E000526812F0100FEFD0002018E00368134A3F
:1057F000934201D0002012E09A6812F0405F14D169
:105800009A6842F080429A60002008E0036C43F0FE
:1058100010030364436C43F001034364002002B0AF
:1058200070470220FBE70020F9E70020F7E700BF00
:10583000A800002083DE1B4300230140002001401C
:105840000022014090F83C30012B19D0012380F850
:105850003C300268936823F00103936003689B68FF
:1058600013F0010F07D1036C23F4885323F00103D5
:1058700043F001030364002380F83C30184670476E
:105880000220704710B582B013460022019290F8B2
:105890003C20012A00F0A7800446012280F83C2029
:1058A0000268906810F0010F13D1906840F0010079
:1058B00090604E4A10684E4AA2FB0020800C00EB1C
:1058C0004000019002E00198013801900198002801
:1058D000F9D12268906810F4807F03D0906820F49A
:1058E000807090602268906810F0010F70D0206C7A
:1058F00020F4E06020F0010040F4807020645268E1
:1059000012F4806F05D0226C22F4405242F480528F
:105910002264226C12F4805F3BD0626C22F006029B
:105920006264002284F83C20A26B3248D063A26BF0
:1059300031481064A26B3148D06422686FF02200B5
:1059400010602068426842F080624260206882688D
:1059500042F48072826020680A4600F14C01A06B1C
:1059600000F038FF264B5B6813F01F0F23D123682C
:10597000244A934216D002F5807293420CD0224AF8
:1059800093422ED102F58072526812F0100F28D186
:1059900008E000226264C4E702F50072526812F067
:1059A0001F0FECD19A6812F0405F1AD19A6842F04A
:1059B00080429A6015E02368124A934211D19A6896
:1059C00012F0405F0DD19A6842F080429A6008E080
:1059D000236C43F010032364636C43F0010363649E
:1059E000002002B010BD0220FBE700BFA80000208D
:1059F00083DE1B43375A0008155A0008215A000855
:105A00000023014000200140002201400368D86CBF
:105A10007047704708B5806BFFF7FBFF08BD704704
:105A200008B5806B40230364436C43F00403436474
:105A3000FFF7F5FF08BD08B50346806B026C12F056
:105A4000500F25D1036C43F40073036403689A6814
:105A500012F0405F19D1027EBAB9DA6A12F4700FFF
:105A600003D09A6812F4806F0FD15A6822F0200296
:105A70005A60036C23F480730364036C13F4805F37
:105A800003D1036C43F001030364FBF7DDFF08BDA2
:105A9000026C12F0100F04D1826BD26C1846904742
:105AA000F5E7FFF7BCFFF2E730B482B000220192C5
:105AB00090F83C20012A00F0B6800346012280F8CD
:105AC0003C200A68092A40D90468E06892B202EBD7
:105AD00042021E3A4FF0070C0CFA02F220EA0202D0
:105AE000E2601C68E0680A8802EB42021E3A8D6898
:105AF00005FA02F20243E2604A68062A3CD81C68B2
:105B0000606B02EB8202053A4FF01F0C0CFA02F2B6
:105B100020EA020262631C68606B4A6802EB820240
:105B2000053AB1F800C00CFA02F202436263186849
:105B30003E4A904250D018683C4A904255D00020CE
:105B400083F83C0002B030BC70470468206992B210
:105B500002EB42024FF0070C0CFA02F220EA0202BA
:105B600022611C6820690A8802EB42028D6805FAEE
:105B700002F202432261BFE70C2A16D81D68286B87
:105B800002EB8202233A1F2404FA02F220EA020204
:105B90002A631D68286B4A6802EB8202233A0C884C
:105BA00004FA02F202432A63C1E71D68E86A02EBC5
:105BB0008202413A1F2404FA02F220EA0202EA6257
:105BC0001D68E86A4A6802EB8202413A0C8804FACE
:105BD00002F20243EA62AAE70A68122AABD1144829
:105BE000426842F480024260A5E70A68103A012A3E
:105BF000A5D80F48426842F4000242600A68102AA1
:105C00009DD10C4A12680C49A1FB0212920C02EBC6
:105C100082025200019202E0019A013A0192019A35
:105C2000002AF9D18BE702208CE700BF0020014059
:105C300000230140A800002083DE1B43002800F061
:105C4000E08170B582B00446036813F0010F3BD0C9
:105C50009F4B9B6803F00C03042B2CD09C4B9B6840
:105C600003F00C03082B21D06368B3F5803F4FD0BD
:105C7000B3F5A02F52D0964B1A6822F480321A60E6
:105C80001A6822F480221A606368002B50D000F05A
:105C9000E7FF05468E4B1B6813F4003F14D100F05C
:105CA000DFFF401B6428F5D90320B1E1884B5B6816
:105CB00013F4800FD8D0864B1B6813F4003F03D039
:105CC0006368002B00F09F81236813F0020F54D00B
:105CD0007F4B9B6813F00C0F3ED07D4B9B6803F00D
:105CE0000C03082B33D0E368002B68D0794B0122DA
:105CF0001A6000F0B5FF0546754B1B6813F0020FE4
:105D000054D100F0ADFF401B0228F5D903207FE1FC
:105D10006F4A136843F480331360B5E76C4B1A681D
:105D200042F480221A601A6842F480321A60ABE7AB
:105D300000F096FF0546664B1B6813F4003FC3D086
:105D400000F08EFF401B6428F5D9032060E1604B12
:105D50005B6813F4800FC6D15D4B1B6813F0020F14
:105D600003D0E368012B40F05081594A136823F0B7
:105D7000F803216943EAC1031360236813F0080F95
:105D800042D063696BB3534B0122C3F8802E00F0FD
:105D900067FF05464E4B5B6F13F0020F34D100F0E6
:105DA0005FFF401B0228F5D9032031E1484A136800
:105DB00023F0F803216943EAC1031360DDE7454B93
:105DC00000221A6000F04CFF0546414B1B6813F09F
:105DD000020FD2D000F044FF401B0228F5D9032067
:105DE00016E13C4B0022C3F8802E00F039FF054637
:105DF000374B5B6F13F0020F06D000F031FF401BF2
:105E00000228F5D9032003E1236813F0040F77D0AB
:105E10002F4B1B6C13F0805F33D1002301932C4B6D
:105E20001A6C42F080521A641B6C03F08053019389
:105E3000019B0125284B1B6813F4807F23D0A368A6
:105E4000012B34D0052B38D0214B1A6F22F00102E0
:105E50001A671A6F22F004021A67A368002B3DD05C
:105E600000F0FEFE06461A4B1B6F13F0020F46D1E0
:105E700000F0F6FE801B41F288339842F3D90320EC
:105E8000C6E00025D6E7144A136843F48073136014
:105E900000F0E6FE0646104B1B6813F4807FCED15F
:105EA00000F0DEFE801B0228F5D90320B0E0084A8E
:105EB000136F43F001031367CFE7054B1A6F42F0EE
:105EC00004021A671A6F42F001021A67C5E700BFA1
:105ED00000380240000047420070004000F0C0FE61
:105EE0000646524B1B6F13F0020F08D000F0B8FEAD
:105EF000801B41F288339842F3D9032088E0EDB942
:105F0000A369002B00F08380484A926802F00C02DB
:105F1000082A51D0022B17D0454B00221A6600F0F8
:105F20009FFE0446414B1B6813F0007F42D000F0F7
:105F300097FE001B0228F5D9032069E03B4A136C49
:105F400023F080531364DBE7394B00221A6600F01C
:105F500087FE0546354B1B6813F0007F06D000F026
:105F60007FFE401B0228F5D9032051E0E369226A35
:105F70001343626A43EA8213A26A5208013A43EA6F
:105F80000243E26A43EA0263284A5360284B012233
:105F90001A6600F065FE0446244B1B6813F0007F70
:105FA00006D100F05DFE001B0228F5D903202FE08A
:105FB00000202DE000202BE0012B2BD01B4B5B6839
:105FC00003F48001E269914226D103F03F02216A85
:105FD0008A4223D1616A47F6C0721A40B2EB811F30
:105FE0001ED103F44031A26A5208013AB1EB024FCC
:105FF00018D103F07063E26AB3EB026F14D1002092
:1060000006E001207047012002E0012000E00020AE
:1060100002B070BD0120FBE70120F9E70120F7E79E
:106020000120F5E70120F3E70120F1E70038024005
:106030000000474208B5314B9B6803F00C03082B66
:1060400001D02F4808BD2D4B5A6802F03F025B6813
:1060500013F4800F2CD0294B5868C0F388104FEAF6
:10606000401CBCEB000C6EEB0E0E4FEA8E1343EAA5
:106070009C634FEA8C11B1EB0C0163EB0E03DB0068
:1060800043EA5173C90011EB000C43F1000399027C
:1060900000234FEA8C2041EA9C51FAF765FD174B2B
:1060A0005B68C3F3014301335B00B0FBF3F0C9E766
:1060B000124B5868C0F388104FEA401CBCEB000C30
:1060C0006EEB0E0E4FEA8E1343EA9C634FEA8C117F
:1060D000B1EB0C0163EB0E03DB0043EA5173C90023
:1060E00011EB000C43F10003990200234FEA8C20CE
:1060F00041EA9C51FAF738FDD1E700BF0038024071
:106100000024F400002800F09B8070B50D46044682
:106110004F4B1B6803F007038B4208D2CBB24C4AAB
:106120001370136803F007038B4240F08B802368E1
:1061300013F0020F17D013F0040F04D0454A9368F0
:1061400043F4E0539360236813F0080F04D0414AEE
:10615000936843F4604393603E4A936823F0F003EE
:10616000A1680B439360236813F0010F32D063687A
:10617000012B21D09A1E012A25D9364A126812F025
:10618000020F61D033498A6822F0030213438B6007
:1061900000F066FD06462F4B9B6803F00C03626817
:1061A000B3EB820F16D000F05BFD801B41F2883309
:1061B0009842F0D9032042E0264A126812F4003FC8
:1061C000E0D101203BE0234A126812F0007FD9D1D0
:1061D000012034E01E4B1B6803F00703AB4207D9D4
:1061E000EAB21B4B1A701B6803F00703AB422DD1B8
:1061F000236813F0040F06D0164A936823F4E05383
:10620000E1680B439360236813F0080F07D0114A2D
:10621000936823F46043216943EAC1039360FFF765
:1062200009FF0C4B9B68C3F303130B4AD35CD840A4
:106230000A4B18600A4B186800F0C6FC002070BDBD
:10624000012070470120FAE70120F8E70120F6E776
:10625000003C02400038024070D80008A80000202E
:10626000A4000020014B1868704700BFA800002060
:1062700008B5FFF7F7FF044B9B68C3F38223034A7B
:10628000D35CD84008BD00BF0038024068D8000881
:1062900008B5FFF7E7FF044B9B68C3F34233034A9B
:1062A000D35CD84008BD00BF0038024068D8000861
:1062B00038B500F0D5FC0446464A136843F00103A4
:1062C0001360444B1B6813F0020F06D100F0C8FCAA
:1062D000001B0228F5D9032038BD3E4D2B6843F042
:1062E00080032B6000F0BCFC04460023AB60394BFC
:1062F0009B6813F00C0F08D000F0B2FC001B41F2B9
:1063000088339842F3D90320E6E700F0A9FC04465D
:10631000304A136823F4502313602E4B1B6813F488
:10632000003F06D000F09CFC001B6428F5D9032038
:10633000D2E700F095FC0446264A136823F08073E8
:106340001360244B1B6813F0007F06D000F088FC1C
:10635000001B0228F5D90320BEE700F081FC0446AB
:106360001C4A136823F0806313601A4B1B6813F0F8
:10637000006F06D000F074FC001B0228F5D9032042
:10638000AAE7144B144A5A60144AC3F88420DA6806
:1063900022F4F852DA60DA6822F40052DA60DA683D
:1063A00042F41F02DA60DA6842F40012DA605A6FCF
:1063B00022F001025A675A6F42F080725A67084B06
:1063C000084A1A60084B186800F0FEFB002883D0CA
:1063D000012081E700380240103000040030002026
:1063E000A80000200024F400A400002000230F2BAC
:1063F00000F2E98070B582B065E085684FEA430E2F
:10640000032404FA0EF425EA0405CC6804FA0EF419
:106410002C438460446824EA02044A68C2F30012F0
:106420009A40224342605CE0DC08083450F82420A3
:1064300003F00705AD004FF00F0E0EFA05FE22EA3D
:106440000E0E0A69AA4042EA0E0240F824205CE0DF
:10645000072200E0002202FA0EF22A4302345A4DCB
:1064600045F82420594A94686FEA0C0224EA0C0586
:106470004E6816F4801F01D04CEA0405534CA56009
:10648000E46802EA04054E6816F4001F01D04CEAE5
:1064900004054E4CE560646802EA04054E6816F493
:1064A000003F01D04CEA0405484C65602468224056
:1064B0004D6815F4803F01D04CEA0402434C226041
:1064C00001330F2B7DD801229A400C6804EA020C9C
:1064D00032EA0404F4D14C6804F00304013C012CBA
:1064E0008BD94A6802F00302032A09D0C4685D0010
:1064F0000322AA4024EA02048A68AA402243C26016
:106500004A6802F00302022A8ED004684FEA430E62
:10651000032202FA0EF224EA02044A6802F003029D
:1065200002FA0EF2224302604A6812F4403FC7D0DA
:1065300000220192264A546C44F480445464526C04
:1065400002F480420192019A9C08A51C1E4A52F84E
:10655000255003F0030E4FEA8E0E0F2202FA0EF2C0
:1065600025EA02051B4A90423FF474AF02F58062AF
:1065700090421AD002F58062904218D002F58062F3
:10658000904216D002F58062904214D002F58062EB
:10659000904212D002F58062904210D002F58062E3
:1065A00090423FF455AF082255E7012253E70222FB
:1065B00051E703224FE704224DE705224BE706226D
:1065C00049E702B070BD704700380140003C01400F
:1065D00000380240000002400369194201D0012046
:1065E0007047002070470AB18161704709048161DA
:1065F0007047704708B5054B5B69034200D108BD81
:10660000024B5861FFF7F5FFF9E700BF003C01407E
:1066100030B405682C6824F480242C60046863601E
:106620008368402B05D0036899600368DA6030BC4A
:10663000704703689A600368D960F8E710B403688C
:10664000D9B210390A4AA2FB01421209094CA25CD4
:10665000C2655F2907D96FF3090304338365806D31
:106660005DF8044B70476FF309038365F7E700BFDC
:10667000ABAAAAAA60D80008836A826992B9012BE2
:106680000AD0022B02D00BB100207047C36A13F06E
:10669000807F28D100207047C36AB3F1C07F24D027
:1066A00000207047B2F5005F09D0022B25D9032BDB
:1066B00025D1C36A13F0807F23D100207047032BBC
:1066C00003D8DFE803F01404140A00207047C36AFB
:1066D00013F0807F0DD100207047C36AB3F1C07FF3
:1066E00009D0002070470120704701207047012029
:1066F000704701207047012070470120704700203B
:10670000704701207047000070B5044600F0A8FAF9
:10671000002C5BD00546022384F83530002384F832
:1067200034302268136823F00103136023681A6869
:1067300012F0010F0AD000F093FA431B052BF5D994
:1067400020236365032084F8350070BD1A68204952
:1067500011406268A0680243E06802432069024376
:1067600060690243A0690243E0690243206A024370
:106770000A43616A04291ED01A602668756925F0EB
:106780000705636A1D43042B07D1A36A1D43E36A0F
:106790001BB12046FFF770FF90B975612046FFF7E7
:1067A0004DFFE26D3F23934083600020606501232D
:1067B00084F83530C9E7E16A206B01430A43DBE71F
:1067C00040236365012084F83500BEE70120BCE763
:1067D0003F8010F038B50446856D90F834000128EC
:1067E0002AD0012084F8340094F83500012804D020
:1067F000002384F83430022038BD022084F83500AC
:10680000002060652046FFF703FFE26D3F239340C1
:10681000AB602268136843F016031360236C23B146
:106820002268136843F0080313602268136843F07A
:10683000010313600020DFE70220DDE770B50446A6
:10684000866D00F00DFA94F83530022B06D08023C7
:106850006365002384F83430012070BD054622684A
:10686000136823F0160313602268536923F0800332
:106870005361236CE3B12268136823F008031360AB
:106880002268136823F00103136023681B6813F068
:10689000010F11D000F0E4F9431B052BF5D920239B
:1068A0006365032084F83500002384F83430D4E78E
:1068B000A36C002BDFD1E3E7E26D3F239340B3608D
:1068C000012384F83530002084F83400C5E790F8BF
:1068D0003530022B03D08023436501207047052308
:1068E00080F835300268136823F00103136000203C
:1068F00070470000F0B583B0044600230193724B4B
:106900001D68724BA3FB0535AD0A876D3E68C26DED
:1069100008239340334210D003681A6812F0040F22
:106920000BD01A6822F004021A60C26D082393404B
:10693000BB60436D43F001034365E26D0123934067
:10694000334209D02268526912F0800F04D0BB6034
:10695000636D43F002036365E26D042393403342A9
:1069600009D02268126812F0020F04D0BB60636D78
:1069700043F004036365E26D10239340334224D057
:106980002268126812F0080F1FD0BB6023681A68D3
:1069900012F4802F0DD01B6813F4002F04D1236C48
:1069A0009BB12046984710E0A36C73B120469847EE
:1069B0000BE01A6812F4807F03D11A6822F00802F3
:1069C0001A60236C0BB120469847E26D2023934058
:1069D000334254D02268126812F0100F4FD0BB60BF
:1069E00094F83530052B0ED023681A6812F4802FE6
:1069F00033D01B6813F4002F2AD1636C002B3ED0D8
:106A0000204698473BE02268136823F01603136082
:106A10002268536923F080035361236CA3B1226879
:106A2000136823F008031360E26D3F239340BB60BB
:106A3000012384F83530002384F83430236D002B93
:106A40003FD0204698473CE0A36C002BE7D1EBE712
:106A5000E36BA3B12046984711E01A6812F4807FD7
:106A600009D11A6822F010021A60012384F8353027
:106A7000002384F83430E36B0BB120469847636DF4
:106A8000FBB1636D13F0010F17D0052384F8353087
:106A90002268136823F001031360019B0133019303
:106AA000AB4204D823681B6813F0010FF5D1012312
:106AB00084F83530002384F83430E36C0BB1204681
:106AC000984703B0F0BD00BFA8000020B5814E1B61
:106AD000002807DB00F01F02400901239340024A0F
:106AE00042F82030704700BF00E100E0002808DBDA
:106AF0000901C9B200F1604000F5614080F800135F
:106B0000704700F00F000901C9B2014B19547047DA
:106B100014ED00E000B500F00700C0F1070CBCF177
:106B2000040F28BF4FF0040C031D062B0FD9C31E02
:106B30004FF0FF3E0EFA0CF021EA000199400EFAE8
:106B400003FE22EA0E0241EA02005DF804FB002384
:106B5000EEE70000074AD36823F4E0631B041B0C34
:106B6000000200F4E060034343F0BF6343F40033EA
:106B7000D360704700ED00E010B50446054BD868BF
:106B8000C0F30220FFF7C6FF01462046FFF7AEFF25
:106B900010BD00BF00ED00E008B5FFF799FF08BD8C
:106BA0000138B0F1807F0BD24FF0E0235861054AE5
:106BB000F02182F823100020986107221A617047A3
:106BC0000120704700ED00E010B504460E4B1A7826
:106BD0004FF47A73B3FBF2F30C4A1068B0FBF3F096
:106BE000FFF7DEFF68B90F2C01D901200AE000226F
:106BF00021464FF0FF30FFF7BFFF054B1C60002020
:106C000000E0012010BD00BFA0000020A80000206F
:106C1000A400002008B50B4B1A6842F400721A60F9
:106C20001A6842F480621A601A6842F480721A602C
:106C30000320FFF78FFF0F20FFF7C6FFFBF75CFF76
:106C4000002008BD003C0240034A1168034B1B783A
:106C50000B441360704700BFCC380020A000002018
:106C6000014B1868704700BFCC38002038B5044687
:106C7000FFF7F6FF0546B4F1FF3F02D0044B1B7847
:106C80001C44FFF7EDFF401BA042FAD338BD00BF04
:106C9000A00000202DE9F04782B00546884617463F
:106CA0001E46FFF7DDFF0A9B1B1A03EB0609FFF7E1
:106CB000D7FF8246284B1B68C3F3CB3309FB03F392
:106CC00001932B689C6838EA04040CBF012300235D
:106CD000BB423DD0B6F1FF3FF3D0FFF7C1FFA0EBC1
:106CE0000A00484503D2019B73BB9946E9E72A682D
:106CF000536823F0E00353606B68B3F5827F0BD0D9
:106D0000AB6AB3F5005F14D0012385F8513000233E
:106D100085F8503003201CE0AB68B3F5004F02D07B
:106D2000B3F5806FECD12A68136823F04003136039
:106D3000E6E72A68136823F4005313602A6813688F
:106D400043F400531360DFE7019B013B0193B8E775
:106D5000002002B0BDE8F087A800002070B584B024
:106D600004460D46164600920B4601220221FFF70B
:106D700091FFD0B9174B1B68174AA2FB03235B0D89
:106D80004FF47A7202FB03F303936368B3F5827FD7
:106D900011D0039B3BB1039B013B039323689B688A
:106DA00013F0800FF5D104B070BD636D43F0200384
:106DB00063650320F7E700962B46002280212046DA
:106DC000FFF768FF0028EED0636D43F02003636592
:106DD0000320E8E7A8000020819F5E1600285AD013
:106DE00010B50446436A33B94368B3F5827F05D0D2
:106DF0000023C36102E00023036143610023A36217
:106E000094F85130002B40D0022384F8513022688E
:106E1000136823F040031360636803F48273A2686D
:106E200002F404421343E26802F40062134322694D
:106E300002F002021343626902F001021343A269E5
:106E400002F400721343E26902F038021343226A2B
:106E500002F080021343A26A02F400522168134335
:106E60000B60638B03F00403626A02F01002216876
:106E700013434B602268D36923F40063D36100207D
:106E80006065012384F8513010BD84F850302046ED
:106E9000FBF7C2FAB8E7012070472DE9F04383B051
:106EA0000446894690461D46FFF7DAFE94F85130B5
:106EB000012B40F0CD800646DFB2B9F1000F00F0A3
:106EC000C880B8F1000F00F0C48094F85030012B56
:106ED00000F0C380012384F85030032384F851303C
:106EE00000236365C4F83090A4F83480A4F8368099
:106EF000A363A387E38763642364A368B3F5004FA8
:106F00001ED023681A6812F0400F03D11A6842F0AD
:106F100040021A60E368B3F5006F1CD0636813B1D8
:106F2000B8F1010F5FD1226B236812781A73236BBB
:106F300001332363E38E9BB2013B9BB2E38652E0B5
:106F40002268136823F0400313602268136843F437
:106F500080431360D5E7636813B1B8F1010F15D111
:106F6000226B23681288DA60236B02332363E38E7B
:106F70009BB2013B9BB2E38608E0FFF771FE801BEA
:106F8000A84202D3B5F1FF3F15D1A5B1E38E9BB264
:106F9000002B42D023689A6812F0020FEDD0226BCA
:106FA0001288DA60236B02332363E38E9BB2013BCA
:106FB0009BB2E386EAE7012384F85130002384F88A
:106FC0005030032745E0226B12781A73236B01338C
:106FD0002363B4F836C01FFA8CFC0CF1FF3C1FFA97
:106FE0008CFCA4F836C0E38E9BB2B3B123689A68D8
:106FF00012F0020FE7D1FFF733FE801BA84202D345
:10700000B5F1FF3F01D1002DEDD1012384F85130BE
:10701000002384F8503003271BE0324629462046DF
:10702000FFF79CFE08B120236365A36833B9019381
:107030002368DA6801929B680193019B012384F81D
:107040005130002384F85030636D13B9002700E0FD
:107050000227384603B0BDE8F0830227F9E72DE99F
:10706000F04383B00446884691461F460A9DFFF7C9
:10707000F7FD064694F851306268012B0BD0D9B267
:10708000B2F5827F40F00481A368002B40F00481B8
:10709000042940F00381B8F1000F00F00181B9F13B
:1070A000000F00F0FF80002F00F0FE8094F85030B9
:1070B000012B00F0FB80012384F8503094F851300C
:1070C000042B02D0052384F8513000236365C4F8F3
:1070D0003890E787A787C4F83080E786A7862364BF
:1070E000636423681A6812F0400F03D11A6842F0F3
:1070F00040021A60E368B3F5006F11D063680BB10A
:10710000012F0BD1226B236812781A73236B013382
:107110002363E38E9BB2013B9BB2E386012771E0C0
:1071200063680BB1012F0BD1226B23681288DA60E0
:10713000236B02332363E38E9BB2013B9BB2E38656
:1071400001271BE023689A6812F0010F0ED0E28F2E
:1071500092B25AB1DA68A36B1A80A36B0233A363AD
:10716000E38F9BB2013B9BB2E3870127FFF778FDDA
:10717000801BA84202D3B5F1FF3F1ED1E38E9BB224
:107180001BB9E38F9BB2002B62D023689A6812F080
:10719000020FD7D0E28E92B2002AD3D0002FD1D0E6
:1071A000226B1288DA60236B02332363E38E9BB277
:1071B000013B9BB2E3860027C4E7012384F85130EA
:1071C000002384F85030032063E023689A6812F0AB
:1071D000010F0ED0E28F92B25AB1DA68A36B1A7027
:1071E000A36B0133A363E38F9BB2013B9BB2E387A5
:1071F0000127FFF735FD831BAB4202D3B5F1FF3FFB
:107200001ED1EDB1E38E9BB213B9E38F9BB2FBB1FC
:1072100023689A6812F0020FD7D0E28E92B2002A49
:10722000D3D0002FD1D0226B12781A73236B013385
:107230002363E38E9BB2013B9BB2E3860027C4E746
:10724000012384F85130002384F85030032020E0DB
:10725000324629462046FFF781FD90B9A36833B92D
:1072600001932368DA6801929B680193019B0123D3
:1072700084F85130002384F85030636D4BB1012005
:1072800007E020236365002384F85030012000E0EC
:10729000022003B0BDE8F0830220FAE70220F8E7FD
:1072A0000120F6E70120F4E70120F2E70220F0E7F1
:1072B0007047000030B585B0044602685168936895
:1072C000C3F3801013F0400F05D113F0010F02D06B
:1072D00011F0400F68D113F0020F02D011F0800FAF
:1072E00066D1C3F3401513F0200F03D110B913F486
:1072F000807F60D011F0200F5DD070B194F8510004
:1073000003285AD0606D40F00400606500200090B2
:10731000D068009090680090009865B1606D40F072
:10732000010060650020029090680290106820F0D3
:1073300040001060029A13F4807F09D0636D43F01F
:10734000080363650023039323689B680393039BEF
:10735000636D002B2FD02268536823F0E003536045
:10736000012384F8513011F0030F2ED022685368A6
:1073700023F003035360E36C4BB1164A1A65E06CCB
:10738000FFF7A5FA18B1636D43F040036365A36C82
:107390008BB1104A1A65A06CFFF799FA58B1636D6A
:1073A00043F04003636506E0236C2046984702E003
:1073B000636C2046984705B030BD00230193D36825
:1073C000019393680193019BF5E72046FFF770FF57
:1073D000F1E700BFD973000808B5806B0023C387AD
:1073E000C386FFF765FF08BD30B4036A026A22F066
:1073F000010202624268846924F0730C0C6844EA5A
:107400000C0423F0020C8B6843EA0C03114DA842D4
:1074100003D005F58065A84205D123F00803CD68A7
:107420002B4323F004030B4DA84203D005F58065E0
:10743000A84207D122F440724D6945EA020C8A69DC
:1074400042EA0C02426084614A684263036230BCD3
:10745000704700BF0000014030B4036A026A22F4A2
:10746000807202624268C46924F0730C0C6844EABA
:107470000C0523F400738C6843EA0423114CA042EA
:1074800003D004F58064A04206D123F40063CC68E5
:1074900043EA042323F480630A4CA04203D004F59A
:1074A0008064A04207D122F440524C6942EA04129F
:1074B0008C6942EA04124260C5614A68C263036291
:1074C00030BC70470000014030B4036A026A22F405
:1074D000805202624468C26922F4E6420D6842EAC0
:1074E000052223F400538D6843EA0533094DA84271
:1074F00003D005F58065A84204D124F480444D6989
:1075000044EA85144460C2614A680264036230BC84
:10751000704700BF0000014010B4036A046A24F001
:1075200001040462846924F0F00C4CEA021223F096
:107530000A030B43826103625DF8044B704710B489
:10754000036A046A24F010040462846924F4704C11
:107550004CEA023223F0A00343EA01138261036282
:107560005DF8044B7047836823F070030B4343F0CE
:1075700007038360704770477047704770477047D4
:10758000704770B504460368DE681D6915F0020F88
:1075900010D016F0020F0DD06FF002021A61012315
:1075A000037703689B6913F0030F5ED0FFF7E6FFD4
:1075B0000023237715F0040F12D016F0040F0FD01C
:1075C00023686FF004021A610223237723689B6902
:1075D00013F4407F4FD02046FFF7D0FF00232377DE
:1075E00015F0080F12D016F0080F0FD023686FF0B7
:1075F00008021A61042323772368DB6913F0030F61
:1076000040D02046FFF7BAFF0023237715F0100F74
:1076100012D016F0100F0FD023686FF010021A610D
:10762000082323772368DB6913F4407F31D0204699
:10763000FFF7A4FF0023237715F0010F02D016F007
:10764000010F2DD115F0800F02D016F0800F2FD131
:1076500015F0400F02D016F0400F31D115F0200F79
:1076600002D016F0200F33D170BDFFF786FF204601
:10767000FFF785FF9CE72046FFF77FFF2046FFF7D7
:107680007EFFABE72046FFF778FF2046FFF777FF46
:10769000BAE72046FFF771FF2046FFF770FFC9E702
:1076A00023686FF001021A612046FFF765FFC9E702
:1076B00023686FF080021A61204600F001FBC7E7E3
:1076C00023686FF040021A612046FFF759FFC5E7B3
:1076D00023686FF020021A61204600F0F0FAC3E739
:1076E0000368324A904212D0B0F1804F0FD0A2F519
:1076F0007C4290420BD002F58062904207D002F5A6
:107700008062904203D002F57842904203D123F088
:1077100070034A681343254A90422AD0B0F1804F43
:1077200027D0A2F57C42904223D002F5806290429D
:107730001FD002F5806290421BD002F57842904241
:1077400017D002F57052904213D002F58062904239
:107750000FD002F5806290420BD0A2F59832904291
:1077600007D002F58062904203D002F58062904219
:1077700003D123F44073CA68134323F080034A699A
:1077800013438A68C2620A688262084A904203D040
:1077900002F58062904201D10A690263026842F0F8
:1077A0000402026001224261036070470000014050
:1077B00040B310B5044690F83D30F3B1022384F88D
:1077C0003D30214651F8040BFFF78AFF012384F86E
:1077D000463084F83E3084F83F3084F8403084F8F6
:1077E000413084F8423084F8433084F8443084F8DF
:1077F000453084F83D30002010BD80F83C30FAF769
:1078000087FEDBE70120704740B310B5044690F8CF
:107810003D30F3B1022384F83D30214651F8040B8A
:10782000FFF75EFF012384F8463084F83E3084F889
:107830003F3084F8403084F8413084F8423084F896
:10784000433084F8443084F8453084F83D300020DB
:1078500010BD80F83C30FFF78EFEDBE7012070475B
:1078600030B4036A026A22F010020262446882693C
:1078700022F4E6420D6842EA052223F020038D68D7
:1078800043EA0513114DA84203D005F58065A842CF
:1078900006D123F08003CD6843EA051323F04003AB
:1078A0000A4DA84203D005F58065A84207D124F40B
:1078B00040644D6944EA85048D6944EA8504446066
:1078C00082614A688263036230BC704700000140F5
:1078D00038B590F83C30012B66D004460D460123A4
:1078E00080F83C300C2A5AD8DFE802F00759595981
:1078F0001B5959593059595944000068FFF774FD14
:107900002268936943F0080393612268936923F026
:10791000040393612268936929690B4393610020F2
:107920003EE00068FFF79CFF2268936943F4006320
:1079300093612268936923F4806393612268936959
:10794000296943EA01239361002029E00068FFF7D9
:1079500083FD2268D36943F00803D3612268D369A9
:1079600023F00403D3612268D36929690B43D361EF
:10797000002015E00068FFF7A7FD2268D36943F4F3
:107980000063D3612268D36923F48063D3612268E2
:10799000D369296943EA0123D361002000E0012073
:1079A000002384F83C3038BD0220FCE710B4846822
:1079B00024F47F4C42EA03220A4342EA0C0282602A
:1079C0005DF8044B704790F83C30012B78D010B52F
:1079D0000446012380F83C30022380F83D300268E1
:1079E000936823F47F4323F0770393600B68602B45
:1079F0004CD023D8402B54D011D8202B03D00AD8F8
:107A00000BB1102B05D119462068FFF7ACFD002003
:107A100028E0012026E0302BF5D0012022E0502B79
:107A20000AD1CA6849680068FFF776FD50212068CE
:107A3000FFF799FD002015E0012013E0B3F5805F0A
:107A40003AD0B3F5005F14D0702B37D1CB684A68B9
:107A500089680068FFF7AAFF2268936843F07703FC
:107A600093600020012384F83D30002384F83C30EB
:107A700010BDCB684A6889680068FFF797FF2268E5
:107A8000936843F4804393600020EBE7CA68496839
:107A90000068FFF754FD60212068FFF764FD0020B7
:107AA000E0E7CA6849680068FFF736FD40212068B2
:107AB000FFF759FD0020D5E70020D3E70120D1E7EB
:107AC0000220704701F01F014FF0010C0CFA01FC7D
:107AD000036A23EA0C030362036A8A4013430362C6
:107AE0007047000010B504460846002941D194F8BB
:107AF0003E30013B18BF0123002B6BD100284ED133
:107B0000022384F83E30012201462068FFF7DAFFA5
:107B10002368324A934203D002F58062934203D134
:107B20005A6C42F400425A6423682C4A934246D06D
:107B3000B3F1804F43D0A2F57C4293423FD002F58F
:107B4000806293423BD002F58062934237D002F5C7
:107B50007842934233D002F5705293422FD0A2F56F
:107B6000943293422BD01A6842F001021A6000202E
:107B70002FE0042907D008290BD094F84130013BAD
:107B800018BF0123B8E794F83F30013B18BF012329
:107B9000B2E794F84030013B18BF0123ACE704285A
:107BA00005D0082807D0022384F84130ABE7022330
:107BB00084F83F30A7E7022384F84030A3E79A68AF
:107BC00002F00702062A07D01A6842F001021A6082
:107BD000002010BD0120FCE70020FAE70000014072
:107BE00090F83C20012A3DD010B40346012280F8D1
:107BF0003C20022280F83D2002685068946820F002
:107C0000700C086840EA0C0050601A6816488242FE
:107C10001AD0B2F1804F17D0A0F57C40824213D029
:107C200000F5806082420FD000F5806082420BD068
:107C300000F57840824207D000F57050824203D0B0
:107C4000A0F59430824204D124F080044968214395
:107C50009160012283F83D20002083F83C005DF80C
:107C6000044B70470220704700000140024690F824
:107C70003C30012B21D0012380F83C30CB6823F429
:107C800040738868034323F480634868034323F404
:107C900000630868034323F480530869034323F413
:107CA00000534869034323F48043C9690B431168B7
:107CB0004B64002082F83C007047022070477047F8
:107CC0007047026802F10C0353E8003F23F49073FD
:107CD0000C3242E800310029F3D1026802F11403AA
:107CE00053E8003F23F00103143242E80031002939
:107CF000F3D1036B012B05D0202380F84230002301
:107D000003637047026802F10C0353E8003F23F05D
:107D100010030C3242E800310029F3D1ECE790F86F
:107D20004130212B01D0022070478368B3F5805F7A
:107D300017D0036A5A1C02621A7803685A60C38C0F
:107D40009BB2013B9BB2C3844BB90268D36823F05A
:107D50008003D3600268D36843F04003D3600020FF
:107D600070470369002BE4D1036A1B880268C3F3E0
:107D700008035360036A02330362E0E710B5044668
:107D80000268136923F44053C1680B43136183688D
:107D900002691A4343691A43C3691A430168CB68ED
:107DA00023F4164323F00C031343CB60026853699A
:107DB00023F4407381690B4353610368314A934252
:107DC00006D002F58062934202D0FEF751FA01E03C
:107DD000FEF75EFAE369B3F5004F29D000210318DE
:107DE00049411B1841F10001C90041EA5371DB0010
:107DF000181863684FEA83024FEA937341F1000158
:107E0000F8F7B2FE204AA2FB00314909642303FBC4
:107E100011031B013233A2FB03235B0903F0F002C1
:107E200002EB011203F00F03216813448B6010BDB5
:107E30000023021843EB0301121841F10001C900AD
:107E400041EA5271D200101841F1000162689218A3
:107E50005B41F8F789FE0C4AA2FB00314909642313
:107E600003FB1103DB003233A2FB03235B095A003F
:107E700002F4F87202EB011203F0070321681344C5
:107E80008B60D4E7001001401F85EB512DE9F043D2
:107E900083B005460E4617469946DDF828802B68C4
:107EA0001C6836EA04040CBF01240024BC4228D11B
:107EB000B8F1FF3FF3D0FEF7D3FEA0EB0900404539
:107EC00023D8B8F1000F22D02B68DA6812F0040F23
:107ED000E5D0802EE3D0402EE1D01A6812F0080FD2
:107EE000DDD0002401941A6801925B680193019B24
:107EF0002846FFF7E6FE08236B6485F84040012022
:107F000000E0002003B0BDE8F0830320FAE703207F
:107F1000F8E760B310B5044690F8413013B324235A
:107F200084F841302268D36823F40053D36020469C
:107F3000FFF724FF2268136923F49043136122683A
:107F4000536923F02A0353612268D36843F4005332
:107F5000D36000206064202384F8413084F84230EC
:107F6000606310BD80F84030FAF73CFCD7E7012091
:107F700070472DE9F04182B01E4690F84130202B29
:107F800056D104460D469046002955D00AB9012025
:107F90004FE000234364212380F84130FEF760FE68
:107FA0000746A4F82480A4F82680A368B3F5805F70
:107FB00002D04FF0000814E023692BB34FF0000803
:107FC0000FE0202384F84130032032E038F8023BF0
:107FD0002268C3F308035360E28C92B2013A92B272
:107FE000E284E38C9BB293B100963B460022802151
:107FF0002046FFF74BFF0028E3D1002DE6D015F80F
:10800000012B23685A60E7E7A8460025E9E70096B8
:108010003B46002240212046FFF738FF18B92023B5
:1080200084F8413005E0202384F84130032000E04B
:10803000022002B0BDE8F0810120FAE790F841305B
:10804000202B10D189B192B101628284C2840023B5
:108050004364212280F841200168CA6842F080020E
:10806000CA601846704702207047012070470120FF
:10807000704708B50168CA6822F04002CA60202231
:1080800080F84120FCF794FE002008BD08B5806B05
:108090000023C385F9F700FD08BD704790F8423012
:1080A000222B69D18368B3F5805F4FD0826AB3F524
:1080B000805F04D0002B56D10369002B53D1036895
:1080C0005B681370836A01338362C38D9BB2013B8B
:1080D0009BB2C385002B51D100B583B00268D36831
:1080E00023F02003D3600268D36823F48073D36045
:1080F0000268536923F001035361202380F8423062
:1081000000234363036B012B33D100230363026815
:1081100002F10C0353E8003F23F010030C3242E855
:1081200000310029F3D103681A6812F0100F06D04D
:10813000002201921A6801925B680193019B818D74
:10814000FFF7ABFF002003B05DF804FB0269002AD3
:10815000ACD1826A03685B68C3F308031380836A47
:1081600002338362B1E703685B6803F07F03137037
:10817000A8E7F9F77DFCE5E702207047002070478B
:1081800010B582B0044602681368D068516913F0D4
:108190000F0F09D113F0200F0CD010F0200F09D0D1
:1081A0002046FFF77BFF16E011F0010115D110F416
:1081B000907F12D1216B012979D013F0800F03D069
:1081C00010F0800F40F0218113F0400F03D010F029
:1081D000400F40F01E8102B010BD13F0010F06D019
:1081E00010F4807F03D0626C42F00102626413F0ED
:1081F000040F04D019B1626C42F00202626413F001
:10820000020F04D019B1626C42F00402626413F0F0
:10821000080F07D010F0200F00D119B1626C42F0A6
:1082200008026264626C002AD5D013F0200F02D0DD
:1082300010F0200F29D123685B6903F04003626CC2
:1082400012F0080F00D163B32046FFF73AFD236810
:108250005B6913F0400F20D0226802F1140353E849
:10826000003F23F04003143242E800310029F3D1EB
:10827000E36B73B1694A1A65E06BFEF728FB0028CF
:10828000A9D0E06B036D9847A5E72046FFF706FFEE
:10829000D1E72046F9F700FC9DE72046F9F7FCFB03
:1082A00099E72046F9F7F8FB0023636493E713F09E
:1082B000100F82D010F0100F3FF47FAF0023019316
:1082C0001368019353680193019B536913F0400FA6
:1082D0005FD0E26B13685B689BB2002B4AD0A18D24
:1082E000994247D9E385D369B3F5807F37D02268B7
:1082F00002F10C0353E8003F23F480730C3242E890
:1083000000310029F3D1226802F1140353E8003F41
:1083100023F00103143242E800310029F3D122682E
:1083200002F1140353E8003F23F04003143242E803
:1083300000310029F3D1202384F842300023236345
:10834000226802F10C0353E8003F23F010030C32C3
:1083500042E800310029F3D1E06BFEF76FFA022307
:108360006363A18DE38D9BB2C91A89B22046FFF7E2
:1083700094FE30E7A18D99427FF42DAFD369B3F518
:10838000807F7FF428AF022363632046FFF785FEDA
:1083900021E7A18DE38D9BB2C91A89B2E38D9BB20F
:1083A000002B3FF418AF00293FF415AF226802F10B
:1083B0000C0353E8003F23F490730C3242E8003082
:1083C0000028F3D1226802F1140353E8003F23F0A0
:1083D0000103143242E800300028F3D1202384F84E
:1083E000423000232363226802F10C0353E8003F6C
:1083F00023F010030C3242E800300028F3D10223AE
:1084000063632046FFF749FEE5E62046FFF787FC59
:10841000E1E62046FFF72DFEDDE600BF8D80000877
:1084200081628285C28500234364222380F8423022
:10843000036923B10268D36843F48073D360026890
:10844000536943F0010353610268D36843F020038A
:10845000D3600020704708B590F84230202B08D137
:1084600049B10AB9012008BD00230363FFF7D8FF13
:10847000F9E70220F7E70120F5E70000034AD2F808
:10848000883043F47003C2F88830704700ED00E094
:1084900010B503460C4A0D490D48006840B10C4820
:1084A00000680344521A934206D8094A136010BD6B
:1084B0000748084C0460F2E700F06CFE0C230360F0
:1084C0004FF0FF30F3E700BF000002200010000073
:1084D000D0380020203A00200120704708B500F075
:1084E00059FE162303604FF0FF3008BD08B54FF06A
:1084F000FF31FFF7F3FFFEE770B50C461646002587
:1085000006E0AFF30080214601F8010B01350C466F
:10851000B542F6DB304670BD70B50C4616460025F8
:1085200004E014F8010BAFF300800135B542F8DB2D
:10853000304670BD4FF0FF3070474FF400534B6032
:10854000002070470120704700207047DFF834D0CA
:10855000FFF794FF0C480D490D4A002302E0D45860
:10856000C4500433C4188C42F9D30A4A0A4C00237D
:1085700001E013600432A242FBD300F011FEF9F7D0
:1085800057FB70470000022000000020740200200A
:1085900014E0000874020020203A0020FEE72DE9D4
:1085A000FF4757EC106B002F0C4619463B46BBBFEC
:1085B00007F100431F4600232D230B700D9BDDF8B0
:1085C00030A0914623F02008BCBF32461646B8F1D1
:1085D000460F05D0B8F1450F00D10134022100E06B
:1085E000032103AB019302AB009347EC106B53469E
:1085F000224600F095FEB8F1470F054619D119F053
:10860000010F0ED000EB040900220023304639464A
:10861000F8F73AFA08B1CDF80C903022039B4B459D
:108620001ED3039B0E9A5B1B2846136004B0BDE863
:10863000F087B8F1460F00EB0409E5D10378302B41
:108640000AD10022002330463946F8F71DFA18B93E
:10865000C4F10104CAF80040DAF800309944D3E7C5
:10866000591C03911A70D9E7F7B50029BABF4942DE
:108670002D232B2309290270437029DD0DF10704F6
:1086800025460A272246B1FBF7F607FB16133033BF
:1086900002F8013C0B46632B04F1FF343146F1DC58
:1086A0003031931E04F8011C411C1C46AB420AD316
:1086B0000DF109039B1AA54238BF0023821C134405
:1086C000181A03B0F0BD13F8016B01F8016FEDE764
:1086D000302330318370C170031DF1E72DE9F04F75
:1086E0008DB00C46DDF8588016461F46054600F052
:1086F00007FD036806931846F7F79AFD00230A93CF
:10870000D8F8003094F818A0D4F800B007900733D8
:1087100023F00703B3EC027B8DED047BC8F8003037
:10872000DDE9048323F0004984ED127B9C4B4FF07C
:10873000FF3240464946F8F7D9F970BB984B4FF0E5
:10874000FF3240464946F8F7B3F930BBDDE9040192
:1087500000220023F8F7A2F910B12D2384F843304A
:10876000904A914BBAF1470F8CBF9046984603232D
:1087700023612BF0040323604FF000090097334678
:108780000BAA2146284600F0D1F9013040F08C8038
:108790004FF0FF300DB0BDE8F08FDDE90423104647
:1087A0001946F8F7A3F940B1059B804A002BBCBFDE
:1087B0002D2384F843307E4BD4E763685A1C0AF0BB
:1087C000DF093BD1062363604BF480620023226003
:1087D00003930AABCDE901A309AB009361689DED5A
:1087E000040B0DF123032846FFF7D9FEB9F1470F1B
:1087F0000999804629D1C81C02DB63688B4241DAA3
:10880000AAF1020A5FFA8AFA0139524604F15000CD
:108810000991FFF729FF0A9A1318012A814623615B
:1088200002DC2268D20701D5013323619DF8233091
:10883000002BA3D02D2384F843309FE7B9F1470FD5
:10884000C2D1002BC0D10123BDE7BAF1650FDBD93E
:10885000BAF1660F18D1002963680BDD216113B9E5
:108860002268D00702D501330B442361A1654FF084
:108870000009DBE713B92268D20701D50233F4E718
:108880000123F2E74FF0670A0A9B8B4205DC23685D
:108890002161D807EAD54B1CE7E70029D4BFC1F115
:1088A000020201221344E0E723685A0507D4236932
:1088B000424631462846B84701302BD168E7BAF125
:1088C000650F40F2DD80D4E9120100220023F8F7A1
:1088D000DBF8002833D0374A012331462846B84711
:1088E00001303FF455AFDDE90938434502DB236829
:1088F000D8070FD5DDE9062331462846B8470130B1
:108900003FF446AF4FF0000908F1FF3804F11A0AAE
:10891000C84509DC23689B0700F10381E0680B9BD5
:108920009842B8BF184635E70123524631462846DB
:10893000B84701303FF42CAF09F10109E8E7099B82
:10894000002B39DC1B4A012331462846B847013049
:108950003FF41EAFDDE9093959EA030302D1236868
:10896000D907D7D5DDE9062331462846B847013077
:108970003FF40EAF4FF0000A04F11A0B099B5B4263
:10898000534501DC4B4693E701235A4631462846BE
:10899000B84701303FF4FCAE0AF1010AEEE700BF30
:1089A000FFFFEF7F84D8000880D800088CD800082B
:1089B00088D8000890D80008A36DDDF828A053459A
:1089C000A8BF5346002B994636DC4FF0000B29EA2E
:1089D000E97904F11A02A36D0493A3EB09035B4543
:1089E00031DC099B9A453ADC2368DA0737D4099BC6
:1089F000AAEB0309049BAAEB03039945A8BF994678
:108A0000B9F1000F33DC4FF0000829EAE97904F1ED
:108A10001A0B099BAAEB0303A3EB090343457FF75A
:108A200079AF01235A4631462846B84701303FF412
:108A3000AFAE08F10108ECE7424631462846B84798
:108A40000130C2D1A4E60123314628460492B8473A
:108A500001303FF49DAE049A0BF1010BBBE7DDE959
:108A6000062331462846B8470130C0D190E6049A23
:108A70004B46424431462846B8470130C3D187E6C9
:108A8000DDF828A0BAF1010F01DCDB0736D50123A0
:108A9000424631462846B84701303FF479AEDDE919
:108AA000062331462846B84701303FF471AED4E979
:108AB0001201002200230AF1FF3AF7F7E5FFC0B9DF
:108AC000534608F1010231462846B84701300CD11F
:108AD0005EE601235A4631462846B84701303FF446
:108AE00057AE08F10108D045F3DB4B4604F15002C4
:108AF000DFE64FF0000804F11A0BF4E701234246C9
:108B0000E1E701234A4631462846B84701303FF4A1
:108B10003FAE08F10108E3680B995B1A4345F0DCAE
:108B2000FCE64FF0000804F11909F4E72DE9F047DD
:108B3000164698468A680B69DDF820909342B8BFC4
:108B40001346336091F8432007460C460AB10133BF
:108B500033602368990642BF336802333360256867
:108B600015F0060506D104F1190AE36832689B1A6C
:108B7000AB4226DC94F843302268003B18BF012347
:108B800092062BD404F1430241463846C8470130CF
:108B90001ED02368226903F00603042B02BFE56898
:108BA0003368ED1AA3680CBF25EAE57500259342EA
:108BB000C4BF9B1AED1800261A34B5421AD1002002
:108BC00008E00123524641463846C847013003D1E8
:108BD0004FF0FF30BDE8F0870135C6E7E1185A1CB9
:108BE000302081F84300224494F8451082F8431065
:108BF0000233C7E70123224641463846C8470130C1
:108C0000E6D00136D9E700002DE9F0430D7E85B0AE
:108C1000782D90460C9E07460C46994601F143027A
:108C200007D8622D0AD8002D00F0D780582D00F00B
:108C3000BC8004F1420684F842503BE0A5F1630396
:108C4000152BF6D801A151F823F000BFA58C000820
:108C5000B98C0008338C0008338C0008338C000872
:108C6000338C0008B98C0008338C0008338C000862
:108C7000338C0008338C0008C18D0008E38C000899
:108C8000738D0008338C0008338C0008E38D0008D6
:108C9000338C0008E38C0008338C0008338C000808
:108CA0007B8D000833681A1D1B68326004F1420690
:108CB00084F842300123A1E033682068191D316037
:108CC000060601D51D6803E04506FBD5B3F9005043
:108CD000002D03DA2D236D4284F843305B480A23CC
:108CE00011E021683368080653F8045B02D4490692
:108CF00048BFADB23360237E54486F2B5CD108234C
:108D0000002184F843106668A660002E05DB216808
:108D10002E4321F00401216050D01646B5FBF3F13B
:108D200003FB115C10F80CC006F801CDAC4663459E
:108D30000D46F3D9082B0BD12368DB0708D523692F
:108D400061689942DEBF302306F8013C06F1FF3628
:108D5000921B2261CDF80090434603AA2146384673
:108D6000FFF7E4FE01304ED14FF0FF3005B0BDE813
:108D7000F083236843F0200323603548782584F886
:108D800045502368316813F0800F51F8045B03D11C
:108D900013F0400F18BFADB23160D90744BF43F0A4
:108DA000200323601DB11023AAE72848E7E72368C2
:108DB00023F020032360F6E70A23A1E71646B9E76C
:108DC000336825686169181D30602E061B6801D55F
:108DD000196002E06806FBD519800023236116465E
:108DE000B8E733681A1D32601E6862680021304699
:108DF000F7F7CEF908B1801B606063682361002338
:108E000084F84330A6E72369324641463846C847CE
:108E10000130A9D023689B0713D4E068039B9842D4
:108E2000B8BF1846A2E70123324641463846C84734
:108E3000013099D00135E36803995B1AAB42F2DC4B
:108E4000EBE7002504F11906F5E700BF92D800080A
:108E5000A3D80008002310B50446C0E90033C0E9D8
:108E60000433836081814366C2818361194608228D
:108E70005C3000F03DF90D4B63620D4BA3620D4B6E
:108E8000E3620D4B23630D4B24629C4206D003F139
:108E90006802944202D0D0339C4205D104F15800BC
:108EA000BDE8104000F0A0B910BD00BF4990000817
:108EB0006B900008A3900008C9900008D4380020E7
:108EC000024A0349034800F06BB800BFAC00002021
:108ED0009DAB0008BC00002041680C4B994210B5C6
:108EE000044601D001F05AFEA168094B994202D014
:108EF000204601F053FEE168064B994204D020461B
:108F0000BDE8104001F04ABE10BD00BFD4380020BB
:108F10003C390020A43900200C4B0D4A0D4810B5F7
:108F200004211A600022FFF795FF0A4B01221C461C
:108F3000092103F16800FFF78DFF04F1D000022240
:108F4000BDE810401221FFF785BF00BF0C3A00209A
:108F5000C18E0008D4380020014800F046B900BF97
:108F6000153A0020014800F041B900BF153A002031
:108F700010B50446FFF7F0FF236A1BB1BDE81040AF
:108F8000FFF7F0BF044B2362044B1B68002BF5D1A5
:108F9000FFF7C2FFF2E700BFD98E00080C3A0020AD
:108FA0002DE9F8430746884614460026D4E9019582
:108FB000B9F1010905D52468002CF7D13046BDE888
:108FC000F883AB89012B07D9B5F90E30013303D0F3
:108FD00029463846C04706436835E9E70CB430B542
:108FE000184B0C1E1D689DB008DA8B232B604FF0C8
:108FF000FF301DB0BDE8304002B070474FF402733F
:10900000ADF814304FF000031B9314BF04F1FF338D
:109010002346049307934FF6FF7302900690ADF832
:109020001630209A21AB02A92846019301F03CFC9E
:10903000431CBCBF8B232B60002CDAD0029B002288
:109040001A70D6E7B800002010B50C46B1F90E1022
:1090500000F07CF80028ABBF636DA3891B1823F4D4
:109060008053ACBF6365A38110BD2DE9F0411F465D
:109070008B89DB0505460C46164605D5B1F90E1061
:109080000223002200F050F8A389B4F90E1023F453
:109090008053A38132463B462846BDE8F04100F0AC
:1090A00067B810B50C46B1F90E1000F03DF8B4F9F0
:1090B0000C30421C0BBF23F4805343F48053A38134
:1090C000A38118BF606510BDB1F90E1000F01CB887
:1090D00010B501390244904201D1002005E0037827
:1090E00011F8014FA34201D0181B10BD0130F2E767
:1090F00002440346934200D1704703F8011BF9E78D
:1091000000487047F801002038B5064D002304469A
:1091100008462B60FFF70EFA431C02D12B6803B1FF
:10912000236038BD103A002038B5074D0446084684
:10913000114600222A601A46FFF706FA431C02D1A4
:109140002B6803B1236038BD103A002038B5074DB5
:1091500004460846114600222A601A46FFF7CCF959
:10916000431C02D12B6803B1236038BD103A0020A4
:1091700038B5074D04460846114600222A601A46B3
:10918000FFF7CAF9431C02D12B6803B1236038BD35
:10919000103A0020014B1868704700BFB80000204B
:1091A00070B50D4B0D4D5B1B9C100026A64209D1DE
:1091B00003F08CFC0A4D0B4B5B1B9C100026A64257
:1091C00005D170BD55F8043B98470136EEE755F8D8
:1091D000043B98470136F2E70CE000080CE0000879
:1091E0000CE0000810E000087047704770470A4420
:1091F000914200F1FF3300D1704710B511F8014BD7
:1092000003F8014F9142F9D110BD2DE9F74F0369E1
:109210000C69A34207467EDB013C01F11408A30060
:1092200000F11405009305EB8403019358F82430F2
:1092300055F8242001339A4208EB8409B2FBF3F677
:109240002ED34FF0000AC446AE46D3465CF8043B2A
:1092500098B206FB00A0020C1B0C06FB0323DEF8F1
:10926000002080B292B2121A5A44DEF800004FEA8F
:10927000134A9BB2C3EB224303EB104392B242EA80
:109280000342E1454EF8042B4FEA234BDED2009B0C
:10929000EB582BB9019B043B9D421A462FD33C61EE
:1092A000384601F095F9002825DB2946002058F8BA
:1092B000042BD1F800C01FFA82FE1FFA8CF3A3EB37
:1092C0000E030344120CC2EB234202EB1C429BB27E
:1092D00043EA0243C14541F8043B4FEA2240E6D24B
:1092E00055F8242005EB840322B9043B9D421A461D
:1092F0000BD33C610136304603B0BDE8F08F1268F5
:10930000043B002ACBD1013CC6E71268043B002A8B
:10931000EFD1013CEAE70020EEE70000000000008A
:109320002DE9F04F99B08DED0E0B0C92C269229C85
:109330000A9157EC106B8146139382B9102000F00C
:1093400015FE0246C9F81C0020B9AB4BEF21AB4813
:1093500001F076FC0023C0E901330360C3601168AB
:1093600059B152684A60012393408B60484600F02F
:10937000F1FED9F81C3000221A60B7F10008B5BF21
:1093800001230023236023609D4BBCBF28F00048CD
:10939000CDF83C8033EA08031AD1139AC8F31308B6
:1093A00042F20F7358EA0608136000F06885239BA9
:1093B00053B9944B21E0944B00930833239A1360E4
:1093C000009819B0BDE8F08F8E4B00930333F5E79A
:1093D0009DED0E7B002251EC170B00238DED067BDB
:1093E000F7F752FB824650B1139A01231360239B77
:1093F00013B1239A854B1360854B0093E0E79DEDF5
:10940000060B16AA17A9484601F096F95FEA185408
:10941000169D019079D0079BCDF850A0C3F313039C
:10942000DDE9060143F07F5343F44013A4F2FF3417
:1094300019460022774BF6F707FF69A3D3E900230B
:10944000F7F7BAF868A3D3E90023F6F7FFFE06465C
:1094500020460F46F7F746F865A3D3E90023F7F750
:10946000ABF802460B4630463946F6F7EFFE0646A5
:109470000F46F7F751FB002280460023304639465D
:10948000F7F70CFB48B14046F7F72CF832463B465D
:10949000F7F7FAFA08B908F1FF38B8F1160F51D802
:1094A0005D4B03EBC803D3E90023DDE90601F7F7C1
:1094B000F5FA002848D008F1FF38002312932D1B3D
:1094C0006B1E089343BF0023C5F1010708930027D3
:1094D000B8F1000F3ADB089BCDF834804344089381
:1094E000002309930A9B092B62D8052BC4BF043BB8
:1094F0000A930A9BA3F10203CCBF00240124032B8F
:1095000062D8DFE803F05153362B179C2C4404F249
:109510003243202BC1BFC3F1400308FA03F804F221
:10952000124326FA03F3D6BFC3F1200348EA03002F
:1095300006FA03F0F6F7C6FF0122A1F1F873013C29
:10954000149275E70123B9E71290B8E7C8F1000358
:1095500009930023A7EB08070D93C3E701230B939F
:109560000C9B434405930133012B0493B8BF0123A3
:1095700006E001230B930C9B002B28DDCDE904337F
:10958000D9F81C000021042202F114059D4223D9C0
:109590004160484600F0A0FD0090002840D11F4BDC
:1095A000024640F2AF11D2E60023E3E70023D6E7FC
:1095B00001240023CDE90A344FF0FF33CDE9043311
:1095C000002212230C92DBE701230B93F4E7012323
:1095D000CDE904331A46F5E701315200D4E700BF64
:1095E00061436F63A787D23FB3C8608B288AC63FA9
:1095F000FB799F501344D33FC1D80008D8D8000846
:109600000000F07FBDD80008B4D8000891D8000849
:1096100090D800080000F83F28DA000831D9000887
:10962000D9F81C30009A1A60049B0E2B00F2A1801E
:10963000002C00F09E80B8F1000F36DD9E4B08F044
:109640000F0203EBC20318F4807FD3E900AB4FEAAB
:10965000281516D0994BDDE90601D3E90823F7F761
:10966000D5F8CDE9020105F00F050324934E75B935
:10967000DDE9020152465B46F7F7C8F882468B46A1
:109680002DE09DED067B02248DED027BEEE7E907E0
:1096900008D550465946D6E90023F6F78DFF013428
:1096A00082468B466D100836E1E700F0AD80C8F1C8
:1096B0000005814B814E05F00F0203EBC203D3E995
:1096C0000023DDE90601F6F777FF2D1182468B4670
:1096D00000230224002D40F08C80002BCED1129B61
:1096E000002B00F09580764B002250465946F7F744
:1096F000D5F9002800F08C80049B002B00F08880B6
:10970000059B002B35DD08F1FF3302935046594687
:109710006C4B0022F6F750FF059E82468B460134C3
:109720002046F6F7DFFE52465B46F6F745FF664BEE
:109730000022F6F78BFD0446A1F15075CDE91045E6
:10974000002E69D1614B002250465946F6F77CFD48
:1097500022462B4682468B46F7F7BEF9002840F09A
:109760009482224605F1004350465946F7F796F990
:1097700020BB179B002BC0F26081B8F10E0F00F3E5
:109780005C814D4B03EBC803D3E900AB0C9B002B72
:1097900080F2EE80049B002B00F3EA800ED14B4B4D
:1097A000002250465946F6F707FF02460B46DDE910
:1097B0000601F7F77DF9002800F06A8200252C46A3
:1097C0000C9B009EDB430293274600242946484613
:1097D00000F0C0FC002F00F0C1802CB1BC4203D0CF
:1097E0002146484600F0B6FC3946484600F0B2FC37
:1097F000B4E0EA0705D5D6E90023F6F7DDFE01342B
:1098000001236D10083665E7DDE906AB022466E743
:10981000049ECDF8088083E7274B03EBC60353E98A
:1098200002010B9B002B55D002460B460020284915
:10983000F6F7ECFFDDE91023F6F706FD009BCDE916
:1098400010019D191E4659465046F7F765F9044622
:10985000F6F748FE02460B4650465946F6F7F4FC2A
:109860003034DDE9102306F8014B82468B46F7F7CA
:1098700015F9002872D152465B4611490020F6F7CF
:10988000E3FCDDE91023F7F709F9002840F0B68082
:10989000AE423FF46EAFDDE910010A4B0022F6F74D
:1098A0008BFE084BCDE91001002250465946F6F7D1
:1098B00083FE82468B46C6E728DA000800DA0008F5
:1098C0000000F03F0000244000001C400000144055
:1098D0000000E03FDDE91023F6F76EFE009B009DDF
:1098E000CDE910013344159359465046F7F714F962
:1098F0000446F6F7F7FD30340B460246594650460B
:10990000F6F7A2FC05F8014B159B9D4282468B465B
:1099100027D1009B0022DDE910011E44B34BF6F76E
:1099200095FC02460B4650465946F7F7D5F80028F5
:1099300064D1DDE91023AD490020F6F785FC02462D
:109940000B4650465946F7F7A9F800283FF411AFE7
:10995000334616F8012D302AFAD01E46DDF808806D
:109960003AE0A34B0022F6F727FE82468B46BBE780
:10997000009E52465B46DDE90601F6F747FFF7F722
:10998000CBF80746F6F7AEFD52465B46F6F714FEF7
:1099900002460B46DDE90601F6F756FC07F1300CEE
:1099A000009C06F801CBA6EB040C049C644502461F
:1099B0000B4633D1F6F74AFC52465B4604460D4649
:1099C000F7F78AF8C0B952465B4620462946F7F7B2
:1099D0005BF808B1FB070FD40199484600F0BAFBC9
:1099E0000023139A337008F101031360239B002BAB
:1099F0003FF4E6AC1E60E3E4CDF8088033461E4633
:109A000013F8012D392A06D1009A9A42F7D1029A09
:109A100001320292302201321A709FE7744B002209
:109A2000F6F7CAFD02460B46CDE9062300220023C5
:109A3000F7F72AF800289CD0CEE70B9A002A00F00E
:109A4000E3800A9A012A00F3C280149A002A00F0E7
:109A5000BA8003F23343099D3E46089A01211A4415
:109A600048461F44089200F029FC044656B1089B62
:109A7000002B07DDB342089AA8BF3346FF1AF61A37
:109A8000D31A0893099B0BB30B9B002B00F0C380E8
:109A9000002D00F0BD8021462A46484600F0CEFC4D
:109AA000019A01460446484600F01EFC0199824690
:109AB000484600F04FFB099B5B1B099300F0AE800A
:109AC000099A5146484600F0B9FC019001214846E8
:109AD00000F0F4FB0D9B0546002B00F0D7811A46E1
:109AE0000146484600F0AAFC0A9B012B054600F3FC
:109AF0009D800E9B002B40F094800F9BC3F31303BB
:109B0000002B40F08E800F9B23F000431B0D1B05A4
:109B1000002B00F08980089B0133013708934FF038
:109B2000010A0D9B002B00F0B7812B6905EB830325
:109B3000186900F077FBC0F12000089B184410F072
:109B40001F007ED0C0F12003042B72DD089BC0F102
:109B50001C000344074406440893002F05DD0199C7
:109B60003A46484600F0C6FC0190089B002B05DDF4
:109B700029461A46484600F0BDFC0546129B002BBC
:109B800061D00198294600F023FD00285BDA08F136
:109B9000FF330293019900230A22484600F0FCFAA1
:109BA0000B9B0190002B00F07981002321460A22B3
:109BB000484600F0F1FA059B002B044672DC0A9B34
:109BC000022B49DC6EE0169BC3F1360343E7049B8E
:109BD0005D1E099BAB420DDB5D1B049B002BBFF69A
:109BE0003BAF049BFE1A002337E700BF0000E03FB5
:109BF00000002440099B0D9A0995EB1A1A440D9216
:109C0000049B3E46002528E7099D0B9C3E462DE718
:109C1000DDF804A054E7099A019953E7CDF804A0B0
:109C200054E74FF0000A7CE79A467AE74FF0000AC3
:109C30007BE792D0089A1C331A441F441E440892B2
:109C40008BE70346F6E7049BCDF80880002B23DC66
:109C500005930A9B022B21DD059B002B7FF4B0AD01
:109C600029460522484600F097FA01460546019824
:109C700000F0AEFC00287FF7A3AD009E312306F86C
:109C8000013B029B013302939EE535462C46F4E7E7
:109C9000049DCDF80880F9E7049B05930B9B002BEE
:109CA00000F00081002E05DD21463246484600F0D6
:109CB00021FC0446BAF1000F5AD06168484600F012
:109CC0000BFA064628B9824B024640F2EF21FFF715
:109CD0003EBB22690232920004F10C010C30FFF706
:109CE00086FA01223146484600F004FC0746009BF4
:109CF000009A03F1010B059B134406930E9B03F09E
:109D0000010308930BF1FF33294601980493FFF7F1
:109D10007CFA2146059000F1300A019800F058FCC9
:109D20003A4680462946484600F06EFCC268064620
:109D300002BB0146019800F04BFC02463146484602
:109D4000099200F007FADDE9092342EA0301089BC2
:109D500019435E4610D1BAF1390F2BD0B8F1000F7C
:109D600002DD059B03F1310A049B83F800A02DE579
:109D70002746BCE70122E1E7B8F1000F06DB0A9BAA
:109D800048EA0308089B58EA030820D1002AEBDDC3
:109D900001990122484600F0ADFB2946019000F0F0
:109DA00017FC002803DCDFD11AF0010FDCD0BAF178
:109DB000390FD6D1049A3923137033461E46013B1E
:109DC00016F8012C392A52D001321A70FEE4002A0A
:109DD00007DDBAF1390FEDD0049A0AF101031370CF
:109DE000F4E4069B0BF801AC5B452AD001990023F3
:109DF0000A22484600F0D0F9BC4201904FF000031F
:109E00004FF00A022146484606D100F0C5F9044643
:109E100007460BF1010B75E700F0BEF93946044621
:109E200000230A22484600F0B7F90746F1E7059BF0
:109E30005E1E002B009BD8BF00265A1C27461644E6
:109E4000002401990122484600F054FB2946019064
:109E500000F0BEFB0028B0DC02D11AF0010FACD13B
:109E600033461E4613F8012D302AFAD0AEE4009A8C
:109E70009A42A3D1029B013302933123AFE7239B84
:109E8000002B7FF498AA134BFFF7B7BA0A9B012B5C
:109E90007FF72FAEDDF834A001204EE6059B002BA6
:109EA0007FF7D7AE009E01982946FFF7AEF900F183
:109EB000300A009B06F801ABF21A059B9342B6DD0F
:109EC000019900230A22484600F066F90190EAE76A
:109ED00031D90008B4D8000838B50546002941D06A
:109EE00051F8043C0C1F002BB8BFE41800F0E8F850
:109EF0001D4A136833B9636014602846BDE83840D2
:109F000000F0E4B8A34208D9206821188B4201BFB1
:109F100019685B6809182160EDE71A465B680BB1A8
:109F2000A342FAD911685018A0420BD1206801440D
:109F3000501883421160E0D118685B685360084490
:109F40001060DAE702D90C232B60D6E720682118CD
:109F50008B4204BF19685B68636004BF0918216005
:109F60005460CAE738BD00BF1C3A0020024B0146CE
:109F7000186800F025B800BFB800002070B50F4E7B
:109F80000C463168054611B900F04AFE30602146A2
:109F9000284600F045FE431C03D14FF0FF34204615
:109FA00070BDC41C24F00304A042F8D0211A284636
:109FB00000F036FE0130F2D1EFE700BF183A002082
:109FC0002DE9F843CD1C25F0030508350C2D38BFCD
:109FD0000C25002D064601DBA94204D90C23336071
:109FE0000020BDE8F883DFF8D48000F069F8D8F8E5
:109FF00000301C4644BB29463046FFF7BFFF431CD8
:10A00000044658D1D8F800402746002F43D1002CF1
:10A010004BD023683946304604EB030900F000FEBC
:10A02000814542D121686D1A29463046FFF7A6FFC7
:10A0300001303AD023682B442360D8F800305A68A6
:10A0400062BBC8F800700FE02268521B20D40B2AB4
:10A0500017D96119A342256018BF5960636808BF0A
:10A06000C8F8001062514B60304600F02FF804F140
:10A070000B00231D20F00700C21A1CBF1B1AA3509F
:10A08000AFE76268A3420CBFC8F800205A60EBE754
:10A0900023466468AEE73C467F68B6E71A465B68CD
:10A0A000A342FBD100235360DEE70C23336030462C
:10A0B00000F00CF894E70560D6E700BF1C3A0020DA
:10A0C0000148FFF792B800BF143A00200148FFF79B
:10A0D0008DB800BF143A002070B5C46905460E461D
:10A0E00084B91020FFF742FF0446E86128B9024610
:10A0F000164B17486B2100F0A3FD0023C0E9013384
:10A100000360C360E36853B921220421284600F0AC
:10A11000B5FDEB69E060DB680BB9002070BD53F85A
:10A12000260030B1026843F826200023C0E903333B
:10A13000F4E7012101FA06F4621D9200284600F0BE
:10A140009DFD0028E9D0C0E90164EEE7C1D8000810
:10A1500042D9000870B5C66905460C4676B910208C
:10A16000FFF704FF0246E86120B9094B09488F2137
:10A1700000F066FDC0E901660660C6603CB1EB69AF
:10A180006268DB6853F82210216043F8224070BDFA
:10A19000C1D8000842D900082DE9F0410D690746F1
:10A1A0000C461E4601F1140C0020DCF8003099B278
:10A1B00002FB01611E0C0B0C02FB063389B201305D
:10A1C00001EB034185424CF8041B4FEA1346ECDCDB
:10A1D0000EB3A368AB4219DC616838460131FFF762
:10A1E0007BFF804628B902460C4B0D48BA2100F08F
:10A1F00027FD2269023204F10C0192000C30FEF7B7
:10A20000F6FF21463846FFF7A5FF444604EB8503D9
:10A2100001355E6125612046BDE8F08131D9000835
:10A2200042D90008B0F5803F034636BF0304002042
:10A230001020B3F1807F3CBF1B020830B3F1805F78
:10A240003CBF1B010430B3F1804F3CBF9B00023088
:10A25000002B05DB13F0804F00F1010008BF202028
:10A2600070470368024613F007000BD0D90721D4CA
:10A27000980749BF5B089B08012013605CBF13600F
:10A280000220704799B209B91B0C1020D9B209B944
:10A2900008301B0A190704BF1B090430990704BFC3
:10A2A0009B080230D90703D45B0800F1010003D0FA
:10A2B00013607047002070472020704710B50C468F
:10A2C0000121FFF709FF024628B9054B054840F276
:10A2D000451100F0B5FC01234461036110BD00BFCE
:10A2E00031D9000842D900082DE9F04FD1F810907B
:10A2F000D2F810A0D14585B08846144604DB5346F9
:10A300000C46CA4690469946A36861680AEB09065E
:10A31000B342B8BF0131FFF7DFFE30B90246454B0B
:10A3200045484FF4B17100F08BFC00F1140505EBCA
:10A3300086072B460022BB421FD304F1140C08F100
:10A3400014010CEB8A0301EB890202921A1B153AE5
:10A3500022F0030215349C4288BF00220192029A27
:10A3600003918A420CD8002E03DD57F8043D002BE0
:10A370005DD0066105B0BDE8F08F43F8042BDAE745
:10A38000B1F800A0BAF1000F24D0E046A9464FF082
:10A39000000E58F8042BD9F800401FFA82FBA4B233
:10A3A0000AFB0B444FEA124BD9F8002074444FEAE1
:10A3B000124E0AFB0BE202EB1442A4B244EA02443E
:10A3C000434549F8044B4FEA124EE2D8019AAA18C5
:10A3D000C2F804E0039AB2F802800431B8F1000F29
:10A3E00023D02A68E6469146AA464FF0000BBEF8F5
:10A3F000004008FB04B404EB194492B242EA044260
:10A400004AF8042B5EF8042BDAF800904FEA124B5E
:10A410001FFA89F208FB0B2202EB144273454FEA44
:10A42000124BE4D8019C2C196260043597E7013E79
:10A4300099E700BF31D9000842D900082DE9F84357
:10A44000174612F0030280460D4607D0264C013A0B
:10A45000002354F82220FFF79FFE0546BF103FD08F
:10A46000D8F81C4094B91020FFF780FD0446C8F8C6
:10A470001C0030B902461D4B1D4840F2B31100F0DC
:10A48000DFFB0023C0E901330360C360A66846B95F
:10A4900040F271214046FFF711FF0023A0600646FD
:10A4A00003602C464FF0000907F001037F1053B101
:10A4B000294632464046FFF717FF214605464046EB
:10A4C000FFF748FE67B1306838B93246314640463A
:10A4D000FFF70AFF3060C0F8009006462C46E3E71D
:10A4E0002846BDE8F88300BFF4D90008C1D80008A9
:10A4F00042D900082DE9F84F0C464968236903EB5F
:10A500006218A368074615464FEA621A08F1010966
:10A510004B450BDB3846FFF7DFFD064648B90246E0
:10A52000294B2A484FF4EF7100F08AFB01315B00A0
:10A53000EEE7002300F1140C00F110021946534518
:10A5400035DB22692AEAEA7A0CEB8A0C04F114035F
:10A5500015F01F0E614603EB82022CD0CEF1200ACB
:10A56000002518688B4600FA0EF02843CBF800004F
:10A5700053F8045B9A4201F1040125FA0AF5F0D878
:10A58000131B153B23F0030304F115018A4238BF66
:10A5900000239C44CCF8045005B9C1463846C6F89F
:10A5A00010902146FFF7D6FD3046BDE8F88F42F8FF
:10A5B000041F0133C3E753F8045B0D609A4201F1B5
:10A5C0000401F8D8E9E700BF31D9000842D90008F2
:10A5D0000A6903460069801A30B50ED1143314316C
:10A5E00003EB820401EB820154F8045D51F8042D61
:10A5F000954203D005D24FF0FF3030BDA342F3D3D4
:10A60000FBE70120F9E700002DE9F74F8A460646EF
:10A61000114650461446FFF7DBFF051E12D12946AE
:10A620003046FFF759FD024628B9414B40F2372129
:10A63000404800F005FB0123C0E90435104603B093
:10A64000BDE8F08FBCBF5346A2463046DAF804108E
:10A65000BABF1C4601250025FFF73EFD024618B98A
:10A66000334B40F24521E3E7DAF810702669C56004
:10A670000AF1140904F1140E00F114050AF1100393
:10A6800009EB87080EEB86060193AB464FF0000CF2
:10A69000019B5EF8040B53F804AF01931FFA8AF391
:10A6A000194683B2CB1A000C6344C0EB1A4000EB8E
:10A6B00023409BB243EA004376454BF8043B4FEA04
:10A6C000204CE5D8331B153B153423F00303A64279
:10A6D00038BF0023E8184B441C1D04302646A5EB68
:10A6E0000905464506EB050E0ED308F10301091BCB
:10A6F00021F003010133984538BF0021014451F88E
:10A70000043D9BB1176199E756F8041BE2464FEAF6
:10A7100011491CFA81FC514409EB2C4989B241EAE8
:10A7200009414FEA294CCEF80010DAE7013FE6E78D
:10A7300031D9000842D900082DE9F7430F4601211D
:10A7400059EC108B1646FFF7C7FC044630B9024699
:10A75000234B244840F20F3100F072FAC9F30A5536
:10A76000C9F313030DB143F480130193B8F100034F
:10A7700023D068460093FFF774FD0099D8B1019A81
:10A78000C0F1200302FA03F30B43C240636101925C
:10A79000019BA361002B0CBF012202222261A5B103
:10A7A000A5F2334505443D60C0F1350030602046D8
:10A7B00003B0BDE8F0836161EAE701A8FFF751FD4E
:10A7C000019B636120300122E8E704EB8203A0F2E1
:10A7D000324038601869FFF725FDC0EB4210E5E70D
:10A7E00031D9000842D900082DE9F0478E681F468C
:10A7F000BE4282460C469046334653D8B1F90C000F
:10A8000010F4906F2BD065692368096905EB450545
:10A81000A3EB010905EBD5757B1C6D104B44AB42D6
:10A820002A4684BF1D462A46430527D51146504671
:10A83000FFF7C6FB064658B321694A46FEF7D7FC28
:10A84000A38923F4906343F08003A38126616561AB
:10A850004E44A5EB09052660A5603E463B461F46D3
:10A8600020683A46414600F0C1F9A3689B1BA360EB
:10A8700023683B4423600020BDE8F087504600F089
:10A8800023FA06460028E1D121695046FFF724FB50
:10A890000C23CAF80030A38943F04003A3814FF092
:10A8A000FF30E9E73E46DBE72DE9F0471F468B899D
:10A8B0001B069CB006460D46144610D50B6973B9AD
:10A8C0004021FFF77DFB2860286130B90C233360FD
:10A8D0004FF0FF301CB0BDE8F08740236B610023D0
:10A8E000099320238DF8293003973023654F8DF885
:10A8F0002A304FF001082346994613F8012B0AB17C
:10A90000252AF9D1B9EB040A0BD053462246294631
:10A910003046FFF769FF013000F0A480099A5244E5
:10A92000099299F80030002B00F09C8000234FF032
:10A93000FF32CDE9052309F10109049307938DF84E
:10A9400053301A934C464F4814F8011B0522F5F773
:10A950001FFC049BD0B9D80644BF20228DF8532099
:10A96000190744BF2B228DF8532099F800202A2A7A
:10A9700013D0079A4C4600204FF00A0C214611F8DC
:10A98000013B303B092B49D968B913E0C01B08FAD9
:10A9900000F018430490A146D4E7039A111D1268F1
:10A9A0000391002A01DB079204E0524243F00203C4
:10A9B0000792049323782E2B0AD163782A2B32D165
:10A9C000039B1A1D1B68039243EAE3730234059349
:10A9D000DFF8C090217803224846F5F7D9FB38B15B
:10A9E000049BA0EB090040228240134301340493EE
:10A9F00014F8011B24488DF828100622F5F7C8FB2F
:10AA0000002835D0214818BB039B073323F00703E8
:10AA100008330393099B034409936CE70CFB023250
:10AA20000C460120AAE700230134059319464FF094
:10AA30000A0C204610F8012B303A092A03D9002BC2
:10AA4000C6D00591C4E70CFB012104460123F0E7C1
:10AA500003AB00932A460E4B04A93046FDF73EFE99
:10AA6000421CD7D1AB895B063FF532AF099831E77D
:10AA700003AB00932A46064B04A93046FEF7C4F800
:10AA8000EEE700BF9CD90008A6D90008DD860008C3
:10AA9000E9A70008A2D90008B1F90C202DE9F0417E
:10AAA000160705460C4651D44B68002B02DC0B6C94
:10AAB000002B49DDE66A002E46D0002312F48052B6
:10AAC0002F682B6031D0626DA389590705D5636863
:10AAD000D21A636B0BB1236CD21A0023E66A216A87
:10AAE0002846B047421CB4F90C3006D129681D290C
:10AAF00046D8294ACA40D60742D500226260D90406
:10AB00002269226004D5421C01D12B6803B960651B
:10AB1000616B2F60C1B104F14403994202D0284611
:10AB2000FFF7DAF9002363630EE0216A0123284668
:10AB3000B0470246501CC7D12B68002BC4D01D2B38
:10AB400001D0162B1AD12F6000201EE00F69002FB4
:10AB5000FAD093070E6808BF4B690F6018BF002337
:10AB6000A6EB07088B60B8F1000FEDDD216AA66A3D
:10AB700043463A462846B047002808DCB4F90C3072
:10AB800043F04003A3814FF0FF30BDE8F08107445C
:10AB9000A8EB0008E7E700BF0100402038B50B69CB
:10ABA00005460C4613B90025284638BD18B1036A7E
:10ABB0000BB9FEF7DDF9B4F90C30002BF3D0626E5F
:10ABC000D00704D4990502D4A06DFEF70EFB2846E9
:10ABD0002146FFF761FF636EDA070546E4D4A389D7
:10ABE0009B05E1D4A06DFEF701FBDDE7884210B5BF
:10ABF00001EB020402D98442234607D8431EA14236
:10AC000007D011F8012B03F8012FF8E70244824224
:10AC100000D110BD13F8011D02F8011DF7E7000077
:10AC200038B5064D0023044608462B60FDF730FC7E
:10AC3000431C02D12B6803B1236038BD103A0020B9
:10AC40001FB514461A46094B1B680546D8684CB117
:10AC5000074B0091CDE9013406492B4600F070F80E
:10AC600000F080F8044B1C46F3E700BFB80000205A
:10AC7000B7D90008C4D90008F2D9000870B5A1FB03
:10AC8000025434B92946FFF79BF9064628B93046E5
:10AC900070BD0C2202600026F9E72A462146FEF725
:10ACA00027FAF4E782B001B901A942B14BB1137898
:10ACB0000B601278101E18BF012002B070471046BA
:10ACC000FBE76FF00100F8E72DE9F0410746144675
:10ACD0000D4621B9BDE8F0411146FFF771B92AB917
:10ACE000FFF7FAF825462846BDE8F08100F041F864
:10ACF0008442064602D8B4EB500FF4D821463846B9
:10AD0000FFF75EF9804608B94546ECE7B4422246B3
:10AD1000294628BF3246FEF76AFA29463846FFF729
:10AD2000DBF8F1E70346084641B1FF2A04D98A223D
:10AD30001A604FF0FF3070470A7001207047000022
:10AD40000EB403B5014603AB054853F8042B006865
:10AD5000019300F03FF802B05DF804EB03B07047D8
:10AD6000B800002008B5062000F002FA0120FDF727
:10AD7000BDFB51F8043C181F002BBCBF0B58C0187A
:10AD800070479368013B002B10B4936008DA946914
:10AD9000A34201DB0A2903D15DF8044B00F02EB970
:10ADA0001368581C1060197008465DF8044B704712
:10ADB000F8B506460F461446D518AC4201D100201E
:10ADC00007E014F8011B3A463046FFF7DAFF431C50
:10ADD000F3D1F8BD2DE9F0470D469CB014461F464F
:10ADE000064618B1036A0BB9FEF7C2F86B6ED907B5
:10ADF00005D4AB899A0502D4A86DFEF7F6F9AB89A4
:10AE00001B0701D52B699BB92946304600F034F960
:10AE100070B16B6EDC0704D54FF0FF301CB0BDE89D
:10AE2000F087AB899805F7D4A86DFEF7DFF9F3E753
:10AE30000023099320238DF82930039730236A4F8C
:10AE40008DF82A304FF001082346994613F8012B5C
:10AE50000AB1252AF9D1B9EB040A0BD05346224690
:10AE600029463046FFF7A4FF013000F0A480099A7C
:10AE70005244099299F80030002B00F09C80002386
:10AE80004FF0FF32CDE9052309F10109049307933F
:10AE90008DF853301A934C46534814F8011B052281
:10AEA000F5F776F9049BD0B9D90644BF20228DF876
:10AEB00053201A0744BF2B228DF8532099F8002005
:10AEC0002A2A13D0079A4C4600204FF00A0C21463C
:10AED00011F8013B303B092B49D968B913E0C01B7D
:10AEE00008FA00F018430490A146D4E7039A111D14
:10AEF00012680391002A01DB079204E0524243F0FA
:10AF000002030792049323782E2B0AD163782A2B0D
:10AF100032D1039B1A1D1B68039243EAE373023488
:10AF20000593DFF8D490217803224846F5F730F9ED
:10AF300038B1049BA0EB0900402282401343013446
:10AF4000049314F8011B29488DF828100622F5F700
:10AF50001FF900283ED0264818BB039B073323F077
:10AF6000070308330393099B034409936CE70CFB25
:10AF700002320C460120AAE700230134059319464A
:10AF80004FF00A0C204610F8012B303A092A03D959
:10AF9000002BC6D00591C4E70CFB01210446012318
:10AFA000F0E703AB00932A46124B04A93046FDF7A5
:10AFB00095FB431CD7D16B6ED90705D4AB899A0595
:10AFC00002D4A86DFEF712F9AB895B063FF524AFFA
:10AFD000099823E703AB00932A46064B04A93046A1
:10AFE000FDF712FEE5E700BF9CD90008A6D90008CE
:10AFF000DD860008B1AD0008A2D90008F8B50E46FC
:10B000001446054618B1036A0BB9FDF7B1FFA369F1
:10B01000A360A3891A0701D5236943B921462846AD
:10B0200000F02AF818B14FF0FF373846F8BD236812
:10B030002269981A6369F6B28342374605DC2146D5
:10B040002846FFF7ABFD0028EDD1A368013BA360C4
:10B0500023685A1C22601E706269431C9A4204D005
:10B06000A389DB07E1D50A2EDFD121462846FFF769
:10B0700095FD0028D9D0D6E738B5284B0546186885
:10B080000C4618B1036A0BB9FDF772FFB4F90C3026
:10B090001A0721D4D80607D409222A6043F04003B6
:10B0A000A3814FF0FF3030E0590712D5616B41B1F9
:10B0B00004F14403994202D02846FEF70DFF002315
:10B0C00063630022B4F90C3062602269226023F0CD
:10B0D000240343F00803A38122693AB99A0501D5F4
:10B0E000180603D52146284600F082F8B4F90C3042
:10B0F00013F001020AD00022A26062695242A261EA
:10B10000226942B913F08000C8D138BD990758BFF1
:10B110006269A260F4E70020F7E700BFB8000020F2
:10B120001F2938B505460C4604D9162303604FF095
:10B13000FF3038BDC26B12B152F821304BB92846EE
:10B1400000F030F8224601462846BDE8384000F0BD
:10B1500017B8012B0AD0591C03D116230360012014
:10B16000E7E7002142F82410204698470020E0E756
:10B17000024B01461868FFF7D3BF00BFB80000209C
:10B1800038B5074D00230446084611462B60FDF7ED
:10B19000A5F9431C02D12B6803B1236038BD00BF61
:10B1A000103A0020FDF798B970B50C46B1F90E10B1
:10B1B000002996B015461E460ADAA18911F08001D1
:10B1C00013D14FF48062002031602A6016B070BD48
:10B1D0006A4600F047F80028EFDB019901F470415E
:10B1E000A1F5005359425941EBE700214022EAE71B
:10B1F0008B8973B59E0705460C4607D504F14703B6
:10B20000236023610123636102B070BD01AB6A4614
:10B21000FFF7CAFF009E28463146FEF7D1FEB4F97B
:10B220000C3038B99A05EFD423F0030343F002033E
:10B23000A381E3E743F08003A381019B2060C4E97D
:10B240000406002BE0D0B4F90E10284600F01CF8DC
:10B250000028D9D0A38923F0030343F00103A3817D
:10B26000D2E7000038B5074D0023044608461146D2
:10B270002B60FDF762F9431C02D12B6803B12360F8
:10B2800038BD00BF103A002038B5064D00230446F3
:10B2900008462B60FDF756F9431C02D12B6803B119
:10B2A000236038BD103A002008B52DED028BB0EEBA
:10B2B000408A00F027FAB4EE488AF1EE10FAF0EE78
:10B2C000408A0AD6B0EE480A00F09AF8F7EE007A03
:10B2D000B4EEE70AF1EE10FA04DCB0EE680ABDEC59
:10B2E000028B08BDFDF756FFBDEC028B0346212201
:10B2F0001A600248BDE8084000F0C4B8D4CB00088A
:10B3000000F0FABA08B52DED028BF0EE408AB0EEEF
:10B31000608A00F097FBF4EE488AF1EE10FA06D648
:10B32000DFED098AB4EE688AF1EE10FA02D0BDECC6
:10B33000028B08BDFDF72EFF88EEA80ABDEC028B3C
:10B340002123036008BD00BF0000000008B52DEDFB
:10B35000028BB0EE408A00F007F9B4EE488AF1EEB5
:10B3600010FA06D6DFED098AB4EEE88AF1EE10FA9B
:10B3700002D4BDEC028B08BDFDF70CFF88EEA80AD5
:10B38000BDEC028B2123036008BD00BF000000005C
:10B3900010EE103A184923F000428A421AD9B2F14D
:10B3A000FF4F02D330EE400A704700B583B06846C5
:10B3B00000F00AFC00F0030001289DED000ADDED1D
:10B3C000010A10D0022809D090B900F0D1F803B0DA
:10B3D0005DF804FBDFED090A00F0CAB800F0C8F818
:10B3E000B1EE400AF3E700F045F9B1EE400AEEE7AE
:10B3F000012000F03FF9EAE7D80F493F00000000C4
:10B4000010EE103A23F0004300EE103A704700BFF0
:10B4100010EE103A194923F000428A421BD9B2F1CA
:10B42000FF4F02D330EE400A704700B583B0684644
:10B4300000F0CAFB00F0030001289DED000ADDEDDD
:10B44000010A13D002280BD098B9012000F012F99C
:10B4500003B05DF804FBDFED0A0A002000F00AB932
:10B46000012000F007F9B1EE400AF1E700F080F8A2
:10B47000EEE700F07DF8B1EE400AE9E7D80F493F6A
:10B48000000000009FED010A704700BF0000C07F70
:10B4900008B52DED028BF0EE408AB0EE608A00F028
:10B4A00047F820B9B0EE480ABDEC028B08BDB0EEFB
:10B4B000480A00F03DF858B1F4EEC88AF1EE10FAEF
:10B4C000C8BFB0EE688AB0EE480ABDEC028B08BD7A
:10B4D000B0EE688AB0EE480ABDEC028B08BD00BF32
:10B4E00008B52DED028BF0EE408AB0EE608A00F0D8
:10B4F0001FF820B9B0EE480ABDEC028B08BDB0EED3
:10B50000480A00F015F858B1F4EEC88AF1EE10FAC6
:10B5100048BFB0EE688AB0EE480ABDEC028B08BDA9
:10B52000B0EE688AB0EE480ABDEC028B08BD00BFE1
:10B5300010EE103A33F000400ED0A0F50003B3F146
:10B54000FE4F0DD3074B421E9A4207D9A0F1FF4090
:10B55000B0FA80F04009704702207047032070471E
:10B5600004207047FEFF7F00B1EEC00A704700BFA5
:10B5700010EE103A23F00043B3F1485F2CD2FDEEF9
:10B58000C07A17EE903A002B60D060EE007A9FED03
:10B59000317A9FED315ADFED315A9FED316ADFED9F
:10B5A000316AA7EE875A9FED307AE7EE855AA7EE0B
:10B5B000A56AA7EE867AE7EE876A67EEA66A60EE6E
:10B5C000C00AB6EE007AE7EEA60AB7EE000AD7EE9A
:10B5D000870A30EE600A704760EE007A9FED1D7AB0
:10B5E0009FED1D5ADFED1D5A9FED1D6ADFED1D6AAF
:10B5F0001E4AA7EE875A93429FED1B7AE5EE275A23
:10B60000A5EEA76AA6EE277AE7EE276A66EEA76A96
:10B61000D5D9174A934214D803F17F4307EE103A65
:10B62000B7EE006A36EE476A60EEC00AF6EE005AE0
:10B6300097EEA57AE7EEA60A37EE607A36EE470A6D
:10B640007047B6EE076AB5EE027AEDE7B7EE000A8C
:10B65000704700BF4ED747ADF6740F317CF293B4FC
:10B66000010DD037ABAA2A3D610BB6BA9999993E24
:10B670000000483F10EE103A23F00043B3F1485F5A
:10B6800004D2FDEEC07A17EE903A5BB360EE007A1A
:10B690009FED157ADFED155A9FED156ADFED156AFE
:10B6A000E7EE875A9FED147AA5EEA76A20EE275A97
:10B6B000E6EE276AA6EEA77A30B9DFED106AE7EE6C
:10B6C000876AA6EE850A704727EE457AF6EE006A8D
:10B6D000A0EEA67ADFED0A6AD7EE270AE5EE260A83
:10B6E00030EE600A704700BFD3C92E2F342FD7B277
:10B6F0001BEF3836010D50B98988083CABAA2ABE29
:10B70000ABAA2A3E38B510EE105A25F00044B4F129
:10B710007E5F2DED048BF0EE407A7FD077D8B4F1C8
:10B720007C5F0ED2B4F1485F80F090809FED627A2A
:10B7300030EE077AF7EE006AB4EEE67AF1EE10FA30
:10B7400062DCB0EE670AFFF75BFEF7EE007A37EED9
:10B75000C08AB6EE007A28EE078ADFED586A9FEDC0
:10B76000587A9FED586A9FED585ADFED585ADFED31
:10B77000588AE8EE076A9FED577AA8EE067AA6EE99
:10B78000885A9FED556ADFED556AA7EE086AE5EE27
:10B79000085A9FED537AA6EE087AE5EE886AE7EE3E
:10B7A000087AE6EE888AB0EE480AB0EE679AFFF7AC
:10B7B000DBFE4C4B68EE888A9C4288EE896A38D85A
:10B7C00010EE103A6FF30B0306EE903AA6EEE68AFF
:10B7D00070EE267A9FED447AC8EE274AF0EE005AC2
:10B7E000A4EEE57ADFED417A30EE000AB0EE675A5A
:10B7F00090EE067AA6EEE55A37EE457A37EEC70A9E
:10B80000002D01DCB1EE400ABDEC048B38BDBDEC6F
:10B81000048B70EE407A87EEA70A38BDBDEC048B2E
:10B820009FED310A9FED327A27EE800AA7EE870A54
:10B8300038BDA0EE060A9FED2F7ADFED2D7AF0EEEF
:10B84000006AA0EE267A37EEC70AD9E720EE007A22
:10B85000DFED1B6A9FED196ADFED1B5A9FED195A48
:10B86000DFED1A4AA7EE266ABDEC048BE6EE075A16
:10B87000DFED186A9FED186AE7EE056AE5EE874A84
:10B88000A6EE876A9FED155ADFED155ADFED106AB7
:10B89000A4EE875AE6EE075AE5EE076AB7EE006AAD
:10B8A000A5EE876A26EE877AC7EE066AE0EE267A6C
:10B8B000B0EE670A38BD00BFCAF24971047F4F3A43
:10B8C00008EF11382EC69D3D461124BDA80A4E3EF4
:10B8D000ABAA2A3E613330BF2D57014090B0A6BEBF
:10B8E00039D119C09999793F2EBD3BB3DB0F493F40
:10B8F000DB0FC93F2EBD3B3310B582B0CDED010A41
:10B90000019B23F00042B2F1FF4FF0EE407A30D8B5
:10B9100010EE100A20F00041B1F1FF4F29D8B3F129
:10B920007E5F3ED09C1704F0020444EAD07431B329
:10B930007AB3B2F1FF4F3FD0B1F1FF4F29D0891A4E
:10B94000B1F1F45F4FEAE15233DA002B41DA3C32D5
:10B950003FDA9FED330A012C4DD0022C42D064B166
:10B960009FED307ADFED307A30EE070A30EE670A6D
:10B9700003E09DED017A37EE270A02B010BD022CDC
:10B980000CD09FED2A7A032C08BFB0EE470A02B014
:10B9900010BD00280ADB9FED260AEEE79FED220A84
:10B9A000EBE702B0BDE8104000F044BA9FED210A79
:10B9B000E3E79FED1F0ACEE7B1F1FF4F04F1FF343B
:10B9C00020D0022C26D81C4B03EB840393ED000AF5
:10B9D000D3E79DED017A87EE870AFFF711FD00F0AE
:10B9E00029FAB8E79FED0F7ADFED0F7A30EE070AFC
:10B9F00037EEC00AC1E710EE103A03F1004300EE43
:10BA0000103ABAE7022C08D80C4B03EB840393EDF1
:10BA1000000AB2E79FED020AAFE79FED090AACE723
:10BA2000000000002EBDBB33DB0F4940DB0F49C0D7
:10BA3000DB0FC93FDB0FC9BFF4DB000800DC0008E7
:10BA4000DB0F493F70B582B0CDED010A019820F0BF
:10BA500000435A1EB2F1FF4F3BD210EE101A21F0F4
:10BA60000044B4F1FF4F34D29C4238DB01F0004275
:10BA700058D011F0FF4F00F0FF463ED14FEA042CA2
:10BA80006FF07D054FEA4C0CBCF1000F05F1FF355E
:10BA9000F8DC002E66D118026FF07D0E40000EF12A
:10BAA000FF3EFBD515F17E0F77DA6FF07D00411B6D
:10BAB00004FA01F1A5EB0E05A0EB0E04A340681EED
:10BAC000A5B9CB1A002B75DB2CD0B3F5000F35DBF5
:10BAD00041E0DDED017A60EE277A87EEA70A02B039
:10BAE00070BD1FD04FEA4C01013822D3A1EB030CEB
:10BAF000BCF1000FF5DA4900F6E7E51586B3DB1572
:10BB0000C0F31600ED1AC1F31601A3F17F0E41F444
:10BB1000000140F40003681E002DE7D1CB1A002B72
:10BB200030DB0BD1274B03EB527393ED000A02B0CD
:10BB300070BDCB1A48BF0B461BB9F3E75B000EF193
:10BB4000FF3EB3F5000FF9DB1EF17E0F1BDA6FF03D
:10BB50007D04A4EB0E042341134300EE103ABEE72C
:10BB60007F3D98E7DB15A3F17F0EC0F316006FF061
:10BB70007D0140F40003491BA5EB0E0004FA01F11E
:10BB80000138B3E70B46A3F500030EF17F0E134314
:10BB900043EACE5300EE103AA1E76FF07D04C1F303
:10BBA0001601A5EB0E00A4EB0E0441F400010138D0
:10BBB000A3409BE70029B5D0B1F5000F0B46BDDBD4
:10BBC000C9E700BF0CDC000870B510EE103A8B4AD4
:10BBD00023F00044944286B0054671D9884A9442C5
:10BBE0001E4624D823F00042002BDFED867A8649DA
:10BBF00022F00F02B0EE407A40F3E6808A4270EE07
:10BC0000677A09BF9FED817ADFED816ADFED816A96
:10BC100077EEC77A37EEE67A77EEC77A80ED007A6C
:10BC200077EEE67AC0ED017A012006B070BD7A4A5F
:10BC3000944253D9B4F1FF4F49D2E215863AA4EBAE
:10BC4000C25307EE903ABDEEE77ADFED746AB8EEC4
:10BC5000C77A77EEC77A8DED037A67EEA67ABDEEE6
:10BC6000E77AB8EEC77A77EEC77A8DED047A67EE99
:10BC7000A67AF5EE407AF1EE10FACDED057A40F0B5
:10BC80008E80B5EE407AF1EE10FA40F08A80012302
:10BC9000634901910221009103A8294600F09CF913
:10BCA000002EC2DA95ED007AD5ED017AB1EE477A31
:10BCB000F1EE677A85ED007AC5ED017A4042B4E78E
:10BCC000002285ED000A4260002006B070BD70EED3
:10BCD000407AC0ED017AC0ED007AF5E7FFF790FBFE
:10BCE0009FED507A9FED476AF6EE007AE0EE077A14
:10BCF0009FED477AFDEEE77AF8EEE76A17EE900AD5
:10BD0000A6EEC60A1F2866EE877AB1EE666A30EEA6
:10BD1000677A1EDC444A411E26F0004352F8212077
:10BD200023F0FF03934214D085ED007A30EE470AEA
:10BD3000002E30EE670A85ED010ABFF676AFB1EE50
:10BD4000477AB1EE400A85ED007A85ED010A40425E
:10BD50006BE717EE103AC3F3C753C3EBD453082B6A
:10BD60004FEAE452E0DD9FED297A9FED2A5AF0EE8A
:10BD7000405AE6EE075A70EE657AE6EE077AD6EE9E
:10BD8000857A35EEE77A17EE103AC3F3C753D21A25
:10BD9000192A08DCB0EE650A85ED007AC6E70323B0
:10BDA00076E7022374E79FED217A9FED215AB0EEEA
:10BDB000650AA6EE070A75EEC07AE6EE077AD6EEB9
:10BDC000857A30EE677AAFE78A4270EE277A09BF4C
:10BDD0009FED0E7ADFED0E6ADFED0E6A77EE877A61
:10BDE00037EEA67A77EEC77A80ED007A77EEA67AFC
:10BDF000C0ED017A4FF0FF3017E700BFD80F493F81
:10BE0000E3CB1640800FC93FD00FC93F0044353700
:10BE10004344353708A3852E800F494300008043F3
:10BE200094DC000884F9223F14DC000800A3852E6E
:10BE300032318D2438B510EE105A25F00044B4F19B
:10BE4000A14FF0EE407A07D3B4F1FF4F55D8002D43
:10BE500077DD9FED4E0A38BD4D4B9C425CD8B4F166
:10BE6000445F4DD34FF0FF3327EEA76A9FED495A49
:10BE70009FED497ADFED495ADFED494A66EE066AE1
:10BE80005A1CA6EE857AE6EEA54A9FED465ADFEDEE
:10BE9000465AA7EE265AE4EEA65A9FED447ADFED05
:10BEA000444AA5EE267AE5EEA64A9FED425ADFED1A
:10BEB000425AA7EE265A9FED417AA4EEA67AE5EE05
:10BEC000265A27EE267AA5EE867A27EE877A3BD089
:10BED0003B493C4A01EB8301D1ED006A37EE667ABB
:10BEE00002EB8303D3ED006A37EE677A002D36EE5E
:10BEF000C70AB0DAB1EE400A38BD30EE000A38BDEC
:10BF00009FED317A30EE077AF7EE006AB4EEE67A0A
:10BF1000F1EE10FAA6DD38BDFFF772FA2B4B9C420A
:10BF200015D8A3F5D0039C4226D8F0EE007ABFEED8
:10BF3000007AA0EE277A002330EE270AC7EE007AB7
:10BF400092E79FED230A38BD37EEC70A38BD214B73
:10BF50009C420BD8F7EE087AB7EE007AA0EE277A6B
:10BF6000022330EE670AC0EE077A7DE7BFEE007A63
:10BF7000C7EE007A032377E7F7EE007A30EE677AB0
:10BF800030EE270A0123C7EE007A6DE7DB0FC93FC9
:10BF9000FFFFDF3ED769853C59DA4B3D21A215BD35
:10BFA0006BF16EBD356B883D95879DBD6E2EBA3D9C
:10BFB000388EE3BD2549123EABAAAA3ECDCC4CBE7D
:10BFC000ACDF0008BCDF0008CAF24971FFFF973FF1
:10BFD000DB0FC9BFFFFF1B402DE9F04F2DED048B98
:10BFE000DBB01C46944603930A46BA4B68991CF191
:10BFF000040F53F82170824604F1FF39C0F25682D3
:10C00000BCF1030348BF0CF10403DB1002930133BE
:10C010004FEAC30EACEB0E030593029B17EB09002E
:10C02000A3EB090316D401309FEDAB7A699C184449
:10C030001EA9002BA4BF54F8235007EE905A03F119
:10C040000103ACBFF8EEE77AF0EE477A8342E1EC09
:10C05000017AEED1002FC0F2E28203991EA800EB14
:10C0600081004FEA81087E18002346AD4C460AEB5A
:10C070008101B9F1000F80F2C8800134B44245F863
:10C08000043B00F10400F4D10DF1280B0BEB870306
:10C09000CDE9062E043B9FED929ADFED908A05983C
:10C0A00004930AEB080446AE0BEB87080097CDF823
:10C0B00020C00DEB8703002F93ED460A4FEA87055A
:10C0C00015DD73195A4660EE097AB0EE407AFDEE3E
:10C0D000E77A73ED016AF8EEE77AB342A7EEE87A01
:10C0E00037EEA60ABDEEC77AA2EC017AEBD1019039
:10C0F00000F0B8FAF4EE007AB0EE408A20EE270A9B
:10C1000000F01EFBF2EE007AA0EE678A019800288C
:10C11000FDEEC89AF8EEE97A38EE678A40F382803D
:10C12000791EC0F108035BF821E04EFA03FC0CFA1B
:10C1300003F3AEEB030EC0F1070219EE903A4EFA8C
:10C1400002F26344002A09EE903A4BF821E000F332
:10C15000AF80B5EE408AF1EE10FA74D1009B9F4299
:10C160000ADD5D44002355F8041D454543EA0103FB
:10C17000F9D1002B40F00281009B013B5BF82320AA
:10C180007B1C9C46002A40F0F780049A012152F85B
:10C19000045D0131002DFAD03944029D039A05EB6C
:10C1A000030E0EF1804E699D0EF1FF3E3A4405EB01
:10C1B0008E0E1EAD06EB830705EB8205DEED017AE0
:10C1C000F8EEE77AB9F1000F0EF1040EE5EC017A12
:10C1D000DFED417A09DB2A465346F3EC016A32ED82
:10C1E000017AA342E6EE877AF7D10CF1010C8C4577
:10C1F000E7EC017AE2DD0F465BE70134B442E5EC9F
:10C20000017A00F104003FF43FAFDFED337A83465B
:10C210005346F3EC016A3BED017A8B42E6EE877AF6
:10C22000F7D1EAE700F09180F6EE007AB4EEE78A03
:10C23000F1EE10FA80F22981B5EE408AF1EE10FAA3
:10C240004FF000028AD09246DDE9062EDDF820C0CC
:10C250000197AEEB0C00B0EE480A009F009200F090
:10C2600001FADFED1E6AB4EEE60AF1EE10FADDE93E
:10C270000023F0EE407AC0F29C819FED197A059977
:10C2800020EE077A0831BDEEC77A0591B8EEC77A7D
:10C290005C1CE7EE667ABDEEC77AFDEEE77A17EE34
:10C2A000901A4BF8231017EE103A4BF824307EE02A
:10C2B0000133002F09EE903A40F39D8159464FF02B
:10C2C000000E51F8043B002B39D0C3F5807341F8C0
:10C2D000043C0CE0F8DF0008000000000000804390
:10C2E0000000803B0B68C3F1FF0341F8043B0EF1F3
:10C2F000010E7745F6DC01239E4600280BDD012860
:10C3000000F0BB80022806D1791E5BF8213003F0D3
:10C310003F0C4BF821C0022A7FF41BAFB7EE000A96
:10C32000734630EE488A002B3FF413AF0992019018
:10C3300000F098F90198099A38EE408A09E70EF161
:10C34000010E7745BDDC9E46D7E77B1E5BF82320B8
:10C35000D211002A7FF7FDAE19EE903A002F03F1BB
:10C36000010309EE903AA9DC022A7FF4F2AEF7EE5F
:10C37000007A37EEC88AECE619460EE73B4692464D
:10C38000DDE905125C1EA1F108005BF82410009F96
:10C39000059061B903F18043013B0BEB8303014638
:10C3A00053F8040D013C08390028F9D0059105988F
:10C3B0000092B7EE000A00F055F9002C009AB0EE9A
:10C3C000407AC0F22281601C46AD5FED3B6A81007D
:10C3D0000BEB800305EB800073ED017AF8EEE77A52
:10C3E0005B4567EE877A27EE267A60ED017AF3D116
:10C3F0000DF1C8080E1F2E44C646A4460025002F86
:10C400007DDBDFF85C92DFED957A3046002307E0B4
:10C41000F9EC016AB0EC017A9F42E6EE877A03DB21
:10C420009D4203F10103F3DA0CF1FF3CBCF1FF3F45
:10C43000EEEC017A05F10105A6F10406E1D1689B55
:10C44000022B6ADC002B36DC0ED1DFED847A41440E
:10C4500031ED017A884577EE877AF9D15346002B82
:10C4600040F0C680C2ED007A19EE903A03F0070062
:10C470005BB0BDEC048BBDE8F08F791E5BF821301A
:10C4800003F07F0C4BF821C045E719EE903A002FDE
:10C4900003F1010309EE903AC8BF02223FF70EAF45
:10C4A000F7EE007A37EEC88A022252E600234FF0F8
:10C4B000080E0293AEE5DDED327A9FED687A4144D5
:10C4C00071ED016A884537EE267AF9D15346002B83
:10C4D00040F0848077EEC77A82ED007A64B133A9A8
:10C4E0000123B1EC017A01339C4277EE877AF8DAC6
:10C4F00053460BB1F1EE677AC2ED017AB4E70CF165
:10C50000FF3C0023BCF1FF3F4EF8043B05F1010561
:10C51000A6F104067FF473AF91E7689B032BA3D1C8
:10C52000002C00F08C8008EB840595ED007AA000CB
:10C530002B46294671ED017AF0EE476A37EE277AED
:10C54000884577EEC77A81ED007A77EEA67AC1ED5D
:10C55000017AEFD1012C72D095ED007A08F1040137
:10C5600073ED017AF0EE476A37EE277A994277EE5B
:10C57000C77A83ED007A77EEA67AC3ED017AEFD120
:10C58000031DDFED367A434408F1080833ED017AE4
:10C59000984577EE877AF9D15346DDED326A9DED05
:10C5A000337A73B9C2ED006A82ED017AC2ED027A84
:10C5B0005AE7FDEEC07A1C4617EE901A4BF823108E
:10C5C000F5E6F1EE666AB1EE477AF1EE677AC2ED12
:10C5D000006A82ED017AC2ED027A45E7F1EE476A20
:10C5E00077EEC77AC2ED006A002C7FF478AF81E75E
:10C5F000F1EE677A36E7012815D002287FF4B4AE51
:10C600000EF03F034BF82130AEE6689B022B12DCA4
:10C61000002B17DC7FF428AFDFED107A1EE7039BB9
:10C620004FEA830830E50EF07F03022A4BF82130F1
:10C630007FF48FAD9BE6689B032B7FF415AFDFED96
:10C64000077AA9E75346DDED327A1BB14FF000437C
:10C6500013604FE7002313604EE700BF00000000A7
:10C66000CCDF000810EE103A33F000411A4625D016
:10C67000B1F1FF4F1FD213F0FF4F20D1DFED297A28
:10C68000294A60EE277A904217EE903A31DB4CF25D
:10C69000503CC3F3C75160451A46A1F1190114DD9E
:10C6A000002BDFED227A9FED210AB8BFDFED207A63
:10C6B00027EE800A704730EE000A704770474CF250
:10C6C000503C60454FEAD151EADC0144FE29E7DCE9
:10C6D000002915DC11F1160F19DB193122F0FF4288
:10C6E00042EAC15207EE902A9FED120A27EE800A15
:10C6F0007047DFED117A07EE103A27EE270A7047F0
:10C7000022F0FF4242EAC15300EE103A7047002B7C
:10C71000DFED097A9FED080AB8BFDFED087A27EE52
:10C72000800A70470000004CB03CFFFFCAF249711C
:10C73000CAF249F1000000336042A20D6042A28DAE
:10C7400010EE102AC2F3C7537F3B162B22F0004194
:10C750001BDC002B10461EDB1A4919410A4223D06C
:10C76000DFED197A70EE277AF5EEC07AF1EE10FA65
:10C770001ADD002A04DA4FF4000242FA03F31844E7
:10C7800020EA010300EE103A7047B1F1FF4F0BD3DE
:10C7900030EE000A7047DFED0C7A70EE277AF5EE86
:10C7A000C07AF1EE10FA00DC7047002A02DB9FED40
:10C7B000070A704711B99FED060A7047BFEE000ADD
:10C7C000F2E700BFFFFF7F00CAF2497100000000DE
:10C7D000000000802DE9F047089D0F4604468C4676
:10C7E000002B48D18A42164661D9B2FA82F34BB186
:10C7F000C3F1200201FA03FC20FA02F29E4042EA51
:10C800000C0C9C404FEA164EB7B2BCFBFEF1220C5A
:10C810000EFB11CC42EA0C4201FB07F0904209D911
:10C82000B21801F1FF3C80F0EE80904240F2EB80C4
:10C8300002393244121AA4B2B2FBFEF00EFB1022EF
:10C8400044EA024400FB07F7A74209D9341900F172
:10C85000FF3280F0DA80A74240F2D78034440238B9
:10C8600040EA0140E41B00211DB1DC400023C5E982
:10C870000043BDE8F0878B4206D90DB1C5E9000140
:10C8800000210846BDE8F087B3FA83F1002948D1BA
:10C89000BB4202D3824200F20781841A67EB030293
:10C8A00001209446002DE4D0C5E9004CE1E7002AC0
:10C8B00000F09280B2FA82F3002B40F0A8808A1A2E
:10C8C0004FEA164E1FFA86FC0121200CB2FBFEF740
:10C8D0000EFB172240EA02420CFB07F0904207D9F8
:10C8E000B21807F1FF3802D2904200F2E2804746C8
:10C8F000121AA4B2B2FBFEF00EFB102244EA02446C
:10C900000CFB00FCA44507D9341900F1FF3202D218
:10C91000A44500F2CB801046A4EB0C0440EA07408B
:10C92000A2E7C1F120068B4022FA06FC4CEA030C78
:10C9300007FA01F420FA06F3F7404FEA1C492343B3
:10C9400000FA01F81FFA8CFEB7FBF9F01C0C09FB8A
:10C95000107744EA074400FB0EF7A74202FA01F2FF
:10C960000AD91CEB040400F1FF3A80F09B80A74237
:10C9700040F2988002386444E41B9FB2B4FBF9F3A0
:10C9800009FB134447EA044403FB0EFEA64509D9FC
:10C990001CEB040403F1FF3780F08280A6457FD9A9
:10C9A000023B644443EA0040A4EB0E04A0FB02E710
:10C9B000BC427346B94663D360D05DB1B8EB0302A5
:10C9C00064EB090404FA06F622FA01F31E43CC4094
:10C9D000C5E9006400214CE76208480842EAC171D9
:10C9E0000B0C43EA00438AB242EA0342B3FBF6F17E
:10C9F000E407B4463746B6461F23B0FBF6F0D21B19
:10CA000041EA004161E7614614E7104628E7C3F1B7
:10CA1000200120FA01F29E4027FA01F19F403A439B
:10CA20004FEA164E1FFA86FCB1FBFEF70EFB1710FD
:10CA3000110C41EA004107FB0CF8884504FA03F4A5
:10CA40003AD9711807F1FF3001D288451FD8A1EB00
:10CA50000801B1FBFEF808FB0CF70EFB181192B2AF
:10CA600042EA0142BA422FD2B21808F1FF31C6D2CF
:10CA7000BA42C4D2A8F102013244C0E7F0459CD2C8
:10CA8000BEEB020367EB0C070138B94695E7A6EB4E
:10CA900008084144B81EB1FBFEF808FB0CF7DCE7C0
:10CAA0003B467FE7504667E70846FBE634440238DA
:10CAB00032E7023F32441BE7A1EB08013846B1FBE5
:10CAC000FEF808FB0CF7C8E7414698E7F8B500BF49
:10CAD000F8BC08BC9E467047F8B500BFF8BC08BC5F
:04CAE0009E467047B7
:10CAE8004552524F525F48414E444C45520D0A0040
:10CAF800424F4F54204F4B0D0A00000047696D62AA
:10CB0800616C2D31417869730000000041432D4765
:10CB18004D315800414C55582D43414444584650D6
:10CB28005600000052582048422066726F6D3D251D
:10CB3800752F25750D0A0000525820434D445F4C4F
:10CB48004F4E4720636D643D25752070313D252E7D
:10CB580031662070323D252E31662070333D252EFA
:10CB680031662066726F6D3D25752F25750D0A009B
:10CB7800525820434D445F494E5420636D643D250F
:10CB8800752070313D252E31662070323D252E31BD
:10CB9800662066726F6D3D25752F25750D0A00009C
:10CBA8005258204445565F5345545F4154542071B0
:10CBB8002D70697463683D252E3266206465672090
:10CBC80066726F6D3D25752F25750D0A00000000F2
:10CBD8005258204445565F5345545F41545420727F
:10CBE8006174653D252E3266206465672F73206663
:10CBF800726F6D3D25752F25750D0A00525820441A
:10CC080045565F5345545F4154542028656D7074F0
:10CC180079292066726F6D3D25752F25750D0A00DF
:10CC28005258206D736769643D2575206C656E3DAB
:10CC380025752066726F6D3D25752F25750D0A00C7
:10CC48005465726D696E616C0000000000000000A0
:10CC58003209090000000000010000007C1F2B00C1
:10CC68000000000002000000890C0C000000000019
:10CC780004000000ED0E0E030C0D0000050000007E
:10CC8800D91C1C0100000000060000006803030016
:10CC980000000000070000007720200000000000CE
:10CCA8000800000075242400000000000B000000AC
:10CCB800590606010400000014000000D6141403ED
:10CCC80002030000150000009F020203000100009B
:10CCD80016000000DC191900000000001700000011
:10CCE800A81717030405000018000000181E3400D8
:10CCF8000000000019000000176565000000000032
:10CD08001A000000AA161800000000001B0000000E
:10CD1800901A1D00000000001C00000043101000C5
:10CD2800000000001D000000730E1000000000004D
:10CD38001E000000271C1C00000000001F0000004F
:10CD4800F62030000000000020000000B91C1C0084
:10CD58000000000021000000681C1C00000000000A
:10CD680022000000ED16160000000000230000005D
:10CD7800F41616000000000024000000DE1525004F
:10CD88000000000025000000D40607030405000089
:10CD9800260000000906070304050000270000001C
:10CDA800FE2526032021000028000000E6040503D4
:10CDB80002030000290000001C0404030203000011
:10CDC8002A0000001C021200000000002B000000D6
:10CDD80084020303000100002C000000DD040903A5
:10CDE800020300002D000000E80203030001000018
:10CDF8002E0000000B020200000000002F000000BF
:10CE0800990308030001000030000000290D1501F6
:10CE18000C00000031000000270C14000000000086
:10CE2800320000004E2525031213000033000000D5
:10CE3800C404050302030000360000000F1B1B0397
:10CE4800181900003700000003191900000000003D
:10CE58003D000000A7484800000000003E00000018
:10CE6800B71A1A00000000003F00000077B5B500AF
:10CE78000000000040000000BFE1E10000000000E9
:10CE880041000000762A2A0000000000420000004D
:10CE98009406060302030000430000001504040082
:10CEA8000000000045000000F30B1E010A0000000E
:10CEB800460000007C122603101100004900000003
:10CEC80026252603202100004A000000141414001F
:10CED800000000004B0000009E2323031E1F0000DB
:10CEE8004C000000982121031E1F00004D00000087
:10CEF8008F030A0308090000500000000E04040311
:10CF080002030000510000006A161600000000002D
:10CF1800520000003127330324250000530000008D
:10CF28001625250000000000540000008F35350349
:10CF380032330000550000008C333300000000003D
:10CF48005600000005353503323300005700000055
:10CF5800963333000000000059000000E71C1C0055
:10CF6800000000005A000000B73838000000000038
:10CF78005B0000003F2A2A00000000005C0000005F
:10CF880036212100000000005D0000002F515100F3
:10CF98000000000064000000AF1A2200000000003A
:10CFA80065000000662075000000000066000000B3
:10CFB8009E2075000000000067000000D0143900B2
:10CFC8000000000068000000382074000000000025
:10CFD800690000005D3E3F00000000006A0000009C
:10CFE8008A2C2C00000000006B0000006C404100FF
:10CFF800000000006C00000020545C0000000000ED
:10D008006D000000B9090900000000006E00000072
:10D0180054FEFE03010200006F00000022101203FC
:10D028001011000070000000AE0C0C0000000000A1
:10D03800710000007C24270000000000720000003E
:10D04800ED2C2C000000000073000000044040009C
:10D0580000000000740000004C16180000000000DA
:10D068007500000080060603040500007600000035
:10D07800380E0E000000000077000000740C0C034E
:10D088000A0B0000780000008661610000000000C3
:10D0980079000000ED020203000100007A000000A0
:10D0A800CB020203000100007B000000FA7171034B
:10D0B800000100007C000000572339000000000038
:10D0C8007D000000CB060600000000007E00000086
:10D0D800DC4F51034F5000007F000000192323004C
:10D0E8000000000080000000E22323000000000090
:10D0F800810000002E1618000000000082000000C9
:10D108001D0D0D000000000083000000DFFFFF0080
:10D118000000000084000000550E270000000000F9
:10D1280085000000061212000000000086000000C2
:10D13800E52B2B000000000087000000CB0808004A
:10D148000000000088000000011616000000000022
:10D1580089000000C30E1000000000008A000000D3
:10D168006D247800000000008B000000A82B2B0322
:10D17800292A00008C000000B529290000000000C1
:10D188008D0000002F202000000000008E0000000D
:10D1980048F3F300000000008F000000830E100029
:10D1A80000000000900000007F5D5D0000000000AE
:10D1B8009200000067646400000000009300000013
:10D1C8009A2436000000000094000000B23C4E0093
:10D1D8000000000095000000C81E3C000000000090
:10D1E800A2000000BD08090000000000C000000007
:10D1F800242C360000000000E1000000D041490066
:10D2080000000000E6000000A32A2A000000000039
:10D21800E70000006928280000000000E80000007E
:10D22800973F410000000000E900000023B6B60067
:10D2380000000000EA000000962828000000000016
:10D24800EB000000B32A2A0000000000F1000000F3
:10D258005A20200000000000F200000068343C0062
:10D2680000000000F300000055353D0134000000C7
:10D27800F40000005F06060000000000F500000052
:10D288008202020000000000F6000000B826260016
:10D2980000000000F7000000511313000000000018
:10D2A800F800000008FEFE0303040000F900000077
:10D2B800CC24240000000000FA000000311E1E00EB
:10D2C80000000000FB000000AA121200000000008D
:10D2D800FC0000002C12120000000000FD000000FD
:10D2E8005333360000000000FE0000002E0909003C
:10D2F8000000000000010000472A2A030809000076
:10D30800010100008309090000000000020100007B
:10D31800BB20E80300010000030100005CEBED0006
:10D32800000000000401000092050E00000000004B
:10D3380005010000B31B3D000000000006010000CD
:10D348000C121700000000000701000085FFFF0015
:10D358000000000008010000311C2000000000004F
:10D36800090100001A101400000000000A01000062
:10D37800C1FFFF03020300000B01000023FFFF03AE
:10D38800020300000C0100000E0404030203000065
:10D398000D0100006DD5D700000000000E0100004F
:10D3A8003B131400000000000F0100001634350084
:10D3B80000000000130100007E1F20000000000094
:10D3C80014010000123132000000000015010000B5
:10D3D8003E1E1E000000000018010000462121002A
:10D3E8000000000019010000300D0D0000000000D1
:10D3F8001A0100007B232303202100001B010000E9
:10D408004A909500000000001C01000063202003E2
:10D418001E1F00001D010000892831032627000077
:10D428001E010000D2353903323300001F0100000D
:10D438000117170314150000200100001417170323
:10D448001415000022010000FB2E2E000000000031
:10D45800230100000A3939000000000027010000FC
:10D46800EA0C0C0000000000280100009E29290396
:10D47800242500002B01000013606200000000005A
:10D488002C010000D9161600000000002D01000034
:10D49800F33A3A0000000000360100001C111100A8
:10D4A80000000000370100005F74740000000000F5
:10D4B80040010000F31414030203000041010000BE
:10D4C800580202030001000042010000F395950094
:10D4D80000000000430100004E9393030001000088
:10D4E8004401000084929200000000004A010000FC
:10D4F800179EA700000000004B0100005BE6E90052
:10D50800000000004C010000ECEFEF0000000000FC
:10D518004D010000E76D6D00000000004E010000A5
:10D52800480A3500000000004F010000E11818000B
:10D538000000000050010000F554540000000000F5
:10D5480053010000C7050500000000005401000059
:10D55800634646000000000059010000D11515037C
:10D56800020300005E010000E814FC000000000057
:10D57800680100000B191900000000006901000093
:10D588005D21210000000000720100004B576D0072
:10D5980000000000730100000A1A1A0000000000D1
:10D5A800740100001A8C8C00000000007501000056
:10D5B800752A2A000000000077010000FB8C8C000F
:10D5C8000000000078010000C70808000000000003
:10D5D8007C010000E8141400000000008101000034
:10D5E8009385850302030000820100008410100364
:10D5F80004050000830100000448480304050000F6
:10D608008401000008252503202100008601000070
:10D618009CEEF000000000008B01000000D4D40054
:10D62800000000008C01000032A0A00000000000F3
:10D638008D010000B66C6C00000000009001000035
:10D648006EFEFE030405000091010000B706060304
:10D65800040500009A010000A03535000000000014
:10D668009B0100006A030300000000009C01000009
:10D6780021060603040500009D0100004D0707036D
:10D6880004050000B3010000862E2E0000000000F3
:10D69800B4010000C109090000000000B501000044
:10D6A8001E01010000000000B80100004223230011
:10D6B8000000000028230000718989000000000094
:10D6C8002D230000752222000000000064320000B3
:10D6D800722C2C030001000065320000FE3B3B0366
:10D6E8001E1F0000663200008C353503040500005B
:10D6F80067320000F92E2E03000100006832000096
:10D708004D3636031C1D000069320000312B2B03F7
:10D7180000010000733200005EF9F9030001000007
:10D72800763200008B3333000000000077320000AF
:10D7380007121203101100007832000014050500CA
:10D7480000000000982F8A4291443771CFFBC0B582
:10D75800A5DBB5E95BC25639F111F159A4823F92B4
:10D76800D55E1CAB98AA07D8015B8312BE8531240D
:10D77800C37D0C55745DBE72FEB1DE80A706DC9BCE
:10D7880074F19BC1C1699BE48647BEEFC69DC10F7A
:10D79800CCA10C246F2CE92DAA84744ADCA9B05CB6
:10D7A800DA88F97652513E986DC631A8C82703B079
:10D7B800C77F59BFF30BE0C64791A7D55163CA0687
:10D7C80067292914850AB72738211B2EFC6D2C4D93
:10D7D800130D385354730A65BB0A6A762EC9C28181
:10D7E800852C7292A1E8BFA24B661AA8708B4BC217
:10D7F800A3516CC719E892D1240699D685350EF441
:10D8080070A06A1016C1A419086C371E4C774827F7
:10D81800B5BCB034B30C1C394AAAD84E4FCA9C5B6D
:10D82800F36F2E68EE828F746F63A5781478C884BE
:10D838000802C78CFAFFBE90EB6C50A4F7A3F9BEA0
:10D84800F27871C60000000000005454522052457E
:10D858004747455300000000000610160006101642
:10D8680000000000010203040000000000000000A6
:10D878000102030406070809494E4600696E66005E
:10D888004E414E006E616E00300030313233343517
:10D898003637383941424344454600303132333413
:10D8A800353637383961626364656600496E666982
:10D8B8006E697479004E614E005245454E54206D94
:10D8C800616C6C6F63207375636365656465640080
:10D8D8002F646174612F6A656E6B696E732F776F41
:10D8E800726B73706163652F474E552D746F6F6C43
:10D8F800636861696E2F61726D2D31342F737263A5
:10D908002F6E65776C69622D63796777696E2F6E04
:10D9180065776C69622F6C6962632F7374646C69D4
:10D92800622F64746F612E630042616C6C6F6320B8
:10D93800737563636565646564002F646174612F42
:10D948006A656E6B696E732F776F726B7370616344
:10D95800652F474E552D746F6F6C636861696E2F24
:10D9680061726D2D31342F7372632F6E65776C6918
:10D97800622D63796777696E2F6E65776C69622FA0
:10D988006C6962632F7374646C69622F6D70726561
:10D99800632E6300232D302B2000686C4C006566D5
:10D9A80067454647004300504F534958002E002C06
:10D9B8002066756E6374696F6E3A200061737365D3
:10D9C8007274696F6E2022257322206661696C6506
:10D9D800643A2066696C6520222573222C206C69C4
:10D9E8006E65202564257325730A00000500000074
:10D9F800190000007D0000000080E03779C3414332
:10DA0800176E05B5B5B89346F5F93FE9034F384D9C
:10DA1800321D30F94877825A3CBF737FDD4F157548
:10DA2800000000000000F03F00000000000024405B
:10DA380000000000000059400000000000408F4036
:10DA4800000000000088C34000000000006AF840A1
:10DA58000000000080842E4100000000D0126341C5
:10DA68000000000084D797410000000065CDCD413B
:10DA7800000000205FA00242000000E8764837421C
:10DA8800000000A2941A6D42000040E59C30A242BA
:10DA98000000901EC4BCD64200003426F56B0C432F
:10DAA8000080E03779C3414300A0D88557347643D6
:10DAB80000C84E676DC1AB43003D9160E458E14337
:10DAC800408CB5781DAF154450EFE2D6E41A4B44AC
:10DAD80092D54D06CFF08044F64AE1C7022DB544F1
:10DAE800B49DD9794378EA440020202020202020C2
:10DAF80020202828282828202020202020202020F6
:10DB08002020202020202020208810101010101005
:10DB18001010101010101010100404040404040451
:10DB280004040410101010101010414141414141EB
:10DB380001010101010101010101010101010101CD
:10DB480001010101101010101010424242424242DD
:10DB5800020202020202020202020202020202029D
:10DB68000202020210101010200000000000000045
:10DB7800000000000000000000000000000000009D
:10DB8800000000000000000000000000000000008D
:10DB9800000000000000000000000000000000007D
:10DBA800000000000000000000000000000000006D
:10DBB800000000000000000000000000000000005D
:10DBC800000000000000000000000000000000004D
:10DBD800000000000000000000000000000000003D
:10DBE80000000000000000000000000000000080AD
:10DBF800DB0F4940DB0F49C0DB0F49BFE4CB1640C0
:10DC0800E4CB16C00000000000000080000FC93FF0
:10DC1800000F494000CB9640000FC9400053FB401D
:10DC280000CB164100ED2F41000F49410031624100
:10DC380000537B41003A8A4100CB9641005CA341E6
:10DC480000EDAF41007EBC41000FC94100A0D541A5
:10DC58000031E24100C2EE410053FB4100F20342B1
:10DC6800003A0A420083104200CB164200141D42BB
:10DC7800005C234200A5294200ED2F4200363642BF
:10DC8800007E3C4200C74242000F4942A200000009
:10DC9800F9000000830000006E0000004E00000044
:10DCA800440000001500000029000000FC000000EE
:10DCB8002700000057000000D1000000F500000018
:10DCC80034000000DD000000C0000000DB000000A0
:10DCD8006200000095000000990000003C00000070
:10DCE800430000009000000041000000FE0000001A
:10DCF8005100000063000000AB000000DE000000DF
:10DD0800BB000000C500000061000000B700000073
:10DD1800240000006E0000003A00000042000000ED
:10DD28004D000000D2000000E000000006000000E6
:10DD3800490000002E000000EA0000000900000071
:10DD4800D1000000920000001C000000FE0000004E
:10DD58001D000000EB0000001C000000B1000000E6
:10DD680029000000A70000003E000000E8000000B5
:10DD78008200000035000000F50000002E000000C1
:10DD8800BB0000004400000084000000E90000001F
:10DD98009C0000007000000026000000B400000095
:10DDA8005F0000007E000000410000003900000014
:10DDB80091000000D6000000390000008300000038
:10DDC8005300000039000000F40000009C0000002F
:10DDD800840000005F0000008B000000BD00000010
:10DDE800F9000000280000003B0000001F000000B0
:10DDF800F800000097000000FF000000DE000000AF
:10DE080005000000980000000F000000EF0000006F
:10DE18002F000000110000008B0000005A000000D5
:10DE28000A0000006D0000001F0000006D000000E7
:10DE3800360000007E000000CF0000002700000030
:10DE4800CB00000009000000B70000004F000000F0
:10DE5800460000003F000000660000009E00000031
:10DE68005F000000EA0000002D00000075000000BF
:10DE780027000000BA000000C7000000EB00000007
:10DE8800E5000000F10000007B0000003D000000FC
:10DE98000700000039000000F70000008A000000B9
:10DEA8005200000092000000EA0000006B00000031
:10DEB800FB0000005F000000B10000001F00000030
:10DEC8008D0000005D000000080000005600000002
:10DED800030000003000000046000000FC000000C5
:10DEE8007B0000006B000000AB000000F0000000A9
:10DEF800CF000000BC000000200000009A000000D5
:10DF0800F4000000360000001D000000A900000019
:10DF1800E300000091000000610000005E000000C6
:10DF2800E60000001B00000008000000650000007B
:10DF380099000000850000005F0000001400000048
:10DF4800A000000068000000400000008D000000F4
:10DF5800FF000000D8000000800000004D00000015
:10DF680073000000270000003100000006000000D8
:10DF7800060000001500000056000000CA0000005E
:10DF880073000000A8000000C90000006000000045
:10DF9800E20000007B000000C00000008C000000D0
:10DFA8006B0000006937AC3168212233B40F143399
:10DFB8006821A2333863ED3EDA0F493F5E987B3F14
:10DFC800DA0FC93F0000C93F0000F0390000DA3716
:10DFD8000000A2330000842E0000502B0000C2274E
:10DFE8000000D0220000C41F0000C61B0000441718
:0CDFF80004000000070000000900000009
:08E004008C21FF7F01000000E8
:04E00C00050C0008F7
:04E01000DD0B00081C
:10E01400FFFFFFFF0000C0410000803F010100003E
:10E0240000000000000000000000000000000000EC
:10E0340000000000000000000000000000000000DC
:10E044000000000000000000C409000000000000FF
:10E0540000000000000000000000000000000000BC
:10E0640000000000000000000000000000000000AC
:10E0740000000000C4090000C4090000C409000035
:10E08400C4090000C409000000000000CDCC4CC04D
:10E094000000E84100000000CDCC4CC00000E84185
:10E0A400000000000000C84164000000307500005A
:10E0B40001000000100000000024F4000000000033
:10E0C40003000000D4380020BC0000200000000041
:10E0D400D43800203C390020A4390020000000007E
:10E0E400000000000000000000000000000000002C
:10E0F400000000000000000000000000000000001C
:10E10400000000000000000000000000000000000B
:10E1140000000000000000004300000000000000B8
:10E1240000000000000000000000000000000000EB
:10E134000000000000000000430000000000000098
:10E1440000000000000000000000000000000000CB
:10E154000000000000000000430000000000000078
:10E1640000000000000000000000000000000000AB
:10E174000000000000000000430000000000000058
:10E18400000000000000000000000000000000008B
:10E194000000000000000000430000000000000038
:10E1A400000000000000000000000000000000006B
:10E1B4000000000000000000430000000000000018
:10E1C400000000000000000000000000000000004B
:10E1D40000000000000000004300000000000000F8
:10E1E400000000000000000000000000000000002B
:10E1F400000000000000000025AD0008A5AC0008E8
:10E2040000000000F0DA0008B5D90008F2D90008CF
:10E21400F2D90008F2D90008F2D90008F2D90008AE
:10E22400F2D90008F2D90008F2D90008F2D900089E
:10E23400FFFFFFFFFFFFFFFFFFFFFFFFFFFF0000E8
:10E244000100415343494900000000000000000060
:10E2540000000000000000000000000000000000BA
:10E264000000415343494900000000000000000041
:10E27400000000000000000000000000000000009A
:04E284000000000096
:040000050800854D1D
:00000001FF
