:020000040800F2
:100000000000022065890008FD290008FF2900087A
:10001000012A0008032A0008052A00080000000041
:10002000000000000000000000000000072A000897
:10003000092A0008000000000B2A00080D2A000809
:10004000B5890008B5890008B5890008B589000898
:10005000B5890008B5890008B5890008B589000888
:10006000B5890008B5890008B5890008152A000877
:10007000B5890008B5890008252A0008352A000836
:10008000B5890008B5890008B5890008B589000858
:10009000B5890008B5890008B5890008B589000848
:1000A000B5890008B5890008B5890008B589000838
:1000B000B5890008B5890008452A0008B5890008F7
:1000C000B5890008B5890008B5890008B589000818
:1000D000552A0008652A0008B5890008B589000876
:1000E000752A0008B5890008B5890008B589000897
:1000F000892A0008B5890008B5890008992A0008EE
:10010000B5890008B5890008B5890008B5890008D7
:10011000B5890008A92A0008B92A0008B58900088D
:10012000B5890008B5890008C92A0008B589000802
:10013000D92A00080000000000000000B58900086E
:10014000B5890008B5890008B5890008B589000897
:10015000B5890008B5890008E92A0008B5890008B2
:10016000B5890008B5890008B5890008B589000877
:10017000B5890008B58900080000000000000000F3
:08018000B5890008B5890008EB
:1001900001F0FF01102A2BDB10F0070F08D010F838
:1001A000013B013A8B422DD010F0070F42B3F6D13C
:1001B000F0B441EA012141EA014122F007047FF055
:1001C00000070023F0E80256083C85EA010586EAAC
:1001D000010685FA47F5A3FA87F586FA47F6A5FAE8
:1001E00087F68EB9EED1F0BC01F0FF0102F00702F4
:1001F00032B110F8013B013A83EA010313B1F8D19F
:100200000020704701387047002D06BF354603387F
:10021000073815F0010F07D1013015F4807F02BFB8
:10022000013015F4C03F0130F0BC0138704700BF09
:10023000034613F8012B002AFBD1181A0138704726
:1002400081F0004102E000BF83F0004330B54FEA87
:1002500041044FEA430594EA050F08BF90EA020FF4
:100260001FBF54EA000C55EA020C7FEA645C7FEA87
:10027000655C00F0E2804FEA5454D4EB5555B8BFAA
:100280006D420CDD2C4480EA020281EA030382EA1B
:10029000000083EA010180EA020281EA0303362DAD
:1002A00088BF30BD11F0004F4FEA01314FF4801C80
:1002B0004CEA113102D0404261EB410113F0004F92
:1002C0004FEA03334CEA133302D0524263EB430349
:1002D00094EA050F00F0A780A4F10104D5F1200EE7
:1002E0000DDB02FA0EFC22FA05F2801841F1000142
:1002F00003FA0EF2801843FA05F359410EE0A5F116
:1003000020050EF1200E012A03FA0EFC28BF4CF046
:10031000020C43FA05F3C01851EBE37101F00045FC
:1003200007D54FF0000EDCF1000C7EEB00006EEB09
:100330000101B1F5801F1BD3B1F5001F0CD3490893
:100340005FEA30004FEA3C0C04F101044FEA4452EA
:1003500012F5800F80F09A80BCF1004F08BF5FEA71
:10036000500C50F1000041EB045141EA050130BD51
:100370005FEA4C0C404141EB0101013C28BFB1F563
:10038000801FE9D291F0000F04BF01460020B1FAAE
:1003900081F308BF2033A3F10B03B3F120020CDA81
:1003A0000C3208DD02F1140CC2F10C0201FA0CF05F
:1003B00021FA02F10CE002F11402D8BFC2F1200CC4
:1003C00001FA02F120FA0CFCDCBF41EA0C0190407A
:1003D000E41AA2BF01EB0451294330BD6FEA0404C3
:1003E0001F3C1CDA0C340EDC04F11404C4F12002AE
:1003F00020FA04F001FA02F340EA030021FA04F3C0
:1004000045EA030130BDC4F10C04C4F1200220FA16
:1004100002F001FA04F340EA0300294630BD21FA54
:1004200004F0294630BD94F0000F83F4801306BF1A
:1004300081F480110134013D4EE77FEA645C18BF0E
:100440007FEA655C29D094EA050F08BF90EA020FA5
:1004500005D054EA000C04BF1946104630BD91EA9D
:10046000030F1EBF0021002030BD5FEA545C05D1A0
:100470004000494128BF41F0004130BD14F58004DF
:100480003CBF01F5801130BD01F0004545F0FE4153
:1004900041F470014FF0000030BD7FEA645C1ABF88
:1004A000194610467FEA655C1CBF0B46024650EABF
:1004B000013406BF52EA033591EA030F41F40021EB
:1004C00030BD00BF90F0000F04BF0021704730B571
:1004D0004FF4806404F132044FF000054FF0000146
:1004E00050E700BF90F0000F04BF0021704730B507
:1004F0004FF4806404F1320410F0004548BF4042DC
:100500004FF000013EE700BF42004FEAE2014FEA30
:1005100031014FEA02701FBF12F07F4393F07F4F0B
:1005200081F06051704732F07F4208BF704793F00E
:100530007F4F04BF41F40021704730B54FF4607421
:1005400001F0004521F000411CE700BF50EA010224
:1005500008BF704730B54FF000050AE050EA0102CD
:1005600008BF704730B511F0004502D5404261EB3D
:1005700041014FF4806404F132045FEA915C3FF47E
:10058000D8AE4FF003025FEADC0C18BF03325FEA1B
:10059000DC0C18BF033202EBDC02C2F1200300FACC
:1005A00003FC20FA02F001FA03FE40EA0E0021FAF1
:1005B00002F11444BDE600BF70B54FF0FF0C4CF4DF
:1005C000E06C1CEA11541DBF1CEA135594EA0C0F91
:1005D00095EA0C0F00F0DEF82C4481EA030621EACC
:1005E0004C5123EA4C5350EA013518BF52EA033507
:1005F00041F4801143F4801338D0A0FB02CE4FF0B9
:100600000005E1FB02E506F00042E0FB03E54FF0E8
:100610000006E1FB03569CF0000F18BF4EF0010EE0
:10062000A4F1FF04B6F5007F64F5407404D25FEADC
:100630004E0E6D4146EB060642EAC62141EA55518F
:100640004FEAC52040EA5E504FEACE2EB4F1FD0CD1
:1006500088BFBCF5E06F1ED8BEF1004F08BF5FEA4F
:10066000500E50F1000041EB045170BD06F0004601
:1006700046EA010140EA020081EA0301B4EB5C04AE
:10068000C2BFD4EB0C0541EA045170BD41F48011A6
:100690004FF0000E013C00F3AB8014F1360FDEBFCB
:1006A000002001F0004170BDC4F10004203C35DAA7
:1006B0000C341BDC04F11404C4F1200500FA05F32A
:1006C00020FA04F001FA05F240EA020001F00042CB
:1006D00021F0004110EBD37021FA04F642EB060141
:1006E0005EEA430E08BF20EAD37070BDC4F10C046B
:1006F000C4F1200500FA04F320FA05F001FA04F22F
:1007000040EA020001F0004110EBD37041F100011A
:100710005EEA430E08BF20EAD37070BDC4F1200525
:1007200000FA05F24EEA020E20FA04F301FA05F28D
:1007300043EA020321FA04F001F0004121FA04F235
:1007400020EA020000EBD3705EEA430E08BF20EA05
:10075000D37070BD94F0000F0FD101F0004640003F
:1007600041EB010111F4801F08BF013CF7D041EAC1
:10077000060195F0000F18BF704703F000465200C5
:1007800043EB030313F4801F08BF013DF7D043EA96
:100790000603704794EA0C0F0CEA135518BF95EA4C
:1007A0000C0F0CD050EA410618BF52EA4306D1D1D3
:1007B00081EA030101F000414FF0000070BD50EAF2
:1007C000410606BF1046194652EA430619D094EA7C
:1007D0000C0F02D150EA013613D195EA0C0F05D166
:1007E00052EA03361CBF104619460AD181EA0301BA
:1007F00001F0004141F0FE4141F470014FF0000072
:1008000070BD41F0FE4141F4780170BD70B54FF00C
:10081000FF0C4CF4E06C1CEA11541DBF1CEA13558C
:1008200094EA0C0F95EA0C0F00F0A7F8A4EB05046E
:1008300081EA030E52EA03354FEA013100F0888065
:100840004FEA03334FF0805545EA131343EA12632E
:100850004FEA022245EA111545EA10654FEA0026E3
:100860000EF000419D4208BF964244F1FD0404F59C
:10087000407402D25B084FEA3202B61A65EB0305F8
:100880005B084FEA32024FF480104FF4002CB6EBB5
:10089000020E75EB030E22BFB61A754640EA0C0035
:1008A0005B084FEA3202B6EB020E75EB030E22BF75
:1008B000B61A754640EA5C005B084FEA3202B6EBB6
:1008C000020E75EB030E22BFB61A754640EA9C0075
:1008D0005B084FEA3202B6EB020E75EB030E22BF45
:1008E000B61A754640EADC0055EA060E18D04FEA03
:1008F000051545EA16754FEA06164FEAC30343EAA3
:1009000052734FEAC2025FEA1C1CC0D111F4801F6F
:100910000BD141EA00014FF000004FF0004CB6E768
:1009200011F4801F04BF01430020B4F1FD0C88BF07
:10093000BCF5E06F3FF6AFAEB5EB030C04BFB6EB12
:10094000020C5FEA500C50F1000041EB045170BD05
:100950000EF0004E4EEA113114EB5C04C2BFD4EB32
:100960000C0541EA045170BD41F480114FF0000EB6
:10097000013C90E645EA060E8DE60CEA135594EA32
:100980000C0F08BF95EA0C0F3FF43BAF94EA0C0F35
:100990000AD150EA01347FF434AF95EA0C0F7FF4AA
:1009A00025AF104619462CE795EA0C0F06D152EAFE
:1009B00003353FF4FDAE1046194622E750EA4106E2
:1009C00018BF52EA43067FF4C5AE50EA41047FF4F3
:1009D0000DAF52EA43057FF4EBAE12E74FF0FF3C58
:1009E00006E000BF4FF0010C02E000BF4FF0010C29
:1009F0004DF804CD4FEA410C7FEA6C5C4FEA430CA2
:100A000018BF7FEA6C5C1BD001B050EA410C0CBFF0
:100A100052EA430C91EA030F02BF90EA020F002052
:100A2000704710F1000F91EA030F58BF994208BFB9
:100A300090422CBFD8176FEAE37040F00100704776
:100A40004FEA410C7FEA6C5C02D150EA013C07D1CD
:100A50004FEA430C7FEA6C5CD6D152EA033CD3D018
:100A60005DF8040B704700BF8446104662468C4612
:100A70001946634600E000BF01B5FFF7B7FF002845
:100A800048BF10F1000F01BD4DF808EDFFF7F4FF6E
:100A90000CBF012000205DF808FB00BF4DF808EDF9
:100AA000FFF7EAFF34BF012000205DF808FB00BF1C
:100AB0004DF808EDFFF7E0FF94BF012000205DF83E
:100AC00008FB00BF4DF808EDFFF7CEFF94BF0120F3
:100AD00000205DF808FB00BF4DF808EDFFF7C4FFEC
:100AE00034BF012000205DF808FB00BF4FEA410C35
:100AF0007FEA6C5C02D150EA013C0AD14FEA430C18
:100B00007FEA6C5C02D152EA033C02D14FF0000054
:100B100070474FF0010070474FEA410212F5001292
:100B200015D211D56FF47873B3EB625212D94FEA34
:100B3000C12343F0004343EA505311F0004F23FA1E
:100B400002F018BF404270474FF00000704750EA73
:100B5000013005D111F0004008BF6FF00040704730
:100B60004FF00000704700BF53B94AB9002908BFD1
:100B700000281CBF4FF0FF314FF0FF3000F00CB8E1
:100B8000ADF1080C6DE904CE0CF030F8DDF804E0AE
:100B9000DDE9022304B07047704700BF0348044BEF
:100BA000834202D0034B03B1184770477402002000
:100BB00074020020000000000548064B1B1AD90FE4
:100BC00001EBA301491002D0034B03B11847704752
:100BD00074020020740200200000000010B5064CD2
:100BE000237843B9FFF7DAFF044B13B10448AFF39E
:100BF00000800123237010BD74020020000000005B
:100C0000E4CE000808B5054B1BB105490548AFF314
:100C10000080BDE80840FFF7CFBF00BF0000000024
:100C200078020020E4CE000803E0DFED0C7A30EE1D
:100C3000670ADFED0B7AB4EEE70AF1EE10FAF4DAA8
:100C400003E0DFED067A30EE270ADFED067AB4EE38
:100C5000E70AF1EE10FAF4D4704700BF0000B44385
:100C600000003443000034C30F4B1B680F4A126866
:100C70009A4209D00E4A11680E4A11600B4A13605D
:100C80000C4B93ED000A70470B4BD3ED007A9FEDB0
:100C90000B7A67EE877A074B93ED007A77EE877AC7
:100CA000C3ED007AECE700BF3C0300200000002009
:100CB00048030020900200204403002017B7513859
:100CC00010B41A4C24786CB390ED007A184CD4ED23
:100CD000006A67EE265A91ED006A164CD4ED007A50
:100CE00026EE275A75EE855A27EEC77A26EE866AD3
:100CF00037EE067AD2ED004A26EEA46A93ED005A4A
:100D000027EE854A36EE046A67EEE47A66EE856A77
:100D100077EEA67AC0ED005A81ED007A82ED006A86
:100D2000C3ED007A5DF8044B704700BFB8020020A5
:100D300008000020BC0200203E4B1B7833B93E4B1C
:100D40001A683E4B1A603B4B01221A703C4BD3EDA4
:100D5000007AF1EE677A3B4B1B68834248D3394BEC
:100D600018609FED397A354BD3ED006ADFED375AC5
:100D700087EE256AF7EE005AB4EEE56AF1EE10FA56
:100D800001DDB0EE656A77EEE67A67EE867A77EE99
:100D9000A67A2A4BC3ED007A77EEE67A9FED2C6AAD
:100DA00027EE067AF4EEC77AF1EE10FA35DD76EE2C
:100DB000876AC3ED006A214B93ED007ADFED257A57
:100DC000B4EEE77AF1EE10FA01DDC3ED007A1B4BC9
:100DD00093ED007ADFED207AB4EEE77AF1EE10FAC7
:100DE00001D5C3ED007A154B1A681C4B1A60704789
:100DF000C31A07EE103AB8EE477ADFED136A27EE12
:100E0000267A104B1860F6EE006AB4EEE67AF1EE40
:100E100010FAA8DD9FED0C7AA5E7B1EE476AB4EEB3
:100E2000E76AF1EE10FAC6DD76EEC76A034BC3ED52
:100E3000006AC0E7A4020020340300209C020020C6
:100E40001C030020A00200206F12833ACDCCCC3DC1
:100E5000000048420000F0420000F0C2FC02002006
:100E6000794BD3ED006A794BD3ED007A76EEE76AE1
:100E7000F3EE027AF4EEE76AF1EE10FA09DCFBEE2B
:100E8000027AF4EEE76AF1EE10FA04D5FBEE026A9C
:100E900001E0F3EE026A6E4B1B680BB96C4B1860F5
:100EA0006B4A1368C31A07EE903AF8EE677A27EE9A
:100EB000800A1060DFED677AB4EEE70AF1EE10FA0F
:100EC00009DCDFED657AB4EEE70AF1EE10FA04D53D
:100ED0009FED620A01E09FED620A66EE807A614B47
:100EE00093ED007A77EE877AC3ED007AB3EE097A54
:100EF000F4EEC77AF1EE10FA32DD83ED007A5A4B48
:100F000093ED006AF1EE087A26EE276ADFED575A74
:100F100066EEA55A534BD3ED007A77EEA77A75EEBD
:100F2000A77A534B93ED007AB2EE005A27EE057A7A
:100F300077EEC77A77EE867A9FED4E7AF4EEC77A2F
:100F4000F1EE10FA17DC9FED4C7AF4EEC77AF1EE71
:100F500010FA63D4F4EE677AF1EE10FA21D00CE0C7
:100F6000BBEE097AF4EEC77AF1EE10FAC7D53D4B25
:100F700083ED007AC3E7DFED3F7A37EEE57A3C4B4D
:100F800093ED005AF2EE004A25EE245A37EE057A28
:100F900037EE467AB6EE005A27EE057A314B83EDEE
:100FA000007A364BC3ED006A354BC3ED005A2D4B2A
:100FB00093ED007A37EE077A324B83ED007A2C4BB3
:100FC00093ED007AFAEE006A27EE267A2E4B83ED37
:100FD000007A2E4B83ED006AF0EEE76A2C4B93ED1E
:100FE000007AB0EEC77AF4EEC76AF1EE10FA18D8BC
:100FF0009FED287A20EE070A254B93ED007A37EE15
:10100000007AB4EEE77AF1EE10FA0DD5D3ED007A5E
:1010100077EE807A1E4BC3ED007A7047DFED167ACB
:10102000ABE79FED1D7AE5E7194B93ED007A37EEBC
:10103000407AB4EEE77AF1EE10FAEBDDD3ED007A08
:1010400077EEC07AE6E700BFF40200202803002014
:10105000B40200200AD7233CACC527376F1283396E
:101060006F12833AB0020020A80200200000204244
:10107000F002002000001644000016C4E402002024
:10108000E0020020DC020020D8020020D402002070
:101090000003002000401C4700401C4610B1044AD9
:1010A0001268026011B1034B1B680B60704700BFF0
:1010B0004C0300204403002070B505460C46C6785A
:1010C000202E28BF202620220021204608F01CFACE
:1010D000324605F10C01204608F095FA70BD00007B
:1010E000002862D000B589B0437A817A43EA0123AF
:1010F000C17A43EA01434C2B32D9B3F58E7F33D109
:101100006946FFF7D9FF9DF81E30012B2CD89DF8BA
:101110001F300BB19A2B27D1DDED007AF4EE677A00
:10112000F1EE10FA32D6DDED027AF4EE677AF1EEE6
:1011300010FA2BD61D4B1B78CBB9DDED000A9DEDC7
:10114000020A0AF0E9FA30EE000ADFED197A20EE21
:10115000270A184B83ED000A174B00221A6003E0A0
:101160004B2B01D303F085FE09B05DF804FB00238F
:101170000E4A1370114A1370114B1B680D4A13600D
:10118000104A1360082003F0BDFED6E7DDED057AB6
:10119000F4EE677AF1EE10FAE6D69FED057A67EE87
:1011A000877A054BC3ED007ADEE770470C0000201C
:1011B000E12E6542FC020020F802002024030020FA
:1011C00050030020F402002038B50D4B1B680024AA
:1011D0005C639C63DC6322464FF40041094805F0E0
:1011E000B0FA094D22464FF48061284605F0A9FA6D
:1011F00022464FF40061284605F0A3FA38BD00BF2F
:1012000034230020000002400008024010B5104CBA
:1012100001224FF40061204605F093FA01224FF4B9
:101220008051204605F08DFA012005F0CFFD094CD4
:101230000021204606F0E8FD0421204606F0E4FDEA
:101240000821204606F0E0FDFFF7BEFF10BD00BFFD
:10125000000002403423002038B52DED028B00251C
:101260002C469FED268AF0EE488A01E00134E4B274
:101270000F2C11D8224801F0D5FE0028F6DB204DB6
:10128000284601F0C9FF78EEC08A284601F0D8FF51
:1012900038EE408A0125E9E715B9BDEC028B38BD6F
:1012A000F0EE480AB0EE680A0AF036FADFED157A79
:1012B00020EE270AF1EE407A134BC3ED007AB0EE30
:1012C000C00A9FED127AB4EEC70AF1EE10FAE4DB21
:1012D0009FED0F7A27EE878AB0EE480A0AF064FA8B
:1012E0000C4B83ED000AB0EE480A0AF09DFA0A4B57
:1012F00083ED000A094B01221A70CEE700000000BE
:1013000054050020E12E6542C00200200000344256
:1013100035FA8E3C08000020BC020020B8020020F4
:101320002DE9F04D2DED048B84B00446F0EE409A8B
:101330000D4690461E469DF844B0129F9DF850A061
:1013400001F070FE0028C0F2EF80BBF1000F7BD0EF
:10135000FFEE008A204601F05FFF60EE287ACDEDB7
:10136000037A204601F062FFB0EE409A204601F079
:1013700067FF60EE287ACDED027A204601F06AFF21
:1013800060EE287ACDED017A204601F06DFFB0EED7
:10139000408A204601F072FF60EE287ACDED007A97
:1013A0006B4601AA02A903A8FFF78AFCBAF1000F55
:1013B0004DD1DDED020A9DED030A0AF0ADF9DFED36
:1013C0005D7A27EEC00A109B0BB183ED008A33785B
:1013D000002B6BD1FFF728FC85ED000A0023C8F82D
:1013E000003001233370002F00F0A080139B002BEE
:1013F00000F09E80DFED507A9DED010A20EE270A75
:1014000068EE270A9DED001A21EE271A3B7D002B7E
:1014100072D04A4B1B78002B7AD0B0EE693ADDEDE2
:10142000022AB0EE492ADDED031A384602F093F89D
:10143000384602F0EBF9139B83ED000A012004B05B
:10144000BDEC048BBDE8F08DF7EE008A82E79DEDE0
:10145000030A20EE000A69EE097A70EE277A9DED04
:10146000020A20EE000A37EE800A0AF07BF9F7EE56
:10147000007A30EE670AB0EEC00A304B1B7853B1E9
:10148000DFED2F7AB4EEE70AF1EE10FA91DD2B4B87
:1014900000221A708DE7DFED2B7AB4EEE70AF1EE49
:1014A00010FA86D5254B01221A7082E7D5ED008A05
:1014B00068EE297A78EEA78A30EE680AFFF7B4FB67
:1014C0001E4B1B786BB1B7EE087AC9EE877AB7EE80
:1014D000007AF4EEC77AF1EE10FA04DDF7EE007A46
:1014E00001E0DFED197A27EE800A30EE280AFFF7D7
:1014F0009BFB85ED000A76E79DED021AF0EE490AA6
:101500009DED030A384602F001F8104B3B618FE76E
:10151000DFED0D1AB0EE693AF0EE612AB0EE612A05
:10152000384602F018F883E7002088E7012086E7B4
:10153000012084E7E12E654235FA8E3C0D00002043
:10154000CDCC4C3ECDCCCC3D000000008FC2F53C54
:1015500070B52DED028B88B0B0EE408A0023079362
:1015600006936C4E012504956B4B03936B4B0293D2
:10157000019507AB00936A4B6A4A6B493046FFF707
:10158000CFFE0446694B93ED007ADDED077A77EEE6
:10159000C77A9FED677A67EE877A93ED007A77EEE8
:1015A000877AC3ED007A0023049303930293019595
:1015B00006AB00935F4B604A6049B0EE480AA6F65E
:1015C000EC50FFF7ADFE002C00F09C80002800F0EE
:1015D0009980534B1B78002B00F09480554B1B785F
:1015E000002B00F08F80554B93ED008AB1EE488AB6
:1015F000534B1B78002B4BD14B4B1B68514A13604C
:10160000514A13604E4B1D70504B1B78002B53D129
:10161000414BD3ED008A4E4B1B78002B50D14D4BE4
:10162000C3ED008A4C4BC3ED008A494B01221A706E
:101630004A4B1B78002B54D1494B83ED008A494B10
:1016400083ED008A454B01221A703E4B93ED008AD0
:10165000434BD3ED007A38EE278AB0EE480AFFF705
:10166000E3FA414B83ED000A404B83ED008ADDED48
:10167000077A9DED067A77EEC77A3D4BC3ED007A87
:101680003C4B01221A703C4A1368013313603CE062
:10169000254BD3ED008A2C4C94ED000A38EEC00A9D
:1016A000FFF7C2FA274BD3ED007A77EE807AC3EDCD
:1016B000007AC4ED008AA7E71B4BD3ED008AAAE7A6
:1016C000254C94ED000A38EEC00AFFF7ADFA214B25
:1016D000D3ED007A77EE807AC3ED007AC4ED008A0C
:1016E000A6E7204C94ED000A38EE400AFFF79CFA7A
:1016F0001B4BD3ED007A77EE807AC3ED007A84ED50
:10170000008AA2E71B4B00221A7008B0BDEC028BC6
:1017100070BD00BF40130020500300205403002080
:10172000780300207C03002080030020F0020020CA
:10173000CDCCCC3D6C03002070030020740300204E
:101740003003002034030020380300200C00002068
:1017500024030020280300202C030020180300206D
:101760001C030020200300204C030020480300201D
:1017700044030020400300203C03002070B52DED01
:10178000088BB0EE409AF0EE608AF0EE419A464D3A
:101790002B68DC6AF0EE410AB0EE680A0AF084F8C1
:1017A000F0EE490A0AF080F8B0EE408AF0EE690ADD
:1017B000B0EE680A0AF0A0F8F0EE490A0AF09CF8C8
:1017C00038EE008AFEEE007A28EE278A39EE089A73
:1017D000DFED36BA89EE2B0A9FED35BAF6EE00AA98
:1017E000F0EE4B0A30EE2A0A0AF05EF89FED31AABD
:1017F000F0EE4A0A0AF080F8B0EE409A78EE888A55
:1018000088EEAB0AF0EE4B0A30EE2A0A0AF04CF8EA
:10181000F0EE4A0A0AF070F8F0EE408A39EE881AC3
:1018200081EE2B0AF0EE4B0A30EE2A0A0AF03CF861
:10183000F0EE4A0A0AF060F8B0EE408A1E4B83EDE3
:10184000009A1E4BC3ED008A1D4B83ED000A012256
:101850004FF400411B4804F074FF1B4E01224FF46B
:101860008061304604F06DFF01224FF40061304684
:1018700004F067FF07EE904AF8EE677A27EE897A60
:101880002B68BCEEC77A83ED0D7A67EEA88AFCEE72
:10189000E88AC3ED0E8A67EE887AFCEEE77AC3ED3C
:1018A0000F7ABDEC088B70BD342300203D0A074140
:1018B0000AD7A33C48E17A3FCC020020C8020020AE
:1018C000C4020020000002400008024000B52DEDD7
:1018D000048B83B0002001F051F94C4B1B78002B96
:1018E00064D0694601A801F0A7FD9DED019ADDEDE8
:1018F000007A474B83ED009A464BC3ED007A77EEB2
:10190000A77A77EE898ADFED447A68EEA78AFFF737
:10191000ABF9424BD3ED007A37EE800ADFED400A97
:10192000F1EE007A20EE270A09F0F8FEB5EEC00AC3
:10193000F1EE10FA46D43B4B83ED000ADFED3A7A24
:1019400020EE278AB0EE480A09F02EFFF0EE409A0A
:10195000B0EE480A09F068FF29EE297A68EE807A2D
:1019600037EE277A69EE407A68EEA98A77EEA87A90
:101970002E4B83ED007A2E4BC3ED007A2D4BD3ED29
:10198000000ADFED2D7A60EEA70AF1EE027AF4EE9E
:10199000E70AF1EE10FA1ADCF9EE027AF4EEE70A41
:1019A000F1EE10FA15D5F9EE020A12E000231F4AF3
:1019B00013601F4A1360214A1360214A1360FFF726
:1019C00003FC1EE0DFED167A30EE270AB3E7F1EEF6
:1019D000020A1A4B00221A60194BC3ED000A20EECE
:1019E000C00A60EEA90AFEEE007A60EE277A9FED4B
:1019F000157A60EE870A37EEE01A77EEA00AFFF755
:101A0000BDFE03B0BDEC048B5DF804FB4003002079
:101A100014030020100300203ACD133F04000020DF
:101A20000000B443D002002035FA8E3C0C030020A5
:101A3000080300200003002075029A3BEC020020FE
:101A4000E8020020D7B35D3F08B50268064B9A4212
:101A500000D008BD022001F091F8044B1B78002B48
:101A6000F7D0FFF733FFF4E7002001400403002024
:101A700008B50368064A934203D0064A934203D04E
:101A800008BD03F045FAFBE703F074FCF8E700BF7C
:101A9000005000400010014000B587B003681C4AA8
:101AA000934205D01B4A93421AD007B05DF804FB5D
:101AB00000220092184B1B68196800915968009128
:101AC0000099019219680191596801910199029256
:101AD0001A6802925B680293029B03F04DFAE4E7F6
:101AE000002203920D4B1B681968039159680391FA
:101AF0000399049219680491596804910499059214
:101B00001A6805925B680593059B03F09FFCCCE780
:101B10000050004000100140D42500208C250020FA
:101B200008B50F220C49002003F076FD00230BE0DE
:101B30000A4A03F120004FF0FF3142F8201003F170
:101B4000600042F820100133072BF1D9034B20220B
:101B50005A6003F085FCFCE700CF000800E100E0DC
:101B600010B594B008AC30220021204607F0CCFC20
:101B700000230393049305930693079301932A4A42
:101B8000116C41F080511164126C02F0805201928C
:101B9000019A0293254B1A6842F480421A601B682E
:101BA00003F480430293029B092308934FF480338C
:101BB000099301230D9302230E934FF480020F9299
:101BC000102210924FF4A8721192129304231393CF
:101BD000204604F0E1F878B10A2308930023099322
:101BE00001220B9210210C910D9202220E920F9362
:101BF000204604F0D1F890B90F23039302230493F5
:101C0000002305934FF4A05306934FF4805307939A
:101C1000052103A804F024FB18B914B010BDFFF788
:101C20007FFFFFF77DFF00BF0038024000700040DB
:101C300070B52DED068B05F09DF8FFF791FF00F0D4
:101C4000A7F900F0BEFF00F071FB00F0B1FD00F05D
:101C500095FD03F07DFB03F0A1F9B14803F098F97D
:101C6000B04803F049F9002003F04CF900F02AFADB
:101C700000F06EFA00F0AEFBAB4C0423AB4AAC496B
:101C8000204601F054F8204601F08CFA002848DB89
:101C9000A84C4FF40063A54AA549204601F047F837
:101CA000204601F07FFA00283DDB00F0CFFCFFF773
:101CB000ADFA01F0EDFA05F083F89F4C206005F0D5
:101CC0007FF8606009229D49002003F0A5FC9C4A32
:101CD000D2F8FC3043F08073C2F8FC30994B0022FC
:101CE0005A601A6842F001021A605968964A1160F7
:101CF0005A68964B1A60964B1B68964EB3FBF6F6E5
:101D0000FA2202FB06F607EE903AF8EE677AB7EE93
:101D1000007AC7EE279AFFF79FFA8F4B01221A70BD
:101D20009DE0FFF7FDFEFFF7FBFE07EE903AB8EEF1
:101D3000670A854B1C6020EE290AFFF709FC9BE02F
:101D40002846FEF7F9FF9CE09FED848A844B93EDD3
:101D5000009A844BD3ED007A39EE679A89EE08AA8F
:101D6000F3EE0E7AB4EEE7AAF1EE10FA09DCFBEE20
:101D70000E7AB4EEE7AAF1EE10FA04D5BBEE0EAA85
:101D800001E0B3EE0EAA784B93ED000AF0EEC08AA4
:101D9000B0EEC90ADFED757A20EE270A09F0E2FC01
:101DA00038EE800AF3EE0E7AB4EEE70AF1EE10FA9E
:101DB00001DDB0EE670AB4EEC0AAF1EE10FA08DC5D
:101DC000B1EE400AB4EECA0AF1EE10FA01DCB0EE50
:101DD0004A0A9FED677A28EE077A664BD3ED007AC0
:101DE00030EE670AB4EEC07AF1EE10FA08D4B1EE24
:101DF000477AB4EEC07AF1EE10FA01DCB0EE407A28
:101E000077EE877A5B4BC3ED007A67EE887AB5EEA2
:101E1000C09AF1EE10FA04DDB4EEE79AF1EE10FA92
:101E200076D4B5EEC09AF1EE10FA69D44D4B93ED2D
:101E3000007A37EE877A83ED007A87EE887A4E4B08
:101E400083ED007AB0EE690A2046FFF709F82846CC
:101E500003F0FEF8384B5B68EB1A632B5BD803F09A
:101E6000FFFA04F0ADFF0546364B5C68364B1B6845
:101E7000E31A9E427FF659AF404B1B78012B3FF48B
:101E80005FAF324A1368E31A1460374AD2ED007A22
:101E9000F5EE407AF1EE10FA10D007EE903AF8EE37
:101EA000677A67EEA97A92ED007A67EE877A2C4B13
:101EB00093ED007A77EE277AC3ED007A304B1B68FA
:101EC0000BB92F4B1C602E4A1368E31A08EE103A28
:101ED000B8EE488A28EE298A1460DFED2A7AB4EE3B
:101EE000E78AF1EE10FA3FF72FAFDFED277AB4EE75
:101EF000E78AF1EE10FA7FF529AF9FED248A25E7F6
:101F0000B4EEE79AF1EE10FA90DDF0EE497A8DE743
:101F1000F0EE497A8AE7084B5D6001F02DFA9EE702
:101F2000E11000089D10000840130020000402404A
:101F3000DC220020540500208803002010CF000878
:101F400000ED00E0001000E084030020AC0200205F
:101F5000A800002040420F00040300206F12833AC3
:101F6000FC020020F4020020F80200200000704370
:101F70000000F04294020020A80200200C00002083
:101F8000980200200AD7233CACC527376F1283394B
:101F90002DE9F0438BB005AD002405940694079419
:101FA000089409940094434B1A6B42F080021A6320
:101FB0001A6B02F080020092009A01941A6B42F0B0
:101FC00001021A631A6B02F001020192019A029453
:101FD0001A6B42F002021A631A6B02F002020292BA
:101FE000029A03941A6B42F004021A631A6B02F00D
:101FF00004020392039A04941A6B42F008021A63D3
:102000001B6B03F008030493049B2B4F224649F6F5
:102010000701384604F095FBDFF8A080012240F666
:102020000401404604F08DFBDFF8949022464FF403
:102030004061484604F085FB072305930126069678
:10204000079608942946384604F07EFA40F60403C1
:1020500005930696079408942946404604F074FABE
:102060004FF4A05305934FF4881306930794294621
:10207000404604F069FA4FF4184305930696079416
:1020800008942946384604F05FFA4FF440630593FC
:102090000696079408942946484604F055FA2246C5
:1020A0000621282004F018FE282004F025FE0BB09D
:1020B000BDE8F08300380240000002400004024006
:1020C0000008024000B585B00023009301930293FD
:1020D00003931D481D4A02604FF4803242608360C2
:1020E00001220261037680F820304FF08051C162F6
:1020F0004FF060618162C3600223C36180F83020C9
:10210000426103F043FBB0B906230093012301931E
:102110000223029369460C4803F074FD70B907234B
:102120000093022301936946074803F06BFD40B911
:1021300005B05DF804FBFFF7F3FCE5E7FFF7F0FC03
:10214000EDE7FFF7EDFCF3E7D4210020002001408C
:1021500000B585B0002300930193029303931548C3
:10216000154A02604FF48032426083600361037657
:1021700080F82030C362114A8262C3600122C261CA
:1021800080F83030426103F001FB68B9032300930B
:1021900001230193062302936946064803F032FDAA
:1021A00028B905B05DF804FBFFF7BAFCEEE7FFF7CE
:1021B000B7FCF6E78C210020002201400100000F4F
:1021C000F0B58BB00023059306930793089309930A
:1021D0000368334A934204D0324A934253D00BB03F
:1021E000F0BD0446002501952F4B5A6C42F48072D5
:1021F0005A645A6C02F480720192019A02951A6B29
:1022000042F001021A631A6B02F001020292029A72
:1022100003951A6B42F004021A631B6B03F004036C
:102220000393039BE82305930327069705AE3146E6
:102230001E4804F089F9082305930697079531464F
:102240001B4804F081F91B481B4B03604560856007
:10225000C5604FF4806303614FF4006343614FF442
:10226000005383614FF48073C3614FF40033036202
:10227000456204F0F7FA18B90E4BA3639C63AEE70E
:10228000FFF74EFCF8E700230493074B5A6C42F427
:1022900080625A645B6C03F480630493049B9EE742
:1022A00000200140002201400038024000000240AE
:1022B000000802402C2100207064024010B584B058
:1022C0000023009301930293039300900123019351
:1022D00010280AD0062302936946134803F092FCA3
:1022E00028B10024204604B010BD0723F3E70E48B0
:1022F00003F078FA80B10024F4E7013B0A4A12683F
:10230000126812F0020F01D1002BF6D13BB9002464
:10231000054803F009FBE5E744F62063EEE70248D1
:1023200003F021FC84B2F3E78C21002010B582B0C9
:1023300000240094264B1A6B42F400121A631A6BA5
:1023400002F400120092009A01941A6B42F4800287
:102350001A631B6B03F480030193019B2246022145
:102360000B2004F0B9FC0B2004F0C6FC224602212D
:102370000E2004F0B1FC0E2004F0BEFC2246032126
:102380000F2004F0A9FC0F2004F0B6FC2246022125
:102390002F2004F0A1FC2F2004F0AEFC22460321E4
:1023A0003A2004F099FC3A2004F0A6FC22460221CF
:1023B0003C2004F091FC3C2004F09EFC22460321CA
:1023C000462004F089FC462004F096FC02B010BDC3
:1023D0000038024008B50E480E4B03604FF482737C
:1023E000436000238360C3600222026101224261D4
:1023F0004FF400728261C3610362436283620A2305
:10240000C36204F0DDFD00B908BDFFF789FBFBE7FF
:10241000DC2200200038004030B589B0002303934F
:1024200004930593069307930268334B9A4201D0B5
:1024300009B030BD04460025019503F500331A6C40
:1024400042F480421A641A6C02F480420192019AAA
:1024500002951A6B42F002021A631B6B03F002032F
:102460000293029B4FF460430393022304930323DC
:1024700006930523079303A9204804F065F8204834
:10248000204B036045608560C5604FF48063036145
:1024900045618561C5614FF400330362456204F014
:1024A000E1F918BB164BE3649C631748174B0360B4
:1024B0000023436040228260C3604FF48062026167
:1024C00043618361C3614FF400320262436204F0EE
:1024D000C9F970B90C4BA3649C6300220421242029
:1024E00004F0FAFB242004F007FCA1E7FFF718FB37
:1024F000D8E7FFF715FBEDE7003800400004024085
:102500007C220020586002401C22002070600240A3
:1025100010B58AB000230593069307930893099397
:1025200003682E4A934207D02D4A93422DD02D4A5C
:1025300093423ED00AB010BD002401942A4B1A6C7D
:1025400042F004021A641A6C02F004020192019A29
:1025500002941A6B42F002021A631B6B03F002032F
:102560000293029B4FF4E0730593022306930993B1
:1025700005A91E4803F0E8FF224621461E2004F06C
:10258000ABFB1E2004F0B8FBD4E700220392164BED
:10259000196C41F0100119641B6C03F010030393D4
:1025A000039B0321362004F097FB362004F0A4FBA4
:1025B000C0E7002204920C4B596C41F002015964AF
:1025C0005B6C03F002030493049B02212C2004F0B3
:1025D00083FB2C2004F090FBACE700BF0008004018
:1025E0000010004000040140003802400004024096
:1025F00000B587B0002301930293039304930593DE
:10260000026803F1804303F582339A4202D007B097
:102610005DF804FB002300930A4B1A6B42F004029E
:102620001A631B6B03F004030093009B4FF4E073E9
:102630000193022302930323059301A9024803F0A7
:1026400083FFE4E7003802400008024030B597B04D
:1026500000241294139414941594109411940994D2
:102660000A940B940C940D940E940F9420252A46F2
:10267000214601A806F048FF3E483F4B03604460F6
:10268000856041F26703C360046101234361846193
:1026900005F020FA002852D14FF48053129312A96A
:1026A000344805F022FB00284CD1324805F03EFAB0
:1026B00000284AD1702310930023119310A92D48AC
:1026C00005F020FC002843D16023099300220A92E0
:1026D0000B920C920D920E920F9209A9254805F0CB
:1026E00089FA002837D1042209A9224805F082FA84
:1026F000002833D1082209A91E4805F07BFA80BBC7
:102700007023099340F63C730A930C2209A91948D7
:1027100005F070FA40BB00230193029303930493E6
:1027200005934FF400520692089301A9114805F051
:102730002FFCE0B90F48FFF75BFF17B030BDFFF784
:10274000EFF9A9E7FFF7ECF9AFE7FFF7E9F9B1E730
:10275000FFF7E6F9B8E7FFF7E3F9C4E7FFF7E0F9B9
:10276000C8E7FFF7DDF9CBE7FFF7DAF9D3E7FFF7C3
:10277000D7F9DFE7342300200004014008B50A48F8
:102780000A4B03604FF4E133436000238360C3606E
:1027900003610C2242618361C36105F04CFD00B905
:1027A00008BDFFF7BDF9FBE7D4250020005000402D
:1027B00008B50A480A4B03604FF4E1334360002335
:1027C0008360C36003610C2242618361C36105F0D1
:1027D00032FD00B908BDFFF7A3F9FBE78C25002007
:1027E000001001402DE9F0438BB00446002305930F
:1027F00006930793089309930368724A934205D09E
:10280000714A93427DD00BB0BDE8F083002500955E
:102810006E4B1A6C42F480121A641A6C02F4801225
:102820000092009A01951A6B42F004021A631A6B27
:1028300002F004020192019A02951A6B42F008021A
:102840001A631B6B03F008030293029B4FF480533F
:1028500005934FF00209CDF818904FF00308CDF81A
:1028600020800827099705AE3146594803F06CFED1
:1028700004230593CDF818900795CDF8208009978B
:102880003146544803F060FE5348544B03604FF008
:10289000006343608560C5604FF4806303614561F8
:1028A0008561C5610562456203F0DCFF18BB4A4BD8
:1028B000E3639C634A484B4B03604FF00063436003
:1028C000402383600023C3604FF480620261436150
:1028D0008361C3610362436203F0C4FF70B9404B7C
:1028E000A3639C6300220221352004F0F5F9352012
:1028F00004F002FA87E7FFF713F9D8E7FFF710F9BA
:10290000EDE700250395314B5A6C42F010025A64F2
:102910005A6C02F010020392039A04951A6B42F06B
:1029200001021A631B6B03F001030493049B4FF431
:10293000C063059302230693032308930723099397
:1029400005A9294803F000FE2848294B03604FF0F1
:10295000006343608560C5604FF480630361456137
:102960008561C5610562456203F07CFF18BB1F4BA2
:10297000E3639C631F48204B03604FF00063436098
:10298000402383600023C3604FF48062026143618F
:102990008361C3610362436203F064FF70B9154B46
:1029A000A3639C6300220321252004F095F92520D0
:1029B00004F0A2F927E7FFF7B3F8D8E7FFF7B0F87C
:1029C000EDE700BF00500040001001400038024019
:1029D00000080240000C02402C250020106002403C
:1029E000CC240020B8600240000002406C2400208B
:1029F000406402400C240020B8640240FEE7FEE779
:102A0000FEE7FEE7FEE770477047704708B504F041
:102A1000CBF908BD08B5024804F01AF808BD00BF9C
:102A20002C25002008B5024804F012F808BD00BFAC
:102A30007C22002008B5024804F00AF808BD00BF57
:102A40001C22002008B5024804F02DFF08BD00BF7D
:102A5000C423002008B5024804F0BEFD08BD00BF35
:102A6000DC22002008B5024805F096FD08BD00BF35
:102A70008C25002008B54FF4806003F069FE4FF408
:102A8000805003F065FE08BD08B5024804F00BFF56
:102A900008BD00BF3423002008B5024803F0D8FF6A
:102AA00008BD00BFCC24002008B5024805F074FD25
:102AB00008BD00BFD425002008B5024804F0F3FE8D
:102AC00008BD00BF7C23002008B5024803F0C0FF0A
:102AD00008BD00BF6C24002008B5024803F0B8FF11
:102AE00008BD00BF2C21002008B5024803F0B0FF4C
:102AF00008BD00BF0C24002082B0002100910B4BC8
:102B00005A6C42F480425A645A6C02F48042009239
:102B1000009A01911A6C42F080521A641B6C03F007
:102B200080530193019B02B0704700BF0038024000
:102B3000022801D801487047002070470000024079
:102B4000012804D0022804D028B9012070470220AF
:102B50007047042070470020704738B50546FFF7DE
:102B6000E7FF04462846FFF7EBFF04B100B938BD84
:102B700001220146204603F0E4FDF8E738B505469A
:102B8000FFF7D6FF04462846FFF7DAFF0CB10546EB
:102B900000B938BD0146204603F0CCFDB0FA80F202
:102BA00052092946204603F0CCFDF2E708B5002083
:102BB000FFF7D3FF0120FFF7D0FF0220FFF7CDFF83
:102BC00008BD08B5FFF7F2FF08BD002856D02DE973
:102BD000F04792B0884616461D460446002B50D05A
:102BE000837A002B50D00368002B41D04368002B20
:102BF00041D0571C202F04D96FF0060012B0BDE859
:102C0000F0870DF108093A460021484606F07CFCA1
:102C10000DF1280A3A460021504606F075FC68F08E
:102C20007F018DF8081000222189606803F089FD7A
:102C3000642300933B4652464946206804F001FB5A
:102C4000074601222189606803F07BFD77B16FF0B0
:102C50000300D3E74B1C01F149026A4412F8202C0F
:102C60006A5499B28E42F5D80120C7E70021F9E7EE
:102C70006FF00100C2E76FF00100BFE74FF0FF30D7
:102C800070474FF0FF30B9E76FF00600B6E7002855
:102C900047D0F0B583B00F4616460446837A002B22
:102CA00042D00368A3B34068A8B301F07F038DF856
:102CB00004308DF805200022218903F042FD6423B1
:102CC000022201A9206804F0DAF9054601222189CF
:102CD000606803F036FD1DB16FF0020003B0F0BD77
:102CE0000A2004F073F800238DF803300DF103037C
:102CF000012239462046FFF768FF00280EDB9DF8C9
:102D00000330B34202D06FF00400E7E70120E5E7AB
:102D10006FF00100E2E76FF00100DFE76FF0030002
:102D2000DCE74FF0FF3070476FF00900D6E7E0B105
:102D3000F8B50F4615461E46044640F6EC520021F3
:102D400006F0E2FB2760656026810123A3724FF045
:102D50007E52E260226162652265E26425B11A4614
:102D60003146284603F0EDFCF8BD704748B108B580
:102D70000A46C17A914207D0C2727621FFF787FFD7
:102D800008BD4FF0FF3070470120F9E720B330B5A0
:102D900083B00C4605460021FFF7E8FF00238DF8BD
:102DA00007300DF10703012250212846FFF70DFFE0
:102DB000002814DB9DF8072022F00F0204F00F0119
:102DC0000A438DF8072050212846FFF760FF0028AE
:102DD00008DB012003B030BD4FF0FF3070476FF0CB
:102DE0000100F7E76FF00200F4E720B330B583B0DD
:102DF0000C4605460021FFF7B9FF00238DF8073088
:102E00000DF1070301224F212846FFF7DEFE0028BF
:102E100014DB9DF8072022F00F0204F00F010A4393
:102E20008DF807204F212846FFF731FF002808DBE7
:102E3000012003B030BD4FF0FF3070476FF001004C
:102E4000F7E76FF00200F4E768B110B5044600211F
:102E5000FFF78CFF012211212046FFF718FF012008
:102E600003F0B4FF10BD7047A8B110B582B004469E
:102E70000021FFF77BFF00238DF807300DF10703DA
:102E8000012275212046FFF7A0FE002805DB9DF8F2
:102E9000070002B010BDFF207047FF20F9E70000D7
:102EA00090B330B583B00C4605460021FFF75EFFB6
:102EB00000238DF807300DF1070301225021284629
:102EC000FFF783FE002822DB9DF8072002F01F0297
:102ED00042EA4412D2B28DF8072050212846FFF76B
:102EE000D6FE002816DBC4F10404012000FA04F425
:102EF00007EE904AF8EEE77A9FED087A67EE877A58
:102F0000C5ED037A03B030BD4FF0FF3070476FF06E
:102F10000100F7E76FF00200F4E700BF000000389F
:102F2000A0B330B583B00C4605460021FFF71EFF65
:102F300000238DF807300DF1070301224F212846A9
:102F4000FFF743FE002824DB9DF8072002F01F0254
:102F500042EA4412D2B28DF807204F212846FFF7EB
:102F600096FE002818DB012000FA04F407EE904AD0
:102F7000F8EEE77ADFED0A6A86EEA77ADFED097AE6
:102F800067EE277AC5ED047A03B030BD4FF0FF300D
:102F900070476FF00100F7E76FF00200F4E700BF41
:102FA0000000FA4400000038002834D010B588B082
:102FB000044604AB0E221D21FFF707FE00282DDB7F
:102FC00000220EE0530008A901EB420111F8100C99
:102FD00021336B4413F8103C43EA002321F8203CD2
:102FE0000132062AEED9BDF900302386BDF9023040
:102FF0006386BDF90430A386BDF90630E386BDF9CA
:1030000008302387BDF90A306387BDF90C30A387E8
:10301000012008B010BD4FF0FF3070476FF0010085
:10302000F7E7000010B50446FFF7BEFF002853DBAA
:10303000B4F9303007EE103AB8EEC77ADFED286AFF
:10304000C7EE267AB3EE097A77EE877AC4ED057A71
:1030500000233DE003F1180204EB4202B2F9022022
:1030600007EE902A94ED037AF8EEE77A67EE877A16
:1030700003F1100204EB820292ED007A77EEC77A38
:1030800003F1120204EB820292ED017A67EE877A75
:103090009A1D04EB8202C2ED007A03F11C0234F99E
:1030A000122007EE902A94ED047AF8EEE77A67EEA4
:1030B000877A03F1160204EB820292ED007A77EE32
:1030C000C77A03F1080204EB8202C2ED017A0133F0
:1030D000022BBFDD012010BD4FF0FF30FBE700BF2A
:1030E000E17A0443002850D030B585B0044603216E
:1030F000FFF716FF00284BDB00250195029503958D
:10310000B5F57A7F35D22046FFF78CFF002842DBE9
:1031100094ED097AD4ED167A37EE277ADFED207A2E
:10312000C7EE276A9DED017A37EE267A8DED017A9A
:1031300094ED0A7AD4ED176A37EE267AC7EE276A3D
:103140009DED027A37EE267A8DED027A94ED0B7AB8
:10315000D4ED186A37EE267AC7EE276ADDED037ADA
:1031600077EEA67ACDED037A012003F02FFE01352C
:10317000C6E7019BA365029BE365039B23660021D1
:103180002046FFF7CDFE012007E04FF0FF307047EB
:103190006FF0010001E06FF0020005B030BD00BF2C
:1031A00000007A4440B310B50446FFF74DFE2046B8
:1031B000FFF75AFE472822D10F224E212046FFF763
:1031C00066FD00281EDB00212046FFF769FE00286F
:1031D0001BDB00212046FFF7A3FE002818DB04219B
:1031E0002046FFF7D3FD04212046FFF7FEFD2046D1
:1031F000FFF778FF012010BD4FF0FF3070476FF0F0
:103200000200F8E76FF00300F5E76FF00400F2E763
:103210006FF00500EFE7000010B190ED060A70476F
:103220009FED010A704700BF0000000010B190ED53
:10323000070A70479FED010A704700BF00000000B9
:1032400010B190ED080A70479FED010A704700BF6A
:103250000000000010B190ED090A70479FED010ACF
:10326000704700BF0000000010B190ED0A0A7047DF
:103270009FED010A704700BF0000000010B190ED03
:103280000B0A70479FED010A704700BF0000000065
:103290002DE9F04102223349334802F065FB98B929
:1032A000304B198889B25C88A4B2304A7AB12D4B70
:1032B000188880B2B3F802C01FFA8CFC814208D192
:1032C000644506D1013AF1E7FEF72AFCE8E7A44697
:1032D00008464FF0000E7446754620E062460346ED
:1032E000204F398889B240F6E44606FB01F12048B8
:1032F000A0FB018CA1EB0C010CEB510C05EBDC25C8
:10330000798889B206FB01F1A0FB0160091A00EB84
:10331000510004EBD0240EF1010E94461846BEF184
:10332000C70F0ED84CF250310029D7D00D4A138860
:103330009BB2528892B29842D2D19445D0D10139F1
:10334000F2E70C49A1FB05239B09064AD360A1FBC8
:1033500004139B09136100235367C2F88030BDE852
:10336000F08100BF10000020D4210020400D030098
:10337000010110001F85EB5108B51020FEF79EFFDC
:10338000E0B1024640F6E44303FB02F20C4BA3FB20
:103390000213D21A03EB5203DA0AA2F53E7303EBCF
:1033A0008303DB0003F6C41003F5CB53043344F26C
:1033B00074018B4202D8034B5A61986208BD00BF6A
:1033C0000101100010000020DFED167A21EE271A0F
:1033D000154BD3ED217A9FED157A67EE877A31EEA2
:1033E000271A83ED211ADFED126A20EE260AD3EDAB
:1033F0001D7A9FED107A67EE877A30EE270A83ED0B
:103400001D0A60EEA60AD3ED207A67EE877A70EE89
:10341000A70AC3ED200A80ED000AD3F880300B60C4
:10342000704700BFCDCCCC3D100000206666663FE3
:103430003333B33E6666263F70B582B006460D460E
:10344000284C218889B240F6E44000FB01F1264B6C
:10345000A3FB01C2891A02EB5102D20A618889B228
:1034600000FB01F1A3FB0103C91A03EB5103DB0AC3
:103470006260A360E168521A00EE102AB8EEC00A3A
:1034800022699B1A00EE903AF8EEE00AFDEEC07A4F
:10349000C4ED067AFDEEE07AC4ED077AD4ED0A7A3F
:1034A000F8EEE77A002301930093694601A89FEDA7
:1034B0000F1A27EE811AFFF787FF9DED017AFDEEC7
:1034C000C77AC4ED087ADDED007AFDEEE77AC4ED47
:1034D000097A0EB186ED007A0DB1009B2B6002B027
:1034E00070BD00BF10000020010110000AD7233C6E
:1034F0004FF07E530360002343608360C360024B40
:1035000003610023037570479A99193E10B52DED9C
:10351000028B0446B0EE408AF0EE418AFFF7E8FFE6
:10352000F0EE680AB0EE480A08F0F6F8F6EE007A17
:1035300020EE278AB0EE480A08F036F984ED000A3A
:10354000B0EE480A08F070F984ED020A01232375F1
:10355000BDEC028B10BD10B52DED108B0446B0EE06
:1035600061BAB0EE429AF0EE628AB0EE43EAD0ED74
:1035700000DAD0ED01CA90ED02CA90ED03DAD0ED89
:1035800004EA6CEEC0AA6CEE207A7AEEE7AA6DEE41
:10359000017A7AEEE7AAF6EE007A6AEEA7AA2DEE95
:1035A00080AA2CEE017A3AEE07AA2DEE207A3AEEA6
:1035B00047AA2AEE27AA6DEEA09A2CEE817A79EE20
:1035C000C79A2DEE007A79EE879A69EEA79A2DEECA
:1035D000818A6CEEA00A38EE208A2CEE000A38EEC2
:1035E000408A28EE278AF5EE401AF1EE10FA0AD149
:1035F000B5EE402AF1EE10FA05D1F5EE402AF1EED3
:1036000010FA00F0B8806BEE0B7A29EE097A77EEAB
:10361000877A28EEA80A37EE800A08F0A3F8B7EEFA
:1036200000FACFEE007A6BEE271A29EE272A68EE11
:10363000A72A3DEEAD1A3CEEAC5A7CEE0C5A7DEE5C
:103640000D3AB1EE006A6DEE868A6CEE860A6CEE7B
:10365000064AB2EE004A2CEE840A2CEE044A2DEE05
:10366000AD7A6CEEAC7A6CEE0C6A2DEE0D3A68EE2B
:10367000A6BA21EEA59A7BEE89BA68EEA78A7BEE00
:10368000A8BA62EE058A7BEEE8BA20EE839A61EE74
:10369000A38A39EE689A27EE067A67EE2C8A39EE0D
:1036A000289A62EE018A39EE689A39EE609A60EEE5
:1036B000278A39EE289A20EE260A39EE009A62EE21
:1036C000A00A39EE209A67EE0C8A21EE811A78EE74
:1036D000818A24EE833A78EE838A62EE233A78EE8A
:1036E000E38A78EEE48A24EE277A78EE878A24EE5D
:1036F000264A78EE848A62EEA42A78EEA28A27EE21
:1037000086BA2BEE0DBA61EE851A3BEE61BA66EE13
:10371000866A66EE8D6A3BEE26BA22EE252A3BEEDD
:1037200042BA6BEEAB7A29EE097A77EE877A28EE09
:10373000A87A77EE877A2BEE0B0A37EE800A08F02C
:1037400011F8CFEE007A6BEEA7BA29EE279A68EE51
:10375000A78A2BEE27BA6EEEABBA7AEEEBAA2EEE64
:10376000899A3AEE49AA6EEEA88A79EEE89A6EEE48
:103770008BEA38EE6E8A6AEE8EAA7AEEADAA2AEE4F
:103780000EAA3AEE2CAA69EE8E9A79EE8C9A28EE61
:103790000E8A38EE0D8A6AEEAA7A2AEE0A7A77EE57
:1037A000877A29EEA97A77EE877A28EE080A37EE2B
:1037B000800A07F0D7FFB7EE007AC7EE007A6AEE0C
:1037C000A7AAC4ED00AA2AEE27AA84ED01AA69EEF1
:1037D000A79AC4ED029A28EE278A84ED038ABDECED
:1037E000108B10BD08B590ED000AD0ED027A20EEE6
:1037F000270AD0ED037A90ED017A67EE877A30EEF2
:10380000670A30EE000A07F05BFF08BD08B5FFF756
:10381000E9FFDFED027A20EE270A08BDE12E6542BE
:103820000A88D3B258400301DBB280EA030C604639
:10383000030243EA12231BB283EACC0383EA1C137C
:103840000B80704730B583B004464FF6FF73ADF878
:10385000063006E00DF1060114F8010BFFF7E0FF5A
:1038600029464B1E9DB20029F4D1BDF8060003B0D5
:1038700030BD70B506460C4605E0314614F8010B24
:10388000FFF7CEFF2A46531E9DB2002AF5D170BD28
:103890002DE9F04FC9B08146D0F808A0D0F80CB09F
:1038A0000269436980690090D9F81C000190D9F839
:1038B00020000290D9F824000390002405E051F87C
:1038C000245008A840F8245001340F2CF7DD1020B4
:1038D00020E0811E08AC54F821504FEAF54181EAFE
:1038E000754181EA9521C51F54F825502944A0F15E
:1038F0000F0554F825604FEAB64585EAF61585EAC6
:10390000D6052944A0F1100554F82550294444F85F
:10391000201001303F28DCDDDDF80CE0029E019F25
:103920000099984614465D46D4460020CDF810A074
:10393000F246CDF814B00692079330E04FEAF12E2C
:103940008EEAB11E8EEA716ED64401EA070226EABB
:10395000010A82EA0A027244254B53F820301A44C5
:103960000DF1200E5EF820301A444FEA7C3A8AEAC4
:10397000BC0A8AEABC5A85EA040E0EEA0C0E05EA75
:10398000040B8EEA0B0ED6440130B2463E460F467B
:1039900008EB0201A0462C46654602EB0E0C3F28C0
:1039A000CCDDD646DDF810A0DDF814B0069A079BF2
:1039B0000CEB0A00C9F808005D44C9F80C50144427
:1039C000C9F810404344C9F81430009B1944C9F8A1
:1039D0001810019B1F44C9F81C70029B1E44C9F8B3
:1039E0002060039B7344C9F8243049B0BDE8F08FD0
:1039F00064DB000800B54FF0E90C4FF0000EE6451F
:103A000020D20EEB0C0301335A0823F0010101EB25
:103A100053030E4951F8233083420ED883420FD30B
:103A200002EB4203094951F8233083420CD102EBE7
:103A3000420201EB82005DF804FB02F1FF3CDEE78D
:103A40009646DCE77246EBE70020F4E76CD000080E
:103A5000044B188880B2044B1B889BB2C01AC0F379
:103A6000080070470E2B00200C2B002080B110B5F1
:103A70000146084B1C78032C09D840F22312064853
:103A800002FB040005F0BFFD0134024B1C7010BDA9
:103A9000704700BF102D0020142D0020074B1B780D
:103AA00033B942F20F73984205D9054B1868704735
:103AB000034B186870474FF47A707047DC3200206F
:103AC0009C00002008B51C4B1B788BB11B4B93F856
:103AD0004130212B2FD01A490B881A4A128892B2F2
:103AE00012FA83F3C3F308030B80134B00221A70FE
:103AF000FFF7AEFF0246F0B1114B1B8810FA83F3BB
:103B00009BB2B3F5007F05D90D4B1A8892B2C2F56E
:103B1000007292B20B4B1A80074B01211970084BAF
:103B20001988094B13FA81F1044804F019FC10B10B
:103B3000014B00221A7008BD082B0020D42500205C
:103B40000C2B00200A2B0020102B002008B5104B56
:103B50001A88104B1B88D1B192B29BB28E469B1A29
:103B6000013BC3F30803994211D8002309E010F880
:103B700003C0094901F802C00132C2F3080201334F
:103B80009BB27345F3D3024B1A80FFF79BFF08BD2E
:103B90000E2B00200C2B0020102B00202DE9F041D3
:103BA00005460E46CC788A78FE2A01D00C3117E003
:103BB000027044708B798370CB79C3700B7A037178
:103BC0004B7A4371CA780C31063005F01CFDF3784E
:103BD00006331D444FF00508002730E0013CE4B2F5
:103BE000012C04D90B1913F8013C002BF6D02A70D4
:103BF0006C703379AB707379EB70B3792B71F379A7
:103C00006B71337AAB71737AEB71737AB27A43EA80
:103C10000223F27A43EA02431B0A2B72F37A6B7295
:103C2000224605F10A0005F0EEFC04F10A031D44EA
:103C3000377917F001070FD04FF009080D273388A7
:103C40002B7033881B0A6B704FB908EB0403F8180C
:103C5000033080B2BDE8F0814FF00908EFE73A4643
:103C600006F58B71A81C05F0CEFCEEE72DE9F041BE
:103C700090B007460E461546036803EBC202026089
:103C80009A4202D2426801324260C3F3C5080CE096
:103C900007F1280022463146404405F0B4FCA04418
:103CA00026442D1BB8F1400F06D03DB3C8F14004A7
:103CB000A542EDD22C46EBE707F12802002314E0E1
:103CC00002EB830E0DEB830C9EF803100DF823100E
:103CD0009EF802108CF801109EF801108CF802106A
:103CE00012F823108CF8031001330F2BE8DD69461E
:103CF0003846FFF7CDFD4FF00008D6E710B0BDE81D
:103D0000F081F0B593B004460E460568ED08C5F1A4
:103D1000770505F03F0580238DF80030472200210C
:103D20000DF1010005F0F0FB226805F150036B4432
:103D300003F8482C23681A0A05F14F036B4403F873
:103D4000482C628805F14E036B4403F8482CE27856
:103D500005F14D036B4403F8482C626805F14C03F0
:103D60006B4403F8482C63681A0A05F14B036B4453
:103D700003F8482CE28805F14A036B4403F8482C09
:103D8000E37905F149020DEB020707F8483C05F11C
:103D9000090269462046FFF769FFE37A3370A37A88
:103DA0007370637AB370237AF370E37B3371A37B10
:103DB000737113B0F0BD0000002859D0F0B59DB06C
:103DC0000C4616461D460146007810F0010001D150
:103DD0001DB0F0BD4A78234603F8012B91ED027B1C
:103DE0008DED007B0098C4F80100BDF804209A8096
:103DF0008B68CA68013342F100028B60CA600023FD
:103E0000029303931B4B04931B4B05931B4B06938D
:103E10001B4B07931B4B08931B4B09931B4B0A939C
:103E200003F17453A3F52303A3F692430B9302AF5C
:103E3000202210313846FFF719FF2A46314638460E
:103E4000FFF714FF9DF88C2022993846FFF70EFFEC
:103E5000022224993846FFF709FF072221463846F7
:103E6000FFF704FFE11D3846FFF74BFF0D20AFE7DA
:103E70000020704767E6096A85AE67BB72F36E3C47
:103E80003AF54FA57F520E518C68059BABD9831F25
:103E90002DE9F04F89B005461E469DF84CC01B7BAE
:103EA00013F002030AD13069002868D0007810F0BE
:103EB000010F68D14FF00008474602E04FF00008BC
:103EC0004746002B63D0FE20A8709DF848C006240A
:103ED00085F803C0E9712A7200222A71B8F1000F37
:103EE00001D001222A7100226A71B279AA710132CD
:103EF000B271AA788DF81420EA788DF81520002B7D
:103F00005BD0AB798DF81630EB798DF817302B7AC2
:103F10008DF818306B7A8DF81930A246611E89B27F
:103F20000DF11500FFF78EFCADF8120005F10C093C
:103F30000DF1120BEA7849465846FFF79AFC5946AC
:103F40009DF85000FFF76CFCEB789DF8122009F803
:103F50000320EB780133BDF81220120A09F8032080
:103F6000BDF812302B80B8F1000F45D1EB789A44A0
:103F700007EB0A00023080B209B0BDE8F08F4FF0C5
:103F8000000847469DE74FF001080D2799E7FD20FF
:103F9000A87005F10C0003E00CF1FF3C5FFA8CFC0B
:103FA000BCF1010F07D900EB0C0414F8014C002CF4
:103FB000F2D00A248CE70A248AE72B798DF8163090
:103FC0006B798DF81730AB798DF81830EB798DF867
:103FD00019302B7A8DF81A306B7AAA7A43EA0223C9
:103FE000EA7A43EA02438DF81B301A128DF81C203E
:103FF0001B148DF81D3090E7EB7809EB0302029259
:104000000193CDF80090234605AA05F58B71306920
:10401000FFF7D2FEAAE7000010B588B086460C462E
:1040200094460C9A05928DF818309DF828308DF83A
:1040300019309DF82C308DF81A309DF834308DF8F9
:104040001B3003238DF81C3005AB03CBCCF80C00E0
:10405000CCF810101B788CF8143000238CF8093041
:104060008CF80A308CF80B30322302930923019329
:104070000093044B224671466046FFF709FF08B0E3
:1040800010BD00BFA82A002010B588B086460C4697
:104090009446ADF814309DF828308DF816309DF810
:1040A0002C308DF817300C9B06939DF834308DF82A
:1040B0001C309DF838308DF81D3005AB03CBD06037
:1040C00011611B88938200234D228CF809208CF803
:1040D0000A308CF80B308F2302930A2301930323B9
:1040E0000093044B224671466046FFF7D1FE08B0AC
:1040F00010BD00BFA82A002010B586B09DF8204052
:104100000494039300230293FF23019300920B4630
:1041100002469A210120FFF7B7FF06B010BD10B587
:10412000CCB003AC009313460A4601462046FFF785
:10413000E3FF2046FFF79AFC4CB010BD08B511B163
:1041400005F061FA08BD05F0DFF9FBE72DE9F04164
:1041500092B006460F461446199A05928DED0A0A4A
:10416000CDED0B0A8DED0C1A1C9A0D92BDF868204E
:10417000ADF838208DF83A309DF860308DF83B303E
:10418000CDED0F1A8DED102A9DF874308DF8443066
:1041900010221B9906A8FFF7D1FF05AD04F10C0C06
:1041A0000DF14408AE46BEE80F00CCF80000CCF894
:1041B0000410CCF80820CCF80C3075460CF1100C2B
:1041C000C645EFD19EF800308CF800301D23637295
:1041D0000123A3720023E372892302933123019305
:1041E00028230093044B3A4631462046FFF750FE01
:1041F00012B0BDE8F08100BFA82A0020F0B5ABB036
:1042000005460E461446DDE93601CDE90401069364
:10421000339B0793349B08938DED090ACDED0A0A71
:104220008DED0B1ACDED0C1A8DED0D2ACDED0E2A6C
:10423000BDF8E030ADF83C30BDF8E430ADF83E30CC
:104240009DF8E8308DF8A0303B9BCDF8A1302022BE
:10425000309910A8FFF772FF2022319918A8FFF7B4
:104260006DFF2022329920A8FFF768FF95273A4674
:1042700004A904F10C0005F0C6F91B2363720123A5
:10428000A3720023E3724A230293019790230093C1
:10429000034B324629462046FFF7FAFD2BB0F0BD0E
:1042A000A82A002070B505460C46C678212E28BFE6
:1042B000212621220021204605F026F9324605F16B
:1042C0000C01204605F09FF970BD70B505460C46FF
:1042D000C678232E28BF232623220021204605F05E
:1042E00013F9324605F10C01204605F08CF970BD3A
:1042F00070B505460C46C678202E28BF2026202201
:104300000021204605F000F9324605F10C01204657
:1043100005F079F970BD000070B52DED048B8AB001
:104320000446B0EE609A0D461646F6EE007A20EE90
:10433000270ADFED1C9A60EE298AB0EE680A07F0C2
:1043400033FA8DED060A9FED188A8DED078AB0EEDF
:10435000680A07F069FA8DED080A8DED098A29EEE1
:10436000299A02F02DFD0346104A1288012005907B
:104370000021049106A90391029201930096B0EEE8
:10438000482AF0EE481AB0EE481AF0EE490AB0EEAC
:10439000480A2B4622469A21FFF7D8FE0AB0BDEC08
:1043A000048B70BD35FA8E3C00000000D032002036
:1043B00010B58CB0044602F003FD03469FED160ACB
:1043C000E0210B9101200A900022099208919FEDB3
:1043D000107B8DED067B04924FF4807203920F4A9E
:1043E00002920F4A01920F4A0092F0EE402AB0EE7C
:1043F000402ADFED0D1A9FED0D1AF0EE400A22461D
:104400009A21FFF7FBFE0CB010BD00BFAFF3008098
:104410000000000000000000000000001CCF0008A9
:104420002CCF000834CF0008DB0FC93FDB0FC9BF1A
:1044300010B5CAB001AC2046FFF7BAFF2046FFF71F
:1044400015FB4AB010BD00002DE9F043CDB0044685
:1044500015461E4640F2FF13984240D0B0F5007F4B
:1044600078D1D1ED007AFCEEE77A17EE903A40F27F
:104470001B12934209D040F21D1293420ED03346D4
:104480002A460321FFF74BFE68E0FFF7D1FF3346D2
:104490002A4600212046FFF742FE5FE0314B1B68B1
:1044A000B3B101AF002201920DF10808029241461A
:1044B000384698470DF10C0932462946DDED020ACF
:1044C0009DED010A4846FFF727FF4846FFF7CEFA61
:1044D00033462A4600212046FFF721FE3EE0D1ED7B
:1044E000007AFCEEE77A17EE902AD1ED017AFCEE25
:1044F000E77A17EE903A3BB11B49A1FB030189090A
:10450000B3F57A7F11D30B4640F21B118A420ED0CD
:1045100040F21D118A4216D1144A136033462A46CE
:1045200000212046FFF7FBFD18E00123ECE7104ACD
:104530001360104B01221A7033462A460021204690
:10454000FFF7EDFD0AE033462A4603212046FFF738
:10455000E6FD03E033460321FFF7E1FD4DB0BDE882
:10456000F08300BFD4320020D34D621098000020A9
:104570009C000020DC320020002800F0DC802DE9C7
:10458000F047A0B00C461546064602F1020A02F5B5
:104590008B7902F21D18002306930793674B08934B
:1045A000674B0993674B0A93674B0B93674B0C93CD
:1045B000674B0D93674B0E9303F17453A3F52303DD
:1045C000A3F692430F9306AF202200F11001384664
:1045D000FFF74CFB0A2251463846FFF747FBEA78C3
:1045E00005F10C013846FFF741FB022205F58A71FF
:1045F0003846FFF73BFB072249463846FFF736FBB4
:104600000DF1100949463846FFF77BFB062241466B
:10461000484604F069FF30B1022386F834300020A8
:1046200020B0BDE8F08795F8167100220023CDE98F
:10463000022305F2171ED5F817010290B5F81B31B9
:10464000ADF80C300CB1002306E0032386F83430BB
:104650000020E5E701339BB222889A4214D995F8ED
:1046600007C003EBC3002044C1788C45F2D1287AFF
:1046700003EBC301214409798842EBD103EBC30169
:1046800021448978B942E5D19A4223D10F2A17D81B
:104690000299314811EB000C039840F10008B06812
:1046A000F168844578EB01000FD3E87903EBC3018F
:1046B0002144C870287A08718F70013222801DE071
:1046C000042386F834300020AAE7052386F8343026
:1046D0000020A5E700200021CDE9000103EBC30283
:1046E0002244D2F805000090B2F80920ADF8042069
:1046F000029A90420399019A8A4117D203EBC303AD
:104700001C44D5F81731C4F80530BEF80430A4F8BD
:1047100009300299039AB068F3688842934101D244
:10472000B160F260012086F8340079E7062386F84C
:104730003430002074E70120704700BF67E6096A43
:1047400085AE67BB72F36E3C3AF54FA57F520E51B2
:104750008C68059BABD9831F808D5B002DE9F043EE
:1047600083B005460C4690461F460A9E00230B70F8
:10477000CB78102B00F29E81DFE813F011001100BE
:10478000360052006D007D008D009D00AD00CC0014
:10479000E9000B0124015601560191019101B8F184
:1047A000FD0F12D0B8F1FE0F40F084810223CB70D0
:1047B0000023C37080F802800B7B43F001030B736E
:1047C0004FF0FF330370437074E10223CB7000237A
:1047D000C37080F802800B7B23F001030B734FF052
:1047E000FF330370437065E180F8038000230B7191
:1047F0000388ADF806300DF106014046FFF710F8CA
:10480000BDF806302B80237B13F0010F05D0002369
:104810002B716B710523E3704CE10323E37049E1D5
:1048200080F80480B8F1010F07D98B7801338B70C1
:1048300000230B700123CB703CE10388ADF80630F8
:104840000DF106014046FEF7EBFFBDF806302B8068
:104850000423E3702EE180F805800388ADF806306C
:104860000DF106014046FEF7DBFFBDF806302B8058
:104870000523E3701EE180F806800388ADF806305A
:104880000DF106014046FEF7CBFFBDF806302B8048
:104890000623E3700EE180F807800388ADF8063048
:1048A0000DF106014046FEF7BBFFBDF806302B8038
:1048B0000723E370FEE080F808800388ADF8063037
:1048C0000DF106014046FEF7ABFFBDF806302B8028
:1048D0000823E370EEE080F8098000238372C3723E
:1048E0000388ADF806300DF106014046FEF798FF4B
:1048F000BDF806302B80237B13F0010F07D0EB7837
:1049000013B10B23E370D5E00C23E370D2E009234D
:10491000E370CFE0437A827A43EA0223C27A43EA21
:10492000024343EA08224372C2F307238372120C44
:10493000C2720388ADF806300DF106014046FEF75D
:104940006FFFBDF806302B800A23E370B2E0437A94
:10495000827A43EA0223C27A43EA024343EA0842E4
:104960004372C3F307238372130CC3720388ADF839
:1049700006300DF106014046FEF752FFBDF8063045
:104980002B80EB7813B10B23E37093E00C23E370DF
:1049900090E000F10C030A79511C217103F80280A8
:1049A0000388ADF806300DF106014046FEF738FFEA
:1049B000BDF806302B802279EB789A427AD10C230D
:1049C000E37077E0437A827A43EA0223C07A43EACB
:1049D0000040FFF70FF88146F0B100792B88ADF861
:1049E00006300DF10601FEF71BFFBDF806302B80E7
:1049F000DBB2984515D00E23E37085F81481237936
:104A000099F80620934255D205F10C00D21A0021E4
:104A1000184404F079FD4DE00E23E37085F814810D
:104A200048E00D23E370E8E70E2B03D00388B8EBD2
:104A3000132F11D00223237085F815812B7913F0E1
:104A4000010F0FD02378022B09D00F23E37000232E
:104A500023700D2363732DE001230B70ECE710230B
:104A6000E370F6E7236983B11A6B4AB16B7AA97ACE
:104A700043EA0123E97A43EA01412046904720B9FD
:104A80002378022B01D0032323700123E3708FB11D
:104A900040F223122946384604F0B5FD0AE04B7B6C
:104AA000C3F10D03034483F816814B7B013BDBB25A
:104AB0004B73E3B12378012B47D00FB1EB78FB7038
:104AC00066B1E378F37023793371637901337371DD
:104AD00023893381A3787381237B33730023A370ED
:104AE0002378022B3AD0207803B0BDE8F083024649
:104AF00049692069FFF740FD804668B923691A6B50
:104B000052B16B7AA97A43EA0123E97A43EA014177
:104B10002046904700B18046E378102B05D0B8F1CD
:104B2000000F0FD00123237001E002232370012323
:104B3000E370002FBED040F223122946384604F01D
:104B400062FDB7E703232370F1E7AB796371238933
:104B50000BB90022628101332381AEE7002FC2D05E
:104B600095F8143195F8152143EA02233B80BAE702
:104B700030B583B004460D4600EB40000093134669
:104B80000A461A4901EBC00140F2231C18480CFBED
:104B90000400FFF7E3FD831EDBB2012B01D903B054
:104BA00030BD124904EB4403D80001EBC3039A78EB
:104BB00001329A7000220A540122DA70FD2D01D0D0
:104BC0000020ECE704EB440201EBC2030222DA709E
:104BD000074940F2231303FB04F40B190022DA7097
:104BE0004FF0FF320A555A70EAE700BFA82A0020AA
:104BF0001C26002030B5C5B0644B9B68C3F3172357
:104C00004C2B60D021D8002B4FD04B2B40F0A580EF
:104C10005E4C09A92046FFF758FBBDF84050E379E8
:104C2000227A059204930A98FBF76EFCCDE9020103
:104C30000998FBF769FCCDE900012B46544AC821CD
:104C400012A804F0D7FB044639E0B3F58E7F40F09C
:104C5000848009A94D48FFF74BFBDDED090AF4EE0E
:104C6000600AF1EE10FA50D69DED0B0AB4EE400A40
:104C7000F1EE10FA49D606F04FFD30EE000ADFEDF6
:104C8000457A60EE277A17EE900AFBF73DFC3F4B22
:104C9000DA791B7A03930292CDE900013E4AC821DA
:104CA00012A804F0A7FB044609E0384B1A7A0092D8
:104CB000DB793A4AC82112A804F09CFB0446002C78
:104CC00059DC45B030BD314C09A92046FFF7EAFA5E
:104CD000BDF84050E379227A079206930B98FBF7D0
:104CE00013FCCDE904010A98FBF70EFCCDE90201A3
:104CF0000998FBF709FCCDE900012B46284AC82199
:104D000012A804F077FB0446D9E7DDED0E7AF4EE45
:104D1000677AF1EE10FA15D61C4BDA791B7A0393F9
:104D200002929FED1C7A67EE877A17EE900AFBF7E6
:104D3000EBFBCDE900011B4AC82112A804F05AFB85
:104D40000446BCE7114B1A7A0092DB79164AC82157
:104D500012A804F04FFB0446B1E70C4AD178D07991
:104D6000127A029201900091104AC82112A804F010
:104D700041FB0446A3E7002000F062FCA042A0D360
:104D8000224612A9002000F047FC9AE7AC3100202F
:104D900090CF0008E12E6542C0CF000844CF000844
:104DA00058CF0008F0CF00081CD0000840D0000801
:104DB00008B50268094B9A4200D008BD08490B8823
:104DC000084A128892B212FA83F3C3F308030B80E5
:104DD000054B00221A70FEF775FEEEE7005000400A
:104DE0000C2B00200A2B0020082B002070B110B5DE
:104DF000C6B001466846FEF7D1FE044648B10146FA
:104E00006846FEF7A3FE204646B010BD4FF0FF30C7
:104E100070476FF00100F7E710B5CEB005AC042382
:104E20000393002302930193082300931A2322463D
:104E30009A210120FFF7F0F82046FFF7D7FF4EB088
:104E400010BD10B5CAB001AC002211462046FFF7D4
:104E500063FA2046FFF7CAFF4AB010BD10B5CAB0CA
:104E600001AC2046FFF7A4FA2046FFF7BFFF4AB087
:104E700010BD00283FD010B590B00446437A827A26
:104E800043EA0223C27A43EA02434C2B03D04B2B62
:104E90001AD010B010BD07A9FFF704FA079B0093C2
:104EA000089B0193099B02930A9B03930B9B04931A
:104EB0000C9B05930D9B0693237AE2796946BDF816
:104EC0003800FFF7C1FAE4E707A9FFF7FEF9079BEF
:104ED0000093089B0193099B02930A9B0393002371
:104EE000049305930693237AE2796946BDF8380066
:104EF000FFF7AAFACDE77047014B1860704700BF73
:104F0000D4320020014B1880704700BFD0320020FF
:104F100008B5114B114A124909780020FFF728FE05
:104F200028B901220E490F4803F0A1FC08BD01F089
:104F300047FF0D4B186040F2231208490B4804F05C
:104F400062FB0B4A1368013313600A4B1B68002B8A
:104F5000E7D002489847E4E7F43200200C33002001
:104F6000F0320020D4250020EC320020AC310020AB
:104F7000A8310020E832002008B501220249034888
:104F800003F075FC08BD00BFF0320020D4250020DE
:104F9000014B1860704700BFE832002038B500248C
:104FA000194B1C60194B1C600125194BDD7001F079
:104FB00007FF184B186001F003FF174B186001F052
:104FC000FFFE164B1860164B64221A60154B47F211
:104FD00030521A60144B1C70144B1C70144B1C6024
:104FE000144B1C80144B1C80144B1C80144B1C80D5
:104FF000144B1C702A461449144803F038FCFFF780
:105000000BFFFFF72BFF38BDEC320020E832002009
:10501000A82A0020E4320020E0320020D83200200C
:10502000980000209C000020DC320020102D002081
:10503000D4320020D03200200E2B00200C2B002078
:105040000A2B0020082B0020F0320020D42500205D
:1050500030B583B00446304B1B68C31AB3F57A7F72
:1050600023D22046FEF71AFD20B12C4B1B68E31A11
:1050700083421FD22A4B1B68002B31D0294A156866
:1050800075B3294A1268A21A934229D800230093C3
:105090000193254B1C6001A96846A847DDED010A74
:1050A0009DED000AFFF7CDFE1AE01B4B1860FFF7DD
:1050B000B3FED6E7FEF7CCFCC830B0F5007FD9D8F8
:1050C000164B1C60FFF7CAFED4E7013BDBB2174A60
:1050D000137040F22310164A00FB0320FFF786FEF0
:1050E000124B1B78002BF0D1124B1A68124B1B6825
:1050F0009A4204D0114B1B68E31A312B03D8FEF7F8
:10510000E1FC03B030BD0B4B1A680B4B1A600B4B24
:105110001C60FFF76FFDF2E7E4320020E032002070
:1051200098000020D4320020D8320020102D00201A
:10513000142D0020A8310020A4310020A03100202F
:105140008446002210460FE04000C0B280F0070005
:105150000133DBB2072B05D810F0800FF4D14000EB
:10516000C0B2F5E7013292B28A4204D21CF8023092
:1051700058400023EEE7704708B501220249034872
:1051800003F075FB08BD00BF403400208C250020D3
:1051900030B583B079238DF80730322301220DF129
:1051A00007015F4803F077F8032001F00FFE0023AA
:1051B0000BE05C4A03F120004FF0FF3142F8201071
:1051C00003F1600042F820100133072BF1D9564B50
:1051D0004FF000625A60BFF34F8FBFF36F8F534B96
:1051E0001B688BB100225A639A63DA63196A41F231
:1051F0001112114208D1196A40F24442114203D1FE
:105200001A6822F001021A60494C00224FF4004152
:10521000204601F096FA474D00224FF4806128465F
:1052200001F08FFA00224FF40061284601F089FA5C
:1052300000224FF48051204601F083FA04F5806487
:1052400001220421204601F07CFA01224FF4006182
:10525000204601F076FA384B1B6813B1364800F04F
:1052600047FC364B1B6813B1344802F013F9344B3A
:105270001B6813B1324803F08EF8324B1B686BB1D8
:10528000196A41F21112114208D1196A40F24442DE
:10529000114203D11A6822F001021A602A4B1B68DE
:1052A0006BB1196A41F21112114208D1196A40F228
:1052B0004442114203D11A6822F001021A60184BCD
:1052C0001B68DA6822F40052DA605A6922F0C002E0
:1052D0005A6101F09BF872B64FF0E022002313618F
:1052E000536193610FE00F4A03F120004FF0FF314B
:1052F00042F8201003F1600042F82010BFF34F8FF6
:10530000BFF36F8F0133072BEDD9104B19685A6823
:105310000548836081F3088862B69047FEE700BFC6
:105320008C25002000E100E000ED00E034230020A7
:105330000000024000080240D4210020DC220020AE
:10534000D42500207C230020C42300200000FF1F60
:1053500008B50023044A1370044A1360044A13700A
:10536000FFF70AFF08BD00BF3434002030340020AE
:105370002F34002010B501F023FD2F4B1A782F4B4E
:105380001B783BB12E4B1B68C31A322B02D92B4B17
:10539000002119702A4B1860284B1B78ABB95A2A88
:1053A0000DD0264B1B78072B06D9264B1B785A2B82
:1053B00027D0224B00221A70FFF7DEFE10BD581CCA
:1053C0001E4908701F49CA54EBE7012B05D0581C31
:1053D0001A4908701B49CA54E3E7A52A05D05A2A7E
:1053E00009D0164B00221A70DBE7581C13490870CD
:1053F0001449CA54D5E7134B1A70104B01221A7086
:10540000CFE7104B5B78A52BD3D10E4B9B78012BAC
:10541000CFD10C4BDB78FE2BCBD10A48C4790721C6
:10542000FFF78EFE8442C4D1044B00221A70064B53
:1054300001221A70C2E700BF40340020343400203B
:1054400030340020383400202F34002008B5034BBE
:1054500000221A70FFF790FE08BD00BF3434002010
:1054600008B5044B1B7803B908BD024B00221A7023
:10547000FFF78EFE2F3400200369C268934204D8E0
:1054800081688A1A1344581E7047981A0138704769
:105490002DE9F843044688461646C5688768A7EB99
:1054A0000509914509D94068284404F0ACF8BFF3D8
:1054B0005F8F3544E560BDE8F88340684A4628447C
:1054C00004F0A1F8ED1B35442A4608EB0901606899
:1054D00004F099F8BFF35F8FE560ECE72DE9F8433E
:1054E000064688461746C5684FF000091CE0B268BA
:1054F0005B1B1A44013AB3685C1B944228BF1446F4
:10550000BC4228BF3C46706822464146284404F00D
:105510007AF8A144A0443F1B2544B368AB4209D0AC
:10552000BFF35F8FF5603FB133699D42DFD25B1BF4
:105530005A1EE0E70025F3E74846BDE8F88300007F
:1055400010B5154C78220021204603F0DDFF022320
:1055500023616361114AA261114BE3614FF48063DF
:1055600023620023A3626362E362A2640D4AE264E1
:1055700010222265A3656365E365BFF35F8F06E0D4
:10558000C3F10F020849895C034AD15401330F2B40
:10559000F6D9BFF35F8F10BD5438002060D00008EB
:1055A000543400204434002064DC0008F8B50F4671
:1055B0001646441C04EB4404164B03EBC40400EBF6
:1055C000400003EBC003DD6A012D0ED0022D1AD07E
:1055D000F5B92046FFF750FF864212D832463946C9
:1055E0002046FFF755FF35460BE02046FFF744FF06
:1055F0003546864228BF05462A4639462046FFF7EB
:1056000047FF2846F8BD2046FFF768FF0546F8E744
:105610000025F6E75438002070B504460D461646BE
:10562000064B1B78532B05D1324629462046FFF7FF
:10563000BDFF70BDFFF784FFF6E700BF54380020C0
:1056400008B5013000EB4000024B03EBC000FFF750
:1056500013FF08BD543800204A4B5A6822F44032E8
:105660005A605A6841680A435A600268536823F4D2
:105670008073536002685368016943EA01235360F1
:105680000268536823F0407353600268536881686E
:105690000B4353600268936823F4006393600268CD
:1056A0009368C1680B439360826A374B9A4257D024
:1056B0000268936823F07063936002689368816A5C
:1056C0000B4393600268936823F040539360026831
:1056D0009368C16A0B4393600268936823F00203E6
:1056E000936002689368017E43EA4103936090F8F7
:1056F0002030002B3FD00268536843F400635360AE
:105700000268536823F46043536001684B68426A3F
:10571000013A43EA42334B600268D36A23F47003D0
:10572000D3620168CB6AC269013A43EA0253CB6291
:105730000268936823F4007393600268936890F89A
:10574000301043EA412393600268936823F4806336
:10575000936002689368416943EA812393607047CC
:105760000268936823F0706393600268936823F083
:1057700040539360B0E70268536823F400635360BA
:10578000CAE700BF002301400100000F38B310B585
:105790000446036C43B1236C13F0100F0BD00120AF
:1057A000002384F83C3010BDFCF70AFD002363643D
:1057B00084F83C30EFE7236C23F4885323F0020392
:1057C00043F0020323642046FFF746FF0020606495
:1057D000236C23F0030343F001032364E0E701207B
:1057E0007047000082B00023019390F83C30012BF9
:1057F00000F08980012380F83C3003689A6812F039
:10580000010F13D19A6842F001029A60414B1B6864
:10581000414AA2FB03239B0C03EB4303019302E0E9
:10582000019B013B0193019B002BF9D10268936816
:1058300013F0010F5CD0036C23F4E06323F0010349
:1058400043F480730364536813F4806F05D0036CD2
:1058500023F4405343F480530364036C13F4805FD8
:105860001BD0436C23F006034364002380F83C30D4
:105870006FF022031360294B5B6813F01F0F27D1D1
:105880000368274A934211D002F58072934207D0F1
:10589000244A934214D0002033E000234364E4E719
:1058A00002F50072526812F01F0FF1D19A6812F0DF
:1058B000405F2AD19A6842F080429A60002020E03E
:1058C00002F58072526812F0100FEFD0002018E03D
:1058D0000368134A934201D0002012E09A6812F044
:1058E000405F14D19A6842F080429A60002008E03C
:1058F000036C43F010030364436C43F001034364FF
:10590000002002B070470220FBE70020F9E70020EA
:10591000F7E700BFA800002083DE1B4300230140FF
:10592000002001400022014090F83C30012B19D0AA
:10593000012380F83C300268936823F001039360F0
:1059400003689B6813F0010F07D1036C23F488539D
:1059500023F0010343F001030364002380F83C308B
:10596000184670470220704710B582B013460022D7
:10597000019290F83C20012A00F0A7800446012201
:1059800080F83C200268906810F0010F13D19068F5
:1059900040F0010090604E4A10684E4AA2FB002081
:1059A000800C00EB4000019002E00198013801906A
:1059B00001980028F9D12268906810F4807F03D004
:1059C000906820F4807090602268906810F0010F59
:1059D00070D0206C20F4E06020F0010040F4807072
:1059E0002064526812F4806F05D0226C22F4405279
:1059F00042F480522264226C12F4805F3BD0626CCD
:105A000022F006026264002284F83C20A26B324835
:105A1000D063A26B31481064A26B3148D064226815
:105A20006FF0220010602068426842F0806242609D
:105A30002068826842F48072826020680A4600F121
:105A40004C01A06B00F074FF264B5B6813F01F0F36
:105A500023D12368244A934216D002F580729342E0
:105A60000CD0224A93422ED102F58072526812F075
:105A7000100F28D108E000226264C4E702F500722A
:105A8000526812F01F0FECD19A6812F0405F1AD1E1
:105A90009A6842F080429A6015E02368124A934265
:105AA00011D19A6812F0405F0DD19A6842F080429D
:105AB0009A6008E0236C43F010032364636C43F0A6
:105AC00001036364002002B010BD0220FBE700BFA9
:105AD000A800002083DE1B43915B00086F5B000879
:105AE0007B5B0008002301400020014000220140B0
:105AF00090F83C30012B34D010B50446012380F8D7
:105B00003C300268936823F00103936003689A684D
:105B100012F0010F23D19A6822F480729A60806B90
:105B200090F83530022B11D000202268536823F002
:105B300080635360236C23F4885323F0010343F004
:105B400001032364002384F83C3010BD00F024FFDF
:105B50000028EAD0236C43F040032364E5E70020EB
:105B6000F0E7022070470368D86C7047704708B5AB
:105B7000806BFFF7FBFF08BD704708B5806B4023C3
:105B80000364436C43F004034364FFF7F5FF08BD6F
:105B900008B50346806B026C12F0500F25D1036CE0
:105BA00043F40073036403689A6812F0405F19D1EC
:105BB000027EBAB9DA6A12F4700F03D09A6812F44E
:105BC000806F0FD15A6822F020025A60036C23F4D0
:105BD00080730364036C13F4805F03D1036C43F0A0
:105BE00001030364FBF730FF08BD026C12F0100FD5
:105BF00004D1826BD26C18469047F5E7FFF7BCFFE3
:105C0000F2E7000030B482B00022019290F83C200C
:105C1000012A00F0B6800346012280F83C200A6881
:105C2000092A40D90468E06892B202EB42021E3AA7
:105C30004FF0070C0CFA02F220EA0202E2601C6844
:105C4000E0680A8802EB42021E3A8D6805FA02F209
:105C50000243E2604A68062A3CD81C68606B02EB8B
:105C60008202053A4FF01F0C0CFA02F220EA0202FF
:105C700062631C68606B4A6802EB8202053AB1F805
:105C800000C00CFA02F20243626318683E4A904276
:105C900050D018683C4A904255D0002083F83C0010
:105CA00002B030BC70470468206992B202EB420235
:105CB0004FF0070C0CFA02F220EA020222611C6883
:105CC00020690A8802EB42028D6805FA02F202435B
:105CD0002261BFE70C2A16D81D68286B02EB8202EE
:105CE000233A1F2404FA02F220EA02022A631D6802
:105CF000286B4A6802EB8202233A0C8804FA02F20B
:105D000002432A63C1E71D68E86A02EB8202413A56
:105D10001F2404FA02F220EA0202EA621D68E86A1D
:105D20004A6802EB8202413A0C8804FA02F202430A
:105D3000EA62AAE70A68122AABD11448426842F420
:105D400080024260A5E70A68103A012AA5D80F48E8
:105D5000426842F4000242600A68102A9DD10C4A4F
:105D600012680C49A1FB0212920C02EB8202520053
:105D7000019202E0019A013A0192019A002AF9D1B6
:105D80008BE702208CE700BF002001400023014088
:105D9000A800002083DE1B43002800F0E08170B5DE
:105DA00082B00446036813F0010F3BD09F4B9B6801
:105DB00003F00C03042B2CD09C4B9B6803F00C03CA
:105DC000082B21D06368B3F5803F4FD0B3F5A02FE7
:105DD00052D0964B1A6822F480321A601A6822F464
:105DE00080221A606368002B50D000F0E9FF05465E
:105DF0008E4B1B6813F4003F14D100F0E1FF401BF1
:105E00006428F5D90320B1E1884B5B6813F4800F57
:105E1000D8D0864B1B6813F4003F03D06368002B77
:105E200000F09F81236813F0020F54D07F4B9B68D2
:105E300013F00C0F3ED07D4B9B6803F00C03082B36
:105E400033D0E368002B68D0794B01221A6000F050
:105E5000B7FF0546754B1B6813F0020F54D100F0D5
:105E6000AFFF401B0228F5D903207FE16F4A13687A
:105E700043F480331360B5E76C4B1A6842F4802218
:105E80001A601A6842F480321A60ABE700F098FF9B
:105E90000546664B1B6813F4003FC3D000F090FF2B
:105EA000401B6428F5D9032060E1604B5B6813F464
:105EB000800FC6D15D4B1B6813F0020F03D0E3685F
:105EC000012B40F05081594A136823F0F8032169EF
:105ED00043EAC1031360236813F0080F42D06369DB
:105EE0006BB3534B0122C3F8802E00F069FF0546C7
:105EF0004E4B5B6F13F0020F34D100F061FF401B7B
:105F00000228F5D9032031E1484A136823F0F80349
:105F1000216943EAC1031360DDE7454B00221A60A3
:105F200000F04EFF0546414B1B6813F0020FD2D024
:105F300000F046FF401B0228F5D9032016E13C4B38
:105F40000022C3F8802E00F03BFF0546374B5B6F05
:105F500013F0020F06D000F033FF401B0228F5D9E2
:105F6000032003E1236813F0040F77D02F4B1B6C41
:105F700013F0805F33D1002301932C4B1A6C42F055
:105F800080521A641B6C03F080530193019B01251E
:105F9000284B1B6813F4807F23D0A368012B34D0D7
:105FA000052B38D0214B1A6F22F001021A671A6FA5
:105FB00022F004021A67A368002B3DD000F000FF16
:105FC00006461A4B1B6F13F0020F46D100F0F8FE85
:105FD000801B41F288339842F3D90320C6E00025A4
:105FE000D6E7144A136843F48073136000F0E8FEA8
:105FF0000646104B1B6813F4807FCED100F0E0FE04
:10600000801B0228F5D90320B0E0084A136F43F043
:1060100001031367CFE7054B1A6F42F004021A67BA
:106020001A6F42F001021A67C5E700BF003802404C
:10603000000047420070004000F0C2FE0646524B8E
:106040001B6F13F0020F08D000F0BAFE801B41F264
:1060500088339842F3D9032088E0EDB9A369002B77
:1060600000F08380484A926802F00C02082A51D05E
:10607000022B17D0454B00221A6600F0A1FE044601
:10608000414B1B6813F0007F42D000F099FE001BCB
:106090000228F5D9032069E03B4A136C23F08053B2
:1060A0001364DBE7394B00221A6600F089FE0546CF
:1060B000354B1B6813F0007F06D000F081FE401BBB
:1060C0000228F5D9032051E0E369226A1343626A8A
:1060D00043EA8213A26A5208013A43EA0243E26A9F
:1060E00043EA0263284A5360284B01221A6600F0F3
:1060F00067FE0446244B1B6813F0007F06D100F0B6
:106100005FFE001B0228F5D903202FE000202DE0C0
:1061100000202BE0012B2BD01B4B5B6803F480018C
:10612000E269914226D103F03F02216A8A4223D1DB
:10613000616A47F6C0721A40B2EB811F1ED103F4A8
:106140004031A26A5208013AB1EB024F18D103F074
:106150007063E26AB3EB026F14D1002006E0012005
:106160007047012002E0012000E0002002B070BD75
:106170000120FBE70120F9E70120F7E70120F5E71F
:106180000120F3E70120F1E7003802400000474218
:1061900008B5314B9B6803F00C03082B01D02F4846
:1061A00008BD2D4B5A6802F03F025B6813F4800F64
:1061B0002CD0294B5868C0F388104FEA401CBCEB28
:1061C000000C6EEB0E0E4FEA8E1343EA9C634FEA0F
:1061D0008C11B1EB0C0163EB0E03DB0043EA51734E
:1061E000C90011EB000C43F10003990200234FEAB0
:1061F0008C2041EA9C51FAF7B7FC174B5B68C3F35C
:10620000014301335B00B0FBF3F0C9E7124B586860
:10621000C0F388104FEA401CBCEB000C6EEB0E0E76
:106220004FEA8E1343EA9C634FEA8C11B1EB0C01E9
:1062300063EB0E03DB0043EA5173C90011EB000C62
:1062400043F10003990200234FEA8C2041EA9C515C
:10625000FAF78AFCD1E700BF003802400024F400BE
:10626000002800F09B8070B50D4604464F4B1B681C
:1062700003F007038B4208D2CBB24C4A1370136869
:1062800003F007038B4240F08B80236813F0020F6A
:1062900017D013F0040F04D0454A936843F4E05339
:1062A0009360236813F0080F04D0414A936843F4C5
:1062B000604393603E4A936823F0F003A1680B4368
:1062C0009360236813F0010F32D06368012B21D053
:1062D0009A1E012A25D9364A126812F0020F61D09F
:1062E00033498A6822F0030213438B6000F068FD93
:1062F00006462F4B9B6803F00C036268B3EB820FDA
:1063000016D000F05DFD801B41F288339842F0D931
:10631000032042E0264A126812F4003FE0D1012037
:106320003BE0234A126812F0007FD9D1012034E00B
:106330001E4B1B6803F00703AB4207D9EAB21B4BA5
:106340001A701B6803F00703AB422DD1236813F0CA
:10635000040F06D0164A936823F4E053E1680B4318
:106360009360236813F0080F07D0114A936823F451
:106370006043216943EAC1039360FFF709FF0C4BB7
:106380009B68C3F303130B4AD35CD8400A4B1860D5
:106390000A4B186800F0C8FC002070BD012070474F
:1063A0000120FAE70120F8E70120F6E7003C02406F
:1063B0000038024088DC0008A8000020A40000206B
:1063C000014B1868704700BFA800002008B5FFF710
:1063D000F7FF044B9B68C3F38223034AD35CD84086
:1063E00008BD00BF0038024080DC000808B5FFF798
:1063F000E7FF044B9B68C3F34233034AD35CD840A6
:1064000008BD00BF0038024080DC000838B500F04D
:10641000D7FC0446464A136843F001031360444B1B
:106420001B6813F0020F06D100F0CAFC001B022803
:10643000F5D9032038BD3E4D2B6843F080032B6017
:1064400000F0BEFC04460023AB60394B9B6813F0A0
:106450000C0F08D000F0B4FC001B41F288339842C6
:10646000F3D90320E6E700F0ABFC0446304A13689A
:1064700023F4502313602E4B1B6813F4003F06D007
:1064800000F09EFC001B6428F5D90320D2E700F041
:1064900097FC0446264A136823F080731360244B4C
:1064A0001B6813F0007F06D000F08AFC001B022856
:1064B000F5D90320BEE700F083FC04461C4A1368AC
:1064C00023F0806313601A4B1B6813F0006F06D033
:1064D00000F076FC001B0228F5D90320AAE7144B34
:1064E000144A5A60144AC3F88420DA6822F4F85235
:1064F000DA60DA6822F40052DA60DA6842F41F02E5
:10650000DA60DA6842F40012DA605A6F22F00102AF
:106510005A675A6F42F080725A67084B084A1A60ED
:10652000084B186800F000FC002883D0012081E7A8
:10653000003802401030000400300020A800002085
:106540000024F400A400002000230F2B00F2E980B7
:1065500070B582B065E085684FEA430E032404FA03
:106560000EF425EA0405CC6804FA0EF42C4384608A
:10657000446824EA02044A68C2F300129A402243A3
:1065800042605CE0DC08083450F8242003F0070582
:10659000AD004FF00F0E0EFA05FE22EA0E0E0A694C
:1065A000AA4042EA0E0240F824205CE0072200E004
:1065B000002202FA0EF22A4302345A4D45F82420F2
:1065C000594A94686FEA0C0224EA0C054E6816F4E6
:1065D000801F01D04CEA0405534CA560E46802EA30
:1065E00004054E6816F4001F01D04CEA04054E4C19
:1065F000E560646802EA04054E6816F4003F01D0C5
:106600004CEA0405484C6560246822404D6815F446
:10661000803F01D04CEA0402434C226001330F2B2F
:106620007DD801229A400C6804EA020C32EA040484
:10663000F4D14C6804F00304013C012C8BD94A6866
:1066400002F00302032A09D0C4685D000322AA40B5
:1066500024EA02048A68AA402243C2604A6802F01F
:106660000302022A8ED004684FEA430E032202FA84
:106670000EF224EA02044A6802F0030202FA0EF261
:10668000224302604A6812F4403FC7D000220192C0
:10669000264A546C44F480445464526C02F48042A0
:1066A0000192019A9C08A51C1E4A52F8255003F03D
:1066B000030E4FEA8E0E0F2202FA0EF225EA0205B1
:1066C0001B4A90423FF474AF02F5806290421AD0A8
:1066D00002F58062904218D002F58062904216D096
:1066E00002F58062904214D002F58062904212D08E
:1066F00002F58062904210D002F5806290423FF431
:1067000055AF082255E7012253E7022251E7032241
:106710004FE704224DE705224BE7062249E702B086
:1067200070BD704700380140003C01400038024015
:10673000000002400369194201D001207047002087
:1067400070470AB1816170470904816170477047E1
:1067500008B5054B5B69034200D108BD024B586187
:10676000FFF7F5FFF9E700BF003C014030B40568D2
:106770002C6824F480242C60046863608368402BB8
:1067800005D0036899600368DA6030BC704703681D
:106790009A600368D960F8E710B40368D9B2103979
:1067A0000A4AA2FB01421209094CA25CC2655F2998
:1067B00007D96FF3090304338365806D5DF8044BDB
:1067C00070476FF309038365F7E700BFABAAAAAA76
:1067D00078DC0008836A826992B9012B0AD0022B07
:1067E00002D00BB100207047C36A13F0807F28D11C
:1067F00000207047C36AB3F1C07F24D000207047E7
:10680000B2F5005F09D0022B25D9032B25D1C36A2D
:1068100013F0807F23D100207047032B03D8DFE8DB
:1068200003F01404140A00207047C36A13F0807F39
:106830000DD100207047C36AB3F1C07F09D000209A
:1068400070470120704701207047012070470120E8
:1068500070470120704701207047002070470120D9
:106860007047000070B5044600F0AAFA002C5BD017
:106870000546022384F83530002384F8343022683A
:10688000136823F00103136023681A6812F0010FE4
:106890000AD000F095FA431B052BF5D92023636538
:1068A000032084F8350070BD1A68204911406268E1
:1068B000A0680243E0680243206902436069024322
:1068C000A0690243E0690243206A02430A43616A05
:1068D00004291ED01A602668756925F00705636AC9
:1068E0001D43042B07D1A36A1D43E36A1BB1204655
:1068F000FFF770FF90B975612046FFF74DFFE26D1D
:106900003F239340836000206065012384F8353085
:10691000C9E7E16A206B01430A43DBE74023636573
:10692000012084F83500BEE70120BCE73F8010F06D
:1069300038B50446856D90F8340001282AD001202E
:1069400084F8340094F83500012804D0002384F83A
:106950003430022038BD022084F835000020606504
:106960002046FFF703FFE26D3F239340AB602268B0
:10697000136843F016031360236C23B12268136875
:1069800043F0080313602268136843F001031360A7
:106990000020DFE70220DDE770B50446866D00F0D9
:1069A0000FFA94F83530022B06D08023636500235C
:1069B00084F83430012070BD05462268136823F046
:1069C000160313602268536923F080035361236C1C
:1069D000E3B12268136823F0080313602268136888
:1069E00023F00103136023681B6813F0010F11D01B
:1069F00000F0E6F9431B052BF5D92023636503203E
:106A000084F83500002384F83430D4E7A36C002BDD
:106A1000DFD1E3E7E26D3F239340B360012384F8C5
:106A20003530002084F83400C5E790F83530022B6B
:106A300003D08023436501207047052380F835305B
:106A40000268136823F00103136000207047000000
:106A5000F0B583B0044600230193724B1D68724B5E
:106A6000A3FB0535AD0A876D3E68C26D08239340D0
:106A7000334210D003681A6812F0040F0BD01A6862
:106A800022F004021A60C26D08239340BB60436D7C
:106A900043F001034365E26D01239340334209D083
:106AA0002268526912F0800F04D0BB60636D43F01E
:106AB00002036365E26D04239340334209D02268E8
:106AC000126812F0020F04D0BB60636D43F0040340
:106AD0006365E26D10239340334224D0226812682C
:106AE00012F0080F1FD0BB6023681A6812F4802FC1
:106AF0000DD01B6813F4002F04D1236C9BB12046EA
:106B0000984710E0A36C73B1204698470BE01A68D1
:106B100012F4807F03D11A6822F008021A60236CF5
:106B20000BB120469847E26D20239340334254D066
:106B30002268126812F0100F4FD0BB6094F8353005
:106B4000052B0ED023681A6812F4802F33D01B68EF
:106B500013F4002F2AD1636C002B3ED020469847B7
:106B60003BE02268136823F0160313602268536920
:106B700023F080035361236CA3B12268136823F0D0
:106B800008031360E26D3F239340BB60012384F848
:106B90003530002384F83430236D002B3FD020465D
:106BA00098473CE0A36C002BE7D1EBE7E36BA3B184
:106BB0002046984711E01A6812F4807F09D11A68BC
:106BC00022F010021A60012384F83530002384F883
:106BD0003430E36B0BB120469847636DFBB1636DB6
:106BE00013F0010F17D0052384F83530226813689D
:106BF00023F001031360019B01330193AB4204D8DE
:106C000023681B6813F0010FF5D1012384F8353098
:106C1000002384F83430E36C0BB12046984703B06E
:106C2000F0BD00BFA8000020B5814E1B406D70472D
:106C3000002807DB00F01F02400901239340024AAD
:106C400042F82030704700BF00E100E0002808DB78
:106C50000901C9B200F1604000F5614080F80013FD
:106C6000704700F00F000901C9B2014B1954704779
:106C700014ED00E000B500F00700C0F1070CBCF116
:106C8000040F28BF4FF0040C031D062B0FD9C31EA1
:106C90004FF0FF3E0EFA0CF021EA000199400EFA87
:106CA00003FE22EA0E0241EA02005DF804FB002323
:106CB000EEE70000074AD36823F4E0631B041B0CD3
:106CC000000200F4E060034343F0BF6343F4003389
:106CD000D360704700ED00E010B50446054BD8685E
:106CE000C0F30220FFF7C6FF01462046FFF7AEFFC4
:106CF00010BD00BF00ED00E008B5FFF799FF08BD2B
:106D00000138B0F1807F0BD24FF0E0235861054A83
:106D1000F02182F823100020986107221A61704741
:106D20000120704700ED00E010B504460E4B1A78C4
:106D30004FF47A73B3FBF2F30C4A1068B0FBF3F034
:106D4000FFF7DEFF68B90F2C01D901200AE000220D
:106D500021464FF0FF30FFF7BFFF054B1C600020BE
:106D600000E0012010BD00BFA0000020A80000200E
:106D7000A400002008B50B4B1A6842F400721A6098
:106D80001A6842F480621A601A6842F480721A60CB
:106D90000320FFF78FFF0F20FFF7C6FFFBF7ACFEC6
:106DA000002008BD003C0240034A1168034B1B78D9
:106DB0000B441360704700BFCC380020A0000020B7
:106DC000014B1868704700BFCC38002038B5044626
:106DD000FFF7F6FF0546B4F1FF3F02D0044B1B78E6
:106DE0001C44FFF7EDFF401BA042FAD338BD00BFA3
:106DF000A000002082B000230193164B1B68164AA6
:106E0000A2FB03235B0A642202FB03F30093009BB3
:106E100043B1009B013B009303689B6813F0020F92
:106E2000F5D003E0436D43F0400343650268136807
:106E300023F0400313600268536823F0E0035360BB
:106E40000368DB680193019B072380F8513002B08F
:106E5000704700BFA8000020F1197605026853684A
:106E600023F0800353600268136823F0400313602B
:106E7000072380F8513070472DE9F04782B005466E
:106E8000884617461E46FFF79BFF0A9B1B1A03EB1B
:106E90000609FFF795FF8246284B1B68C3F3CB33E7
:106EA00009FB03F301932B689C6838EA04040CBFC8
:106EB00001230023BB423DD0B6F1FF3FF3D0FFF7E3
:106EC0007FFFA0EB0A00484503D2019B73BB9946A4
:106ED000E9E72A68536823F0E00353606B68B3F571
:106EE000827F0BD0AB6AB3F5005F14D0012385F825
:106EF0005130002385F8503003201CE0AB68B3F517
:106F0000004F02D0B3F5806FECD12A68136823F0EC
:106F100040031360E6E72A68136823F40053136004
:106F20002A68136843F400531360DFE7019B013BB9
:106F30000193B8E7002002B0BDE8F087A800002068
:106F400070B584B004460D46164600920B460122E9
:106F50000221FFF791FFD0B9174B1B68174AA2FB1C
:106F600003235B0D4FF47A7202FB03F30393636810
:106F7000B3F5827F11D0039B3BB1039B013B03938D
:106F800023689B6813F0800FF5D104B070BD636D6A
:106F900043F0200363650320F7E700962B460022A9
:106FA00080212046FFF768FF0028EED0636D43F094
:106FB000200363650320E8E7A8000020819F5E1698
:106FC00000285AD010B50446436A33B94368B3F574
:106FD000827F05D00023C36102E000230361436187
:106FE0000023A36294F85130002B40D0022384F890
:106FF00051302268136823F040031360636803F480
:107000008273A26802F404421343E26802F400624D
:107010001343226902F002021343626902F0010283
:107020001343A26902F400721343E26902F03802CA
:107030001343226A02F080021343A26A02F4005250
:10704000216813430B60638B03F00403626A02F050
:107050001002216813434B602268D36923F4006354
:10706000D36100206065012384F8513010BD84F89D
:1070700050302046FBF7D0F9B8E7012070472DE9E2
:10708000F04383B00446894690461D46FFF798FEBC
:1070900094F85130012B40F0CD800646DFB2B9F1B3
:1070A000000F00F0C880B8F1000F00F0C48094F821
:1070B0005030012B00F0C380012384F850300323AB
:1070C00084F8513000236365C4F83090A4F834800C
:1070D000A4F83680A363A387E38763642364A3686B
:1070E000B3F5004F1ED023681A6812F0400F03D189
:1070F0001A6842F040021A60E368B3F5006F1CD0D2
:10710000636813B1B8F1010F5FD1226B2368127865
:107110001A73236B01332363E38E9BB2013B9BB253
:10712000E38652E02268136823F04003136022686C
:10713000136843F480431360D5E7636813B1B8F173
:10714000010F15D1226B23681288DA60236B02339A
:107150002363E38E9BB2013B9BB2E38608E0FFF71B
:107160002FFE801BA84202D3B5F1FF3F15D1A5B178
:10717000E38E9BB2002B42D023689A6812F0020F74
:10718000EDD0226B1288DA60236B02332363E38E27
:107190009BB2013B9BB2E386EAE7012384F85130BE
:1071A000002384F85030032745E0226B12781A73CD
:1071B000236B01332363B4F836C01FFA8CFC0CF147
:1071C000FF3C1FFA8CFCA4F836C0E38E9BB2B3B12F
:1071D00023689A6812F0020FE7D1FFF7F1FD801BD8
:1071E000A84202D3B5F1FF3F01D1002DEDD101231B
:1071F00084F85130002384F8503003271BE03246D6
:1072000029462046FFF79CFE08B120236365A3684A
:1072100033B901932368DA6801929B680193019B5B
:10722000012384F85130002384F85030636D13B982
:10723000002700E00227384603B0BDE8F0830227AC
:10724000F9E72DE9F04383B00446884691461F468E
:107250000A9DFFF7B5FD064694F851306268012B90
:107260000BD0D9B2B2F5827F40F00481A368002B25
:1072700040F00481042940F00381B8F1000F00F0D0
:107280000181B9F1000F00F0FF80002F00F0FE80B7
:1072900094F85030012B00F0FB80012384F850302B
:1072A00094F85130042B02D0052384F85130002388
:1072B0006365C4F83890E787A787C4F83080E7860D
:1072C000A7862364636423681A6812F0400F03D111
:1072D0001A6842F040021A60E368B3F5006F11D0FB
:1072E00063680BB1012F0BD1226B236812781A73DC
:1072F000236B01332363E38E9BB2013B9BB2E38696
:10730000012771E063680BB1012F0BD1226B236859
:107310001288DA60236B02332363E38E9BB2013B56
:107320009BB2E38601271BE023689A6812F0010FE5
:107330000ED0E28F92B25AB1DA68A36B1A80A36BB7
:107340000233A363E38F9BB2013B9BB2E387012728
:10735000FFF736FD801BA84202D3B5F1FF3F1ED1D7
:10736000E38E9BB21BB9E38F9BB2002B62D02368E4
:107370009A6812F0020FD7D0E28E92B2002AD3D0D0
:10738000002FD1D0226B1288DA60236B0233236383
:10739000E38E9BB2013B9BB2E3860027C4E7012347
:1073A00084F85130002384F85030032063E02368D0
:1073B0009A6812F0010F0ED0E28F92B25AB1DA68D9
:1073C000A36B1A70A36B0133A363E38F9BB2013BE2
:1073D0009BB2E3870127FFF7F3FC831BAB4202D389
:1073E000B5F1FF3F1ED1EDB1E38E9BB213B9E38F30
:1073F0009BB2FBB123689A6812F0020FD7D0E28EDD
:1074000092B2002AD3D0002FD1D0226B12781A73F7
:10741000236B01332363E38E9BB2013B9BB2E38674
:107420000027C4E7012384F85130002384F850304A
:10743000032020E0324629462046FFF781FD90B91F
:10744000A36833B901932368DA6801929B680193BA
:10745000019B012384F85130002384F85030636D80
:107460004BB1012007E020236365002384F85030EE
:10747000012000E0022003B0BDE8F0830220FAE71B
:107480000220F8E70120F6E70120F4E70120F2E707
:107490000220F0E710B584B004464A4B1B684A4A04
:1074A000A2FB03235B0A642202FB03F30293029B09
:1074B00003930268536823F0200353600268536803
:1074C00013F0800F11D0414B4364039B3BB1039BEE
:1074D000013B039394F85130072BF6D103E0636D21
:1074E00043F040036365029B0393536813F0400F1E
:1074F00011D0374B2364039B3BB1039B013B0393A8
:1075000094F85130072BF6D103E0636D43F040034C
:107510006365029B0393536813F0020F1DD0A36CA5
:10752000DBB100221A65A06CFFF736FA08B14023E0
:1075300063652268536823F002035360039B43B1E1
:10754000039B013B039323689B6813F0020FF5D064
:1075500003E0636D43F04003636523685B6813F0E9
:10756000010F13D0E36C8BB100221A65E06CFFF7BA
:1075700013FA08B1402363652268136823F04003BF
:1075800013602268536823F0010353600023E387EC
:10759000E386636D402B12D00020606500220092CC
:1075A0002368D968009199680091009901929B68BD
:1075B0000193019B012384F8513004B010BD0120D8
:1075C000ECE700BFA8000020F11976055D6E000809
:1075D000F56D00087047000030B585B004460268BC
:1075E00051689368C3F3801013F0400F05D113F076
:1075F000010F02D011F0400F68D113F0020F02D03A
:1076000011F0800F66D1C3F3401513F0200F03D1A2
:1076100010B913F4807F60D011F0200F5DD070B1ED
:1076200094F8510003285AD0606D40F00400606562
:1076300000200090D068009090680090009865B19C
:10764000606D40F00100606500200290906802903B
:10765000106820F040001060029A13F4807F09D077
:10766000636D43F0080363650023039323689B68FD
:107670000393039B636D002B2FD02268536823F084
:10768000E0035360012384F8513011F0030F2ED032
:107690002268536823F003035360E36C4BB1164A2E
:1076A0001A65E06CFFF7C1F918B1636D43F0400350
:1076B0006365A36C8BB1104A1A65A06CFFF7B5F92E
:1076C00058B1636D43F04003636506E0236C2046C8
:1076D000984702E0636C2046984705B030BD002310
:1076E0000193D368019393680193019BF5E72046CA
:1076F000FFF770FFF1E700BFFD76000808B5806B6B
:107700000023C387C386FFF765FF08BD30B4036A53
:10771000026A22F0010202624268846924F0730C5A
:107720000C6844EA0C0423F0020C8B6843EA0C0357
:10773000114DA84203D005F58065A84205D123F07C
:107740000803CD682B4323F004030B4DA84203D05C
:1077500005F58065A84207D122F440724D6945EADB
:10776000020C8A6942EA0C02426084614A68426300
:10777000036230BC704700BF0000014030B4036AB0
:10778000026A22F4807202624268C46924F0730CB7
:107790000C6844EA0C0523F400738C6843EA042364
:1077A000114CA04203D004F58064A04206D123F41A
:1077B0000063CC6843EA042323F480630A4CA042AC
:1077C00003D004F58064A04207D122F440524C69F2
:1077D00042EA04128C6942EA04124260C5614A68B6
:1077E000C263036230BC70470000014030B4036ADA
:1077F000026A22F4805202624468C26922F4E642BC
:107800000D6842EA052223F400538D6843EA0533EC
:10781000094DA84203D005F58065A84204D124F49F
:1078200080444D6944EA85144460C2614A68026438
:10783000036230BC704700BF0000014010B4036A0F
:10784000046A24F001040462846924F0F00C4CEA18
:10785000021223F00A030B43826103625DF8044BBA
:10786000704710B4036A046A24F010040462846947
:1078700024F4704C4CEA023223F0A00343EA0113D3
:10788000826103625DF8044B7047836823F07003E4
:107890000B4343F00703836070477047704770479E
:1078A00070477047704770B504460368DE681D690D
:1078B00015F0020F10D016F0020F0DD06FF002027B
:1078C0001A610123037703689B6913F0030F5ED0ED
:1078D000FFF7E6FF0023237715F0040F12D016F010
:1078E000040F0FD023686FF004021A61022323777C
:1078F00023689B6913F4407F4FD02046FFF7D0FFE9
:107900000023237715F0080F12D016F0080F0FD0C0
:1079100023686FF008021A61042323772368DB6968
:1079200013F0030F40D02046FFF7BAFF0023237760
:1079300015F0100F12D016F0100F0FD023686FF053
:1079400010021A61082323772368DB6913F4407F50
:1079500031D02046FFF7A4FF0023237715F0010F55
:1079600002D016F0010F2DD115F0800F02D016F0C5
:10797000800F2FD115F0400F02D016F0400F31D1FB
:1079800015F0200F02D016F0200F33D170BDFFF795
:1079900086FF2046FFF785FF9CE72046FFF77FFF25
:1079A0002046FFF77EFFABE72046FFF778FF204633
:1079B000FFF777FFBAE72046FFF771FF2046FFF792
:1079C00070FFC9E723686FF001021A612046FFF7D4
:1079D00065FFC9E723686FF080021A61204600F056
:1079E00001FBC7E723686FF040021A612046FFF7EA
:1079F00059FFC5E723686FF020021A61204600F0A6
:107A0000F0FAC3E70368324A904212D0B0F1804FD7
:107A10000FD0A2F57C4290420BD002F580629042DA
:107A200007D002F58062904203D002F5784290427E
:107A300003D123F070034A681343254A90422AD0A9
:107A4000B0F1804F27D0A2F57C42904223D002F5BE
:107A5000806290421FD002F5806290421BD002F5F6
:107A60007842904217D002F57052904213D002F53E
:107A7000806290420FD002F5806290420BD0A2F556
:107A80009832904207D002F58062904203D002F50E
:107A90008062904203D123F44073CA68134323F0F9
:107AA00080034A6913438A68C2620A688262084A8C
:107AB000904203D002F58062904201D10A690263CC
:107AC000026842F0040202600122426103607047D2
:107AD0000000014040B310B5044690F83D30F3B1CA
:107AE000022384F83D30214651F8040BFFF78AFF4A
:107AF000012384F8463084F83E3084F83F3084F81F
:107B0000403084F8413084F8423084F8433084F8BF
:107B1000443084F8453084F83D30002010BD80F8B2
:107B20003C30FAF7F5FCDBE70120704740B310B5B5
:107B3000044690F83D30F3B1022384F83D302146ED
:107B400051F8040BFFF75EFF012384F8463084F8F8
:107B50003E3084F83F3084F8403084F8413084F877
:107B6000423084F8433084F8443084F8453084F857
:107B70003D30002010BD80F83C30FFF78EFEDBE783
:107B80000120704730B4036A026A22F010020262D8
:107B90004468826922F4E6420D6842EA052223F035
:107BA00020038D6843EA0513114DA84203D005F563
:107BB0008065A84206D123F08003CD6843EA05130F
:107BC00023F040030A4DA84203D005F58065A84282
:107BD00007D124F440644D6944EA85048D6944EA80
:107BE0008504446082614A688263036230BC7047E6
:107BF0000000014038B590F83C30012B66D00446B7
:107C00000D46012380F83C300C2A5AD8DFE802F0F8
:107C1000075959591B595959305959594400006845
:107C2000FFF774FD2268936943F0080393612268AB
:107C3000936923F0040393612268936929690B43D4
:107C4000936100203EE00068FFF79CFF2268936983
:107C500043F4006393612268936923F48063936122
:107C600022689369296943EA01239361002029E08E
:107C70000068FFF783FD2268D36943F00803D361EE
:107C80002268D36923F00403D3612268D369296988
:107C90000B43D361002015E00068FFF7A7FD2268C1
:107CA000D36943F40063D3612268D36923F480630A
:107CB000D3612268D369296943EA0123D361002093
:107CC00000E00120002384F83C3038BD0220FCE7AE
:107CD00010B4846824F47F4C42EA03220A4342EA47
:107CE0000C0282605DF8044B704790F83C30012B29
:107CF00078D010B50446012380F83C30022380F888
:107D00003D300268936823F47F4323F07703936048
:107D10000B68602B4CD023D8402B54D011D8202B8B
:107D200003D00AD80BB1102B05D119462068FFF7F4
:107D3000ACFD002028E0012026E0302BF5D001200A
:107D400022E0502B0AD1CA6849680068FFF776FD27
:107D500050212068FFF799FD002015E0012013E075
:107D6000B3F5805F3AD0B3F5005F14D0702B37D1F4
:107D7000CB684A6889680068FFF7AAFF22689368A1
:107D800043F0770393600020012384F83D30002303
:107D900084F83C3010BDCB684A6889680068FFF7FA
:107DA00097FF2268936843F4804393600020EBE7D9
:107DB000CA6849680068FFF754FD60212068FFF732
:107DC00064FD0020E0E7CA6849680068FFF736FDF7
:107DD00040212068FFF759FD0020D5E70020D3E7B8
:107DE0000120D1E70220704701F01F014FF0010C84
:107DF0000CFA01FC036A23EA0C030362036A8A405B
:107E0000134303627047000010B50446084600297A
:107E100041D194F83E30013B18BF0123002B6BD1B8
:107E200000284ED1022384F83E300122014620680A
:107E3000FFF7DAFF2368324A934203D002F58062EB
:107E4000934203D15A6C42F400425A6423682C4A8C
:107E5000934246D0B3F1804F43D0A2F57C42934287
:107E60003FD002F5806293423BD002F5806293429C
:107E700037D002F57842934233D002F570529342E4
:107E80002FD0A2F5943293422BD01A6842F001020F
:107E90001A6000202FE0042907D008290BD094F89D
:107EA0004130013B18BF0123B8E794F83F30013B54
:107EB00018BF0123B2E794F84030013B18BF0123FB
:107EC000ACE7042805D0082807D0022384F8413005
:107ED000ABE7022384F83F30A7E7022384F8403061
:107EE000A3E79A6802F00702062A07D01A6842F050
:107EF00001021A60002010BD0120FCE70020FAE713
:107F00000000014090F83C20012A3DD010B4034607
:107F1000012280F83C20022280F83D20026850684F
:107F2000946820F0700C086840EA0C0050601A68F1
:107F3000164882421AD0B2F1804F17D0A0F57C408B
:107F4000824213D000F5806082420FD000F580603D
:107F500082420BD000F57840824207D000F5705085
:107F6000824203D0A0F59430824204D124F08004F0
:107F7000496821439160012283F83D20002083F865
:107F80003C005DF8044B7047022070470000014040
:107F9000024690F83C30012B21D0012380F83C3080
:107FA000CB6823F440738868034323F480634868F4
:107FB000034323F400630868034323F480530869F0
:107FC000034323F400534869034323F48043C969FE
:107FD0000B4311684B64002082F83C00704702207C
:107FE000704770477047026802F10C0353E8003F86
:107FF00023F490730C3242E800310029F3D1026877
:1080000002F1140353E8003F23F00103143242E865
:1080100000310029F3D1036B012B05D0202380F818
:108020004230002303637047026802F10C0353E8F7
:10803000003F23F010030C3242E800310029F3D155
:10804000ECE790F84130212B01D002207047836883
:10805000B3F5805F17D0036A5A1C02621A7803686E
:108060005A60C38C9BB2013B9BB2C3844BB902687C
:10807000D36823F08003D3600268D36843F04003E1
:10808000D360002070470369002BE4D1036A1B888A
:108090000268C3F308035360036A02330362E0E734
:1080A00010B504460268136923F44053C1680B43BA
:1080B0001361836802691A4343691A43C3691A4307
:1080C0000168CB6823F4164323F00C031343CB6001
:1080D0000268536923F4407381690B435361036859
:1080E000314A934206D002F58062934202D0FEF7F5
:1080F0006DF901E0FEF77AF9E369B3F5004F29D095
:108100000021031849411B1841F10001C90041EA4F
:108110005371DB00181863684FEA83024FEA9373C8
:1081200041F10001F8F720FD204AA2FB0031490986
:10813000642303FB11031B013233A2FB03235B09FE
:1081400003F0F00202EB011203F00F032168134465
:108150008B6010BD0023021843EB0301121841F19C
:108160000001C90041EA5271D200101841F100012A
:10817000626892185B41F8F7F7FC0C4AA2FB0031E9
:108180004909642303FB1103DB003233A2FB032301
:108190005B095A0002F4F87202EB011203F00703C4
:1081A000216813448B60D4E7001001401F85EB5118
:1081B0002DE9F04383B005460E4617469946DDF893
:1081C00028802B681C6836EA04040CBF01240024B4
:1081D000BC4228D1B8F1FF3FF3D0FEF7F1FDA0EB90
:1081E0000900404523D8B8F1000F22D02B68DA6887
:1081F00012F0040FE5D0802EE3D0402EE1D01A68B3
:1082000012F0080FDDD0002401941A6801925B6817
:108210000193019B2846FFF7E6FE08236B6485F86F
:108220004040012000E0002003B0BDE8F0830320BF
:10823000FAE70320F8E760B310B5044690F8413040
:1082400013B3242384F841302268D36823F4005305
:10825000D3602046FFF724FF2268136923F490437C
:1082600013612268536923F02A0353612268D3689B
:1082700043F40053D36000206064202384F841302D
:1082800084F84230606310BD80F84030FAF7AAFAF3
:10829000D7E7012070472DE9F04182B01E4690F8E3
:1082A0004130202B56D104460D469046002955D02A
:1082B0000AB901204FE000234364212380F84130B4
:1082C000FEF77EFD0746A4F82480A4F82680A36864
:1082D000B3F5805F02D04FF0000814E023692BB3A0
:1082E0004FF000080FE0202384F84130032032E0F3
:1082F00038F8023B2268C3F308035360E28C92B261
:10830000013A92B2E284E38C9BB293B100963B4671
:10831000002280212046FFF74BFF0028E3D1002DEB
:10832000E6D015F8012B23685A60E7E7A846002538
:10833000E9E700963B46002240212046FFF738FF40
:1083400018B9202384F8413005E0202384F8413017
:10835000032000E0022002B0BDE8F0810120FAE72E
:1083600090F84130202B10D189B192B10162828402
:10837000C28400234364212280F841200168CA6836
:1083800042F08002CA601846704702207047012000
:1083900070470120704710B50446226802F10C03B3
:1083A00053E8003F23F4F0730C3242E80031002917
:1083B000F3D1226802F1140353E8003F23F00103D4
:1083C000143242E800310029F3D1236B012B3CD059
:1083D00023685B6913F0800F13D0226802F1140345
:1083E00053E8003F23F08003143242E800310029B3
:1083F000F3D1A36B2BB100221A65A06BFEF7CCFA68
:1084000080BB23685B6913F0400F13D0226802F130
:10841000140353E8003F23F04003143242E80031D4
:108420000029F3D1E36B2BB100221A65E06BFEF754
:10843000B3FA00BB0020E084E0856064202384F868
:10844000423084F84130206310BD226802F10C03F1
:1084500053E8003F23F010030C3242E800310029BA
:10846000F3D1B5E7A06BFEF7E1FB2028C9D11023BB
:1084700063640320E8E7E06BFEF7D8FB2028D9D13E
:10848000102363640320DFE708B50168CA6822F09F
:108490004002CA60202280F84120FCF789FC0020BD
:1084A00008BD08B5806B0023C385F9F7F5FA08BD50
:1084B000704790F84230222B69D18368B3F5805F12
:1084C0004FD0826AB3F5805F04D0002B56D1036988
:1084D000002B53D103685B681370836A0133836296
:1084E000C38D9BB2013B9BB2C385002B51D100B51C
:1084F00083B00268D36823F02003D3600268D36896
:1085000023F48073D3600268536923F0010353613D
:10851000202380F8423000234363036B012B33D1C7
:1085200000230363026802F10C0353E8003F23F0C9
:1085300010030C3242E800310029F3D103681A68B5
:1085400012F0100F06D0002201921A6801925B68A7
:108550000193019B818DFFF7ABFF002003B05DF815
:1085600004FB0269002AACD1826A03685B68C3F32A
:1085700008031380836A02338362B1E703685B6890
:1085800003F07F031370A8E7F9F772FAE5E702201A
:10859000704700207047000010B582B004460268A2
:1085A0001368D068516913F00F0F09D113F0200F31
:1085B0000CD010F0200F09D02046FFF77AFF16E00C
:1085C00011F0010115D110F4907F12D1216B012916
:1085D00079D013F0800F03D010F0800F40F021818C
:1085E00013F0400F03D010F0400F40F01E8102B096
:1085F00010BD13F0010F06D010F4807F03D0626C21
:1086000042F00102626413F0040F04D019B1626CED
:1086100042F00202626413F0020F04D019B1626CDE
:1086200042F00402626413F0080F07D010F0200F2C
:1086300000D119B1626C42F008026264626C002AD7
:10864000D5D013F0200F02D010F0200F29D12368CD
:108650005B6903F04003626C12F0080F00D163B352
:108660002046FFF7C0FC23685B6913F0400F20D061
:10867000226802F1140353E8003F23F04003143250
:1086800042E800310029F3D1E36B73B1694A1A65FE
:10869000E06BFEF7CAF90028A9D0E06B036D98479C
:1086A000A5E72046FFF705FFD1E72046F9F7F4F9E3
:1086B0009DE72046F9F7F0F999E72046F9F7ECF93C
:1086C0000023636493E713F0100F82D010F0100FB3
:1086D0003FF47FAF00230193136801935368019324
:1086E000019B536913F0400F5FD0E26B13685B6826
:1086F0009BB2002B4AD0A18D994247D9E385D3691B
:10870000B3F5807F37D0226802F10C0353E8003FB5
:1087100023F480730C3242E800310029F3D122683F
:1087200002F1140353E8003F23F00103143242E83E
:1087300000310029F3D1226802F1140353E8003F0D
:1087400023F04003143242E800310029F3D1202302
:1087500084F8423000232363226802F10C0353E8BB
:10876000003F23F010030C3242E800310029F3D11E
:10877000E06BFEF711F902236363A18DE38D9BB2D9
:10878000C91A89B22046FFF793FE30E7A18D9942BE
:108790007FF42DAFD369B3F5807F7FF428AF022338
:1087A00063632046FFF784FE21E7A18DE38D9BB232
:1087B000C91A89B2E38D9BB2002B3FF418AF002990
:1087C0003FF415AF226802F10C0353E8003F23F495
:1087D00090730C3242E800300028F3D1226802F195
:1087E000140353E8003F23F00103143242E8003041
:1087F0000028F3D1202384F8423000232363226829
:1088000002F10C0353E8003F23F010030C3242E85E
:1088100000300028F3D1022363632046FFF748FEAF
:10882000E5E62046FFF70DFCE1E62046FFF72CFECB
:10883000DDE600BFA384000881628285C285002333
:108840004364222380F84230036923B10268D3686D
:1088500043F48073D3600268536943F001035361AA
:108860000268D36843F02003D3600020704708B546
:1088700090F84230202B08D149B10AB9012008BD37
:1088800000230363FFF7D8FFF9E70220F7E7012091
:10889000F5E70000034AD2F8883043F47003C2F8C9
:1088A0008830704700ED00E010B503460C4A0D49D2
:1088B0000D48006840B10C4800680344521A9342C6
:1088C00006D8094A136010BD0748084C0460F2E757
:1088D00000F06CFE0C2303604FF0FF30F3E700BFA5
:1088E0000000022000100000D0380020203A0020B4
:1088F0000120704708B500F059FE162303604FF0C1
:10890000FF3008BD08B54FF0FF31FFF7F3FFFEE77A
:1089100070B50C461646002506E0AFF300802146F0
:1089200001F8010B01350C46B542F6DB304670BD4F
:1089300070B50C461646002504E014F8010BAFF3A1
:1089400000800135B542F8DB304670BD4FF0FF3096
:1089500070474FF400534B60002070470120704770
:1089600000207047DFF834D0FFF794FF0C480D4922
:108970000D4A002302E0D458C4500433C4188C427A
:10898000F9D30A4A0A4C002301E013600432A242E0
:10899000FBD300F011FEF9F74BF9704700000220FD
:1089A00000000020740200202CE400087402002063
:1089B000203A0020FEE72DE9FF4757EC106B002F0F
:1089C0000C4619463B46BBBF07F100431F46002338
:1089D0002D230B700D9BDDF830A0914623F020086D
:1089E000BCBF32461646B8F1460F05D0B8F1450F68
:1089F00000D10134022100E0032103AB019302AB5B
:108A0000009347EC106B5346224600F095FEB8F1F8
:108A1000470F054619D119F0010F0ED000EB0409DC
:108A20000022002330463946F8F72EF808B1CDF879
:108A30000C903022039B4B451ED3039B0E9A5B1B6D
:108A40002846136004B0BDE8F087B8F1460F00EB8C
:108A50000409E5D10378302B0AD1002200233046E7
:108A60003946F8F711F818B9C4F10104CAF8004002
:108A7000DAF800309944D3E7591C03911A70D9E70A
:108A8000F7B50029BABF49422D232B2309290270CB
:108A9000437029DD0DF1070425460A272246B1FB64
:108AA000F7F607FB1613303302F8013C0B46632B35
:108AB00004F1FF343146F1DC3031931E04F8011C1F
:108AC000411C1C46AB420AD30DF109039B1AA54277
:108AD00038BF0023821C1344181A03B0F0BD13F8EA
:108AE000016B01F8016FEDE7302330318370C17005
:108AF000031DF1E72DE9F04F8DB00C46DDF85880ED
:108B000016461F46054600F007FD03680693184603
:108B1000F7F78EFB00230A93D8F8003094F818A0DA
:108B2000D4F800B00790073323F00703B3EC027BBF
:108B30008DED047BC8F80030DDE9048323F00049A3
:108B400084ED127B9C4B4FF0FF3240464946F7F7CD
:108B5000CDFF70BB984B4FF0FF3240464946F7F7C8
:108B6000A7FF30BBDDE9040100220023F7F796FFE1
:108B700010B12D2384F84330904A914BBAF1470F3E
:108B80008CBF90469846032323612BF00403236097
:108B90004FF00009009733460BAA2146284600F003
:108BA000D1F9013040F08C804FF0FF300DB0BDE8BE
:108BB000F08FDDE9042310461946F7F797FF40B11F
:108BC000059B804A002BBCBF2D2384F843307E4B8D
:108BD000D4E763685A1C0AF0DF093BD106236360BF
:108BE0004BF480620023226003930AABCDE901A31A
:108BF00009AB009361689DED040B0DF1230328463A
:108C0000FFF7D9FEB9F1470F0999804629D1C81C51
:108C100002DB63688B4241DAAAF1020A5FFA8AFA40
:108C20000139524604F150000991FFF729FF0A9AD1
:108C30001318012A8146236102DC2268D20701D57C
:108C4000013323619DF82330002BA3D02D2384F81A
:108C500043309FE7B9F1470FC2D1002BC0D10123A8
:108C6000BDE7BAF1650FDBD9BAF1660F18D100295B
:108C700063680BDD216113B92268D00702D5013387
:108C80000B442361A1654FF00009DBE713B92268AB
:108C9000D20701D50233F4E70123F2E74FF0670A68
:108CA0000A9B8B4205DC23682161D807EAD54B1C5F
:108CB000E7E70029D4BFC1F1020201221344E0E733
:108CC00023685A0507D42369424631462846B847E7
:108CD00001302BD168E7BAF1650F40F2DD80D4E9AD
:108CE000120100220023F7F7CFFE002833D0374AC5
:108CF000012331462846B84701303FF455AFDDE93E
:108D00000938434502DB2368D8070FD5DDE9062380
:108D100031462846B84701303FF446AF4FF00009CE
:108D200008F1FF3804F11A0AC84509DC23689B07DB
:108D300000F10381E0680B9B9842B8BF184635E705
:108D40000123524631462846B84701303FF42CAF44
:108D500009F10109E8E7099B002B39DC1B4A0123D3
:108D600031462846B84701303FF41EAFDDE90939E6
:108D700059EA030302D12368D907D7D5DDE90623D1
:108D800031462846B84701303FF40EAF4FF0000A95
:108D900004F11A0B099B5B42534501DC4B4693E7F8
:108DA00001235A4631462846B84701303FF4FCAE0D
:108DB0000AF1010AEEE700BFFFFFEF7F9CDC00082D
:108DC00098DC0008A4DC0008A0DC0008A8DC00088F
:108DD000A36DDDF828A05345A8BF5346002B994644
:108DE00036DC4FF0000B29EAE97904F11A02A36D91
:108DF0000493A3EB09035B4531DC099B9A453ADCFC
:108E00002368DA0737D4099BAAEB0309049BAAEB72
:108E100003039945A8BF9946B9F1000F33DC4FF021
:108E2000000829EAE97904F11A0B099BAAEB03036C
:108E3000A3EB090343457FF779AF01235A46314637
:108E40002846B84701303FF4AFAE08F10108ECE71F
:108E5000424631462846B8470130C2D1A4E6012334
:108E6000314628460492B84701303FF49DAE049A3B
:108E70000BF1010BBBE7DDE9062331462846B84775
:108E80000130C0D190E6049A4B4642443146284610
:108E9000B8470130C3D187E6DDF828A0BAF1010F49
:108EA00001DCDB0736D50123424631462846B84768
:108EB00001303FF479AEDDE9062331462846B84754
:108EC00001303FF471AED4E91201002200230AF10F
:108ED000FF3AF7F7D9FDC0B9534608F10102314610
:108EE0002846B84701300CD15EE601235A46314688
:108EF0002846B84701303FF457AE08F10108D04585
:108F0000F3DB4B4604F15002DFE64FF0000804F1BA
:108F10001A0BF4E701234246E1E701234A463146B2
:108F20002846B84701303FF43FAE08F10108E36836
:108F30000B995B1A4345F0DCFCE64FF0000804F1A6
:108F40001909F4E72DE9F047164698468A680B6937
:108F5000DDF820909342B8BF1346336091F8432068
:108F600007460C460AB1013333602368990642BFB5
:108F7000336802333360256815F0060506D104F125
:108F8000190AE36832689B1AAB4226DC94F8433036
:108F90002268003B18BF012392062BD404F1430240
:108FA00041463846C84701301ED02368226903F085
:108FB0000603042B02BFE5683368ED1AA3680CBFF3
:108FC00025EAE57500259342C4BF9B1AED180026DB
:108FD0001A34B5421AD1002008E001235246414616
:108FE0003846C847013003D14FF0FF30BDE8F08765
:108FF0000135C6E7E1185A1C302081F843002244AD
:1090000094F8451082F843100233C7E70123224643
:1090100041463846C8470130E6D00136D9E700005E
:109020002DE9F0430D7E85B0782D90460C9E0746C5
:109030000C46994601F1430207D8622D0AD8002D4B
:1090400000F0D780582D00F0BC8004F1420684F86F
:1090500042503BE0A5F16303152BF6D801A151F86E
:1090600023F000BFBD900008D19000084B9000088D
:109070004B9000084B9000084B900008D1900008DE
:109080004B9000084B9000084B9000084B90000854
:10909000D9910008FB9000088B9100084B900008C4
:1090A0004B900008FB9100084B900008FB900008D3
:1090B0004B9000084B9000089391000833681A1DEC
:1090C0001B68326004F1420684F842300123A1E0BB
:1090D00033682068191D3160060601D51D6803E05C
:1090E0004506FBD5B3F90050002D03DA2D236D4260
:1090F00084F843305B480A2311E02168336808068E
:1091000053F8045B02D4490648BFADB23360237EF6
:1091100054486F2B5CD10823002184F84310666803
:10912000A660002E05DB21682E4321F0040121609A
:1091300050D01646B5FBF3F103FB115C10F80CC0E0
:1091400006F801CDAC4663450D46F3D9082B0BD18B
:109150002368DB0708D5236961689942DEBF3023A5
:1091600006F8013C06F1FF36921B2261CDF8009013
:10917000434603AA21463846FFF7E4FE01304ED1AC
:109180004FF0FF3005B0BDE8F083236843F02003C3
:1091900023603548782584F845502368316813F0FA
:1091A000800F51F8045B03D113F0400F18BFADB22C
:1091B0003160D90744BF43F0200323601DB1102361
:1091C000AAE72848E7E7236823F020032360F6E7AF
:1091D0000A23A1E71646B9E7336825686169181DB7
:1091E00030602E061B6801D5196002E06806FBD5C9
:1091F0001980002323611646B8E733681A1D3260D0
:109200001E68626800213046F6F7C2FF08B1801B75
:10921000606063682361002384F84330A6E7236914
:10922000324641463846C8470130A9D023689B07DB
:1092300013D4E068039B9842B8BF1846A2E7012305
:10924000324641463846C847013099D00135E36877
:1092500003995B1AAB42F2DCEBE7002504F1190637
:10926000F5E700BFAADC0008BBDC0008002310B54E
:109270000446C0E90033C0E904338360818143665A
:10928000C2818361194608225C3000F03DF90D4B24
:1092900063620D4BA3620D4BE3620D4B23630D4BD9
:1092A00024629C4206D003F16802944202D0D0337B
:1092B0009C4205D104F15800BDE8104000F0A0B96F
:1092C00010BD00BF6194000883940008BB9400089F
:1092D000E1940008D4380020024A0349034800F012
:1092E0006BB800BFAC000020B5AF0008BC00002088
:1092F00041680C4B994210B5044601D001F05AFE6A
:10930000A168094B994202D0204601F053FEE16862
:10931000064B994204D02046BDE8104001F04ABEF9
:1093200010BD00BFD43800203C390020A4390020F3
:109330000C4B0D4A0D4810B504211A600022FFF7AE
:1093400095FF0A4B01221C46092103F16800FFF733
:109350008DFF04F1D0000222BDE810401221FFF77A
:1093600085BF00BF0C3A0020D9920008D4380020F5
:10937000014800F046B900BF153A0020014800F04E
:1093800041B900BF153A002010B50446FFF7F0FFC1
:10939000236A1BB1BDE81040FFF7F0BF044B236206
:1093A000044B1B68002BF5D1FFF7C2FFF2E700BFAB
:1093B000F19200080C3A00202DE9F8430746884650
:1093C00014460026D4E90195B9F1010905D52468B0
:1093D000002CF7D13046BDE8F883AB89012B07D9C3
:1093E000B5F90E30013303D029463846C04706434D
:1093F0006835E9E70CB430B5184B0C1E1D689DB0FC
:1094000008DA8B232B604FF0FF301DB0BDE83040F1
:1094100002B070474FF40273ADF814304FF0000300
:109420001B9314BF04F1FF332346049307934FF6B5
:10943000FF7302900690ADF81630209A21AB02A976
:109440002846019301F03CFC431CBCBF8B232B60DE
:10945000002CDAD0029B00221A70D6E7B800002058
:1094600010B50C46B1F90E1000F07CF80028ABBF27
:10947000636DA3891B1823F48053ACBF6365A3817C
:1094800010BD2DE9F0411F468B89DB0505460C46D2
:10949000164605D5B1F90E100223002200F050F84F
:1094A000A389B4F90E1023F48053A38132463B46BE
:1094B0002846BDE8F04100F067B810B50C46B1F998
:1094C0000E1000F03DF8B4F90C30421C0BBF23F431
:1094D000805343F48053A381A38118BF606510BDFE
:1094E000B1F90E1000F01CB810B5013902449042D9
:1094F00001D1002005E0037811F8014FA34201D00B
:10950000181B10BD0130F2E702440346934200D11C
:10951000704703F8011BF9E700487047F801002085
:1095200038B5064D0023044608462B60FFF70EFAB7
:10953000431C02D12B6803B1236038BD103A0020D0
:1095400038B5074D04460846114600222A601A46DF
:10955000FFF706FA431C02D12B6803B1236038BD24
:10956000103A002038B5074D04460846114600223F
:109570002A601A46FFF7CCF9431C02D12B6803B1CD
:10958000236038BD103A002038B5074D0446084620
:10959000114600222A601A46FFF7CAF9431C02D17D
:1095A0002B6803B1236038BD103A0020014B1868C6
:1095B000704700BFB800002070B50D4B0D4D5B1B10
:1095C0009C100026A64209D103F08CFC0A4D0B4BDF
:1095D0005B1B9C100026A64205D170BD55F8043BCC
:1095E00098470136EEE755F8043B98470136F2E715
:1095F00024E4000824E4000824E4000828E4000827
:109600007047704770470A44914200F1FF3300D120
:10961000704710B511F8014B03F8014F9142F9D191
:1096200010BD2DE9F74F03690C69A34207467EDBA5
:10963000013C01F11408A30000F11405009305EBAF
:109640008403019358F8243055F8242001339A42BA
:1096500008EB8409B2FBF3F62ED34FF0000AC446A0
:10966000AE46D3465CF8043B98B206FB00A0020C61
:109670001B0C06FB0323DEF8002080B292B2121A04
:109680005A44DEF800004FEA134A9BB2C3EB224370
:1096900003EB104392B242EA0342E1454EF8042B39
:1096A0004FEA234BDED2009BEB582BB9019B043BC6
:1096B0009D421A462FD33C61384601F095F90028A7
:1096C00025DB2946002058F8042BD1F800C01FFAEA
:1096D00082FE1FFA8CF3A3EB0E030344120CC2EBC1
:1096E000234202EB1C429BB243EA0243C14541F8CC
:1096F000043B4FEA2240E6D255F8242005EB8403D0
:1097000022B9043B9D421A460BD33C6101363046D8
:1097100003B0BDE8F08F1268043B002ACBD1013CB6
:10972000C6E71268043B002AEFD1013CEAE70020BB
:10973000EEE70000000000002DE9F04F99B08DED3C
:109740000E0B0C92C269229C0A9157EC106B814659
:10975000139382B9102000F015FE0246C9F81C00D0
:1097600020B9AB4BEF21AB4801F076FC0023C0E9F8
:1097700001330360C360116859B152684A60012324
:1097800093408B60484600F0F1FED9F81C3000226F
:109790001A60B7F10008B5BF0123002323602360DE
:1097A0009D4BBCBF28F00048CDF83C8033EA08034D
:1097B0001AD1139AC8F3130842F20F7358EA060835
:1097C000136000F06885239B53B9944B21E0944BC0
:1097D00000930833239A1360009819B0BDE8F08F06
:1097E0008E4B00930333F5E79DED0E7B002251EC89
:1097F000170B00238DED067BF7F746F9824650B133
:10980000139A01231360239B13B1239A854B136092
:10981000854B0093E0E79DED060B16AA17A9484675
:1098200001F096F95FEA1854169D019079D0079BD4
:10983000CDF850A0C3F31303DDE9060143F07F53D5
:1098400043F44013A4F2FF3419460022774BF6F795
:10985000FBFC69A3D3E90023F6F7AEFE68A3D3E9C6
:109860000023F6F7F3FC064620460F46F6F73AFECD
:1098700065A3D3E90023F6F79FFE02460B46304668
:109880003946F6F7E3FC06460F46F7F745F900229E
:109890008046002330463946F7F700F948B1404684
:1098A000F6F720FE32463B46F7F7EEF808B908F126
:1098B000FF38B8F1160F51D85D4B03EBC803D3E95D
:1098C0000023DDE90601F7F7E9F8002848D008F1A0
:1098D000FF38002312932D1B6B1E089343BF0023F8
:1098E000C5F1010708930027B8F1000F3ADB089B88
:1098F000CDF8348043440893002309930A9B092B35
:1099000062D8052BC4BF043B0A930A9BA3F1020350
:10991000CCBF00240124032B62D8DFE803F05153AD
:10992000362B179C2C4404F23243202BC1BFC3F1C9
:10993000400308FA03F804F2124326FA03F3D6BFF1
:10994000C3F1200348EA030006FA03F0F6F7BAFD74
:109950000122A1F1F873013C149275E70123B9E7E4
:109960001290B8E7C8F1000309930023A7EB08079A
:109970000D93C3E701230B930C9B434405930133E1
:10998000012B0493B8BF012306E001230B930C9B2A
:10999000002B28DDCDE90433D9F81C000021042276
:1099A00002F114059D4223D94160484600F0A0FD14
:1099B0000090002840D11F4B024640F2AF11D2E682
:1099C0000023E3E70023D6E701240023CDE90A348E
:1099D0004FF0FF33CDE90433002212230C92DBE772
:1099E00001230B93F4E70123CDE904331A46F5E78D
:1099F00001315200D4E700BF61436F63A787D23FB4
:109A0000B3C8608B288AC63FFB799F501344D33F6D
:109A1000D9DC0008F0DC00080000F07FD5DC00088D
:109A2000CCDC0008A9DC0008A8DC00080000F83F36
:109A300040DE000849DD0008D9F81C30009A1A60A1
:109A4000049B0E2B00F2A180002C00F09E80B8F148
:109A5000000F36DD9E4B08F00F0203EBC20318F433
:109A6000807FD3E900AB4FEA281516D0994BDDE98A
:109A70000601D3E90823F6F7C9FECDE9020105F096
:109A80000F050324934E75B9DDE9020152465B468A
:109A9000F6F7BCFE82468B462DE09DED067B022448
:109AA0008DED027BEEE7E90708D550465946D6E929
:109AB0000023F6F781FD013482468B466D1008368F
:109AC000E1E700F0AD80C8F10005814B814E05F063
:109AD0000F0203EBC203D3E90023DDE90601F6F729
:109AE0006BFD2D1182468B4600230224002D40F091
:109AF0008C80002BCED1129B002B00F09580764BF2
:109B0000002250465946F6F7C9FF002800F08C8025
:109B1000049B002B00F08880059B002B35DD08F1AD
:109B2000FF330293504659466C4B0022F6F744FD32
:109B3000059E82468B4601342046F6F7D3FC5246FA
:109B40005B46F6F739FD664B0022F6F77FFB0446CD
:109B5000A1F15075CDE91045002E69D1614B00226D
:109B600050465946F6F770FB22462B4682468B46F6
:109B7000F6F7B2FF002840F09482224605F1004338
:109B800050465946F6F78AFF20BB179B002BC0F2C0
:109B90006081B8F10E0F00F35C814D4B03EBC803FD
:109BA000D3E900AB0C9B002B80F2EE80049B002BD2
:109BB00000F3EA800ED14B4B002250465946F6F78F
:109BC000FBFC02460B46DDE90601F6F771FF0028B3
:109BD00000F06A8200252C460C9B009EDB4302931A
:109BE000274600242946484600F0C0FC002F00F01C
:109BF000C1802CB1BC4203D02146484600F0B6FCDF
:109C00003946484600F0B2FCB4E0EA0705D5D6E98B
:109C10000023F6F7D1FC013401236D10083665E707
:109C2000DDE906AB022466E7049ECDF8088083E7F1
:109C3000274B03EBC60353E902010B9B002B55D0C6
:109C400002460B4600202849F6F7E0FDDDE9102327
:109C5000F6F7FAFA009BCDE910019D191E46594608
:109C60005046F6F759FF0446F6F73CFC02460B4611
:109C700050465946F6F7E8FA3034DDE9102306F885
:109C8000014B82468B46F6F709FF002872D15246F7
:109C90005B4611490020F6F7D7FADDE91023F6F705
:109CA000FDFE002840F0B680AE423FF46EAFDDE925
:109CB00010010A4B0022F6F77FFC084BCDE910019A
:109CC000002250465946F6F777FC82468B46C6E797
:109CD00040DE000818DE00080000F03F00002440CD
:109CE00000001C40000014400000E03FDDE91023AC
:109CF000F6F762FC009B009DCDE9100133441593FB
:109D000059465046F6F708FF0446F6F7EBFB3034A9
:109D10000B46024659465046F6F796FA05F8014BAF
:109D2000159B9D4282468B4627D1009B0022DDE990
:109D300010011E44B34BF6F789FA02460B46504613
:109D40005946F6F7C9FE002864D1DDE91023AD4974
:109D50000020F6F779FA02460B4650465946F6F7C8
:109D60009DFE00283FF411AF334616F8012D302A2E
:109D7000FAD01E46DDF808803AE0A34B0022F6F741
:109D80001BFC82468B46BBE7009E52465B46DDE9E4
:109D90000601F6F73BFDF6F7BFFE0746F6F7A2FB16
:109DA00052465B46F6F708FC02460B46DDE9060123
:109DB000F6F74AFA07F1300C009C06F801CBA6EB47
:109DC000040C049C644502460B4633D1F6F73EFA78
:109DD00052465B4604460D46F6F77EFEC0B9524633
:109DE0005B4620462946F6F74FFE08B1FB070FD425
:109DF0000199484600F0BAFB0023139A337008F12A
:109E000001031360239B002B3FF4E6AC1E60E3E4E8
:109E1000CDF8088033461E4613F8012D392A06D1A5
:109E2000009A9A42F7D1029A01320292302201320C
:109E30001A709FE7744B0022F6F7BEFB02460B46F2
:109E4000CDE9062300220023F6F71EFE00289CD051
:109E5000CEE70B9A002A00F0E3800A9A012A00F369
:109E6000C280149A002A00F0BA8003F23343099D9D
:109E70003E46089A01211A4448461F44089200F0C1
:109E800029FC044656B1089B002B07DDB342089A13
:109E9000A8BF3346FF1AF61AD31A0893099B0BB3CF
:109EA0000B9B002B00F0C380002D00F0BD802146ED
:109EB0002A46484600F0CEFC019A01460446484630
:109EC00000F01EFC01998246484600F04FFB099BBA
:109ED0005B1B099300F0AE80099A5146484600F09A
:109EE000B9FC01900121484600F0F4FB0D9B0546AA
:109EF000002B00F0D7811A460146484600F0AAFC24
:109F00000A9B012B054600F39D800E9B002B40F021
:109F100094800F9BC3F31303002B40F08E800F9BA4
:109F200023F000431B0D1B05002B00F08980089BCC
:109F30000133013708934FF0010A0D9B002B00F00D
:109F4000B7812B6905EB8303186900F077FBC0F13B
:109F50002000089B184410F01F007ED0C0F12003A1
:109F6000042B72DD089BC0F11C0003440744064427
:109F70000893002F05DD01993A46484600F0C6FCDB
:109F80000190089B002B05DD29461A46484600F043
:109F9000BDFC0546129B002B61D00198294600F0BC
:109FA00023FD00285BDA08F1FF33029301990023B7
:109FB0000A22484600F0FCFA0B9B0190002B00F0AF
:109FC0007981002321460A22484600F0F1FA059BD8
:109FD000002B044672DC0A9B022B49DC6EE0169BC8
:109FE000C3F1360343E7049B5D1E099BAB420DDBC7
:109FF0005D1B049B002BBFF63BAF049BFE1A0023A6
:10A0000037E700BF0000E03F00002440099B0D9AA5
:10A010000995EB1A1A440D92049B3E46002528E749
:10A02000099D0B9C3E462DE7DDF804A054E7099AF4
:10A03000019953E7CDF804A054E74FF0000A7CE7FC
:10A040009A467AE74FF0000A7BE792D0089A1C33D1
:10A050001A441F441E4408928BE70346F6E7049B0C
:10A06000CDF80880002B23DC05930A9B022B21DD11
:10A07000059B002B7FF4B0AD29460522484600F031
:10A0800097FA01460546019800F0AEFC00287FF7DC
:10A09000A3AD009E312306F8013B029B01330293DE
:10A0A0009EE535462C46F4E7049DCDF80880F9E797
:10A0B000049B05930B9B002B00F00081002E05DD17
:10A0C00021463246484600F021FC0446BAF1000F12
:10A0D0005AD06168484600F00BFA064628B9824B10
:10A0E000024640F2EF21FFF73EBB226902329200A6
:10A0F00004F10C010C30FFF786FA01223146484684
:10A1000000F004FC0746009B009A03F1010B059B3D
:10A11000134406930E9B03F0010308930BF1FF33E6
:10A12000294601980493FFF77CFA2146059000F137
:10A13000300A019800F058FC3A46804629464846C5
:10A1400000F06EFCC268064602BB0146019800F0B2
:10A150004BFC024631464846099200F007FADDE919
:10A16000092342EA0301089B19435E4610D1BAF164
:10A17000390F2BD0B8F1000F02DD059B03F1310A36
:10A18000049B83F800A02DE52746BCE70122E1E708
:10A19000B8F1000F06DB0A9B48EA0308089B58EA5F
:10A1A000030820D1002AEBDD01990122484600F086
:10A1B000ADFB2946019000F017FC002803DCDFD13D
:10A1C0001AF0010FDCD0BAF1390FD6D1049A392335
:10A1D000137033461E46013B16F8012C392A52D023
:10A1E00001321A70FEE4002A07DDBAF1390FEDD012
:10A1F000049A0AF101031370F4E4069B0BF801AC16
:10A200005B452AD0019900230A22484600F0D0F984
:10A21000BC4201904FF000034FF00A02214648462D
:10A2200006D100F0C5F9044607460BF1010B75E7AE
:10A2300000F0BEF93946044600230A22484600F0E1
:10A24000B7F90746F1E7059B5E1E002B009BD8BFC0
:10A2500000265A1C2746164400240199012248462C
:10A2600000F054FB2946019000F0BEFB0028B0DC52
:10A2700002D11AF0010FACD133461E4613F8012D5E
:10A28000302AFAD0AEE4009A9A42A3D1029B01335D
:10A2900002933123AFE7239B002B7FF498AA134B43
:10A2A000FFF7B7BA0A9B012B7FF72FAEDDF834A07A
:10A2B00001204EE6059B002B7FF7D7AE009E01984C
:10A2C0002946FFF7AEF900F1300A009B06F801AB12
:10A2D000F21A059B9342B6DD019900230A224846F3
:10A2E00000F066F90190EAE749DD0008CCDC0008DF
:10A2F00038B50546002941D051F8043C0C1F002B0D
:10A30000B8BFE41800F0E8F81D4A136833B9636079
:10A3100014602846BDE8384000F0E4B8A34208D9EC
:10A32000206821188B4201BF19685B6809182160F9
:10A33000EDE71A465B680BB1A342FAD911685018D1
:10A34000A0420BD120680144501883421160E0D133
:10A3500018685B68536008441060DAE702D90C2380
:10A360002B60D6E7206821188B4204BF19685B6810
:10A37000636004BF091821605460CAE738BD00BF9C
:10A380001C3A0020024B0146186800F025B800BFB7
:10A39000B800002070B50F4E0C463168054611B963
:10A3A00000F04AFE30602146284600F045FE431C7E
:10A3B00003D14FF0FF34204670BDC41C24F00304C9
:10A3C000A042F8D0211A284600F036FE0130F2D122
:10A3D000EFE700BF183A00202DE9F843CD1C25F027
:10A3E000030508350C2D38BF0C25002D064601DB72
:10A3F000A94204D90C2333600020BDE8F883DFF8BC
:10A40000D48000F069F8D8F800301C4644BB2946D7
:10A410003046FFF7BFFF431C044658D1D8F8004030
:10A420002746002F43D1002C4BD0236839463046B5
:10A4300004EB030900F000FE814542D121686D1A4A
:10A4400029463046FFF7A6FF01303AD023682B4457
:10A450002360D8F800305A6862BBC8F800700FE07B
:10A460002268521B20D40B2A17D96119A3422560F8
:10A4700018BF5960636808BFC8F8001062514B608C
:10A48000304600F02FF804F10B00231D20F00700E8
:10A49000C21A1CBF1B1AA350AFE76268A3420CBFCD
:10A4A000C8F800205A60EBE723466468AEE73C46F4
:10A4B0007F68B6E71A465B68A342FBD1002353606E
:10A4C000DEE70C233360304600F00CF894E70560BB
:10A4D000D6E700BF1C3A00200148FFF792B800BF42
:10A4E000143A00200148FFF78DB800BF143A00204D
:10A4F00070B5C46905460E4684B91020FFF742FFC7
:10A500000446E86128B90246164B17486B2100F053
:10A51000A3FD0023C0E901330360C360E36853B9BE
:10A5200021220421284600F0B5FDEB69E060DB68DC
:10A530000BB9002070BD53F8260030B1026843F813
:10A5400026200023C0E90333F4E7012101FA06F4D1
:10A55000621D9200284600F09DFD0028E9D0C0E968
:10A560000164EEE7D9DC00085ADD000870B5C66961
:10A5700005460C4676B91020FFF704FF0246E86155
:10A5800020B9094B09488F2100F066FDC0E901663A
:10A590000660C6603CB1EB696268DB6853F8221064
:10A5A000216043F8224070BDD9DC00085ADD000864
:10A5B0002DE9F0410D6907460C461E4601F1140CC9
:10A5C0000020DCF8003099B202FB01611E0C0B0C7C
:10A5D00002FB063389B2013001EB034185424CF89E
:10A5E000041B4FEA1346ECDC0EB3A368AB4219DC44
:10A5F000616838460131FFF77BFF804628B9024683
:10A600000C4B0D48BA2100F027FD2269023204F1FB
:10A610000C0192000C30FEF7F6FF21463846FFF79A
:10A62000A5FF444604EB850301355E6125612046A4
:10A63000BDE8F08149DD00085ADD0008B0F5803F33
:10A64000034636BF030400201020B3F1807F3CBFD7
:10A650001B020830B3F1805F3CBF1B010430B3F133
:10A66000804F3CBF9B000230002B05DB13F0804F76
:10A6700000F1010008BF202070470368024613F074
:10A6800007000BD0D90721D4980749BF5B089B0866
:10A69000012013605CBF13600220704799B209B9B2
:10A6A0001B0C1020D9B209B908301B0A190704BFC6
:10A6B0001B090430990704BF9B080230D90703D453
:10A6C0005B0800F1010003D0136070470020704761
:10A6D0002020704710B50C460121FFF709FF024604
:10A6E00028B9054B054840F2451100F0B5FC01239F
:10A6F0004461036110BD00BF49DD00085ADD000858
:10A700002DE9F04FD1F81090D2F810A0D14585B0C6
:10A710008846144604DB53460C46CA469046994682
:10A72000A36861680AEB0906B342B8BF0131FFF7BD
:10A73000DFFE30B90246454B45484FF4B17100F099
:10A740008BFC00F1140505EB86072B460022BB426B
:10A750001FD304F1140C08F114010CEB8A0301EB74
:10A76000890202921A1B153A22F0030215349C4208
:10A7700088BF00220192029A03918A420CD8002ECF
:10A7800003DD57F8043D002B5DD0066105B0BDE840
:10A79000F08F43F8042BDAE7B1F800A0BAF1000F0C
:10A7A00024D0E046A9464FF0000E58F8042BD9F803
:10A7B00000401FFA82FBA4B20AFB0B444FEA124B83
:10A7C000D9F8002074444FEA124E0AFB0BE202EB68
:10A7D0001442A4B244EA0244434549F8044B4FEA08
:10A7E000124EE2D8019AAA18C2F804E0039AB2F80D
:10A7F00002800431B8F1000F23D02A68E646914662
:10A80000AA464FF0000BBEF8004008FB04B404EB6E
:10A81000194492B242EA04424AF8042B5EF8042B2F
:10A82000DAF800904FEA124B1FFA89F208FB0B226C
:10A8300002EB144273454FEA124BE4D8019C2C19E9
:10A840006260043597E7013E99E700BF49DD0008E3
:10A850005ADD00082DE9F843174612F0030280463E
:10A860000D4607D0264C013A002354F82220FFF76A
:10A870009FFE0546BF103FD0D8F81C4094B9102069
:10A88000FFF780FD0446C8F81C0030B902461D4B96
:10A890001D4840F2B31100F0DFFB0023C0E9013393
:10A8A0000360C360A66846B940F271214046FFF7D5
:10A8B00011FF0023A060064603602C464FF00009FC
:10A8C00007F001037F1053B1294632464046FFF797
:10A8D00017FF214605464046FFF748FE67B130683E
:10A8E00038B9324631464046FFF70AFF3060C0F8BB
:10A8F000009006462C46E3E72846BDE8F88300BFF3
:10A900000CDE0008D9DC00085ADD00082DE9F84FFC
:10A910000C464968236903EB6218A368074615468D
:10A920004FEA621A08F101094B450BDB3846FFF785
:10A93000DFFD064648B90246294B2A484FF4EF711D
:10A9400000F08AFB01315B00EEE7002300F1140CFC
:10A9500000F110021946534535DB22692AEAEA7AEA
:10A960000CEB8A0C04F1140315F01F0E614603EB87
:10A9700082022CD0CEF1200A002518688B4600FAFE
:10A980000EF02843CBF8000053F8045B9A4201F123
:10A99000040125FA0AF5F0D8131B153B23F0030335
:10A9A00004F115018A4238BF00239C44CCF80450BE
:10A9B00005B9C1463846C6F810902146FFF7D6FDC6
:10A9C0003046BDE8F88F42F8041F0133C3E753F85F
:10A9D000045B0D609A4201F10401F8D8E9E700BF79
:10A9E00049DD00085ADD00080A6903460069801A3B
:10A9F00030B50ED11433143103EB820401EB820124
:10AA000054F8045D51F8042D954203D005D24FF05F
:10AA1000FF3030BDA342F3D3FBE70120F9E700008C
:10AA20002DE9F74F8A460646114650461446FFF771
:10AA3000DBFF051E12D129463046FFF759FD0246BD
:10AA400028B9414B40F23721404800F005FB012373
:10AA5000C0E90435104603B0BDE8F08FBCBF5346D3
:10AA6000A2463046DAF80410BABF1C46012500257C
:10AA7000FFF73EFD024618B9334B40F24521E3E7AC
:10AA8000DAF810702669C5600AF1140904F1140E91
:10AA900000F114050AF1100309EB87080EEB860696
:10AAA0000193AB464FF0000C019B5EF8040B53F88A
:10AAB00004AF01931FFA8AF3194683B2CB1A000C34
:10AAC0006344C0EB1A4000EB23409BB243EA0043CF
:10AAD00076454BF8043B4FEA204CE5D8331B153B39
:10AAE000153423F00303A64238BF0023E8184B4473
:10AAF0001C1D04302646A5EB0905464506EB050E50
:10AB00000ED308F10301091B21F00301013398451D
:10AB100038BF0021014451F8043D9BB1176199E70A
:10AB200056F8041BE2464FEA11491CFA81FC5144D5
:10AB300009EB2C4989B241EA09414FEA294CCEF888
:10AB40000010DAE7013FE6E749DD00085ADD0008BA
:10AB50002DE9F7430F46012159EC108B1646FFF7FC
:10AB6000C7FC044630B90246234B244840F20F315B
:10AB700000F072FAC9F30A55C9F313030DB143F497
:10AB800080130193B8F1000323D068460093FFF7C8
:10AB900074FD0099D8B1019AC0F1200302FA03F3C1
:10ABA0000B43C24063610192019BA361002B0CBF68
:10ABB000012202222261A5B1A5F2334505443D6080
:10ABC000C0F135003060204603B0BDE8F08361611C
:10ABD000EAE701A8FFF751FD019B636120300122E4
:10ABE000E8E704EB8203A0F2324038601869FFF70F
:10ABF00025FDC0EB4210E5E749DD00085ADD0008FD
:10AC00002DE9F0478E681F46BE4282460C469046AC
:10AC1000334653D8B1F90C0010F4906F2BD065690E
:10AC20002368096905EB4505A3EB010905EBD5751B
:10AC30007B1C6D104B44AB422A4684BF1D462A46FE
:10AC4000430527D511465046FFF7C6FB064658B3C5
:10AC500021694A46FEF7D7FCA38923F4906343F0A9
:10AC60008003A381266165614E44A5EB090526603A
:10AC7000A5603E463B461F4620683A46414600F0E6
:10AC8000C1F9A3689B1BA36023683B442360002099
:10AC9000BDE8F087504600F023FA06460028E1D1CF
:10ACA00021695046FFF724FB0C23CAF80030A38922
:10ACB00043F04003A3814FF0FF30E9E73E46DBE776
:10ACC0002DE9F0471F468B891B069CB006460D46B2
:10ACD000144610D50B6973B94021FFF77DFB28603E
:10ACE000286130B90C2333604FF0FF301CB0BDE851
:10ACF000F08740236B610023099320238DF82930CE
:10AD000003973023654F8DF82A304FF00108234612
:10AD1000994613F8012B0AB1252AF9D1B9EB040A97
:10AD20000BD05346224629463046FFF769FF0130D3
:10AD300000F0A480099A5244099299F80030002B3F
:10AD400000F09C8000234FF0FF32CDE9052309F18C
:10AD50000109049307938DF853301A934C464F48DA
:10AD600014F8011B0522F5F713FA049BD0B9D80695
:10AD700044BF20228DF85320190744BF2B228DF8A1
:10AD8000532099F800202A2A13D0079A4C46002015
:10AD90004FF00A0C214611F8013B303B092B49D9F1
:10ADA00068B913E0C01B08FA00F018430490A146EC
:10ADB000D4E7039A111D12680391002A01DB079260
:10ADC00004E0524243F002030792049323782E2BAF
:10ADD0000AD163782A2B32D1039B1A1D1B68039278
:10ADE00043EAE37302340593DFF8C090217803222D
:10ADF0004846F5F7CDF938B1049BA0EB0900402295
:10AE0000824013430134049314F8011B24488DF845
:10AE100028100622F5F7BCF9002835D0214818BBC8
:10AE2000039B073323F0070308330393099B034471
:10AE300009936CE70CFB02320C460120AAE70023C1
:10AE40000134059319464FF00A0C204610F8012BE7
:10AE5000303A092A03D9002BC6D00591C4E70CFB70
:10AE6000012104460123F0E703AB00932A460E4B71
:10AE700004A93046FDF73EFE421CD7D1AB895B06E4
:10AE80003FF532AF099831E703AB00932A46064BF2
:10AE900004A93046FEF7C4F8EEE700BFB4DD0008B1
:10AEA000BEDD0008F58A000801AC0008BADD000824
:10AEB000B1F90C202DE9F041160705460C4651D496
:10AEC0004B68002B02DC0B6C002B49DDE66A002E80
:10AED00046D0002312F480522F682B6031D0626D6F
:10AEE000A389590705D56368D21A636B0BB1236C2C
:10AEF000D21A0023E66A216A2846B047421CB4F9F8
:10AF00000C3006D129681D2946D8294ACA40D607DF
:10AF100042D500226260D9042269226004D5421C15
:10AF200001D12B6803B96065616B2F60C1B104F179
:10AF30004403994202D02846FFF7DAF900236363FD
:10AF40000EE0216A01232846B0470246501CC7D1B3
:10AF50002B68002BC4D01D2B01D0162B1AD12F60CB
:10AF600000201EE00F69002FFAD093070E6808BF7B
:10AF70004B690F6018BF0023A6EB07088B60B8F180
:10AF8000000FEDDD216AA66A43463A462846B047DF
:10AF9000002808DCB4F90C3043F04003A3814FF0E3
:10AFA000FF30BDE8F0810744A8EB0008E7E700BFE9
:10AFB0000100402038B50B6905460C4613B9002541
:10AFC000284638BD18B1036A0BB9FEF7DDF9B4F9AC
:10AFD0000C30002BF3D0626ED00704D4990502D454
:10AFE000A06DFEF70EFB28462146FFF761FF636E5A
:10AFF000DA070546E4D4A3899B05E1D4A06DFEF7EA
:10B0000001FBDDE7884210B501EB020402D984425E
:10B01000234607D8431EA14207D011F8012B03F89D
:10B02000012FF8E70244824200D110BD13F8011D40
:10B0300002F8011DF7E7000038B5064D002304466D
:10B0400008462B60FDF730FC431C02D12B6803B18E
:10B05000236038BD103A00201FB514461A46094B2C
:10B060001B680546D8684CB1074B0091CDE9013407
:10B0700006492B4600F070F800F080F8044B1C469F
:10B08000F3E700BFB8000020CFDD0008DCDD0008DA
:10B090000ADE000870B5A1FB025434B92946FFF757
:10B0A0009BF9064628B9304670BD0C220260002686
:10B0B000F9E72A462146FEF727FAF4E782B001B9FC
:10B0C00001A942B14BB113780B601278101E18BF62
:10B0D000012002B070471046FBE76FF00100F8E76F
:10B0E0002DE9F041074614460D4621B9BDE8F0416F
:10B0F0001146FFF771B92AB9FFF7FAF82546284635
:10B10000BDE8F08100F041F88442064602D8B4EB75
:10B11000500FF4D821463846FFF75EF9804608B94B
:10B120004546ECE7B4422246294628BF3246FEF7A0
:10B130006AFA29463846FFF7DBF8F1E70346084686
:10B1400041B1FF2A04D98A221A604FF0FF307047BC
:10B150000A700120704700000EB403B5014603AB2E
:10B16000054853F8042B0068019300F03FF802B043
:10B170005DF804EB03B07047B800002008B5062066
:10B1800000F002FA0120FDF7BDFB51F8043C181F46
:10B19000002BBCBF0B58C01870479368013B002BB5
:10B1A00010B4936008DA9469A34201DB0A2903D141
:10B1B0005DF8044B00F02EB91368581C106019702C
:10B1C00008465DF8044B7047F8B506460F4614462E
:10B1D000D518AC4201D1002007E014F8011B3A4613
:10B1E0003046FFF7DAFF431CF3D1F8BD2DE9F047F5
:10B1F0000D469CB014461F46064618B1036A0BB9AB
:10B20000FEF7C2F86B6ED90705D4AB899A0502D454
:10B21000A86DFEF7F6F9AB891B0701D52B699BB921
:10B220002946304600F034F970B16B6EDC0704D566
:10B230004FF0FF301CB0BDE8F087AB899805F7D41C
:10B24000A86DFEF7DFF9F3E70023099320238DF8BB
:10B250002930039730236A4F8DF82A304FF00108C8
:10B260002346994613F8012B0AB1252AF9D1B9EBE7
:10B27000040A0BD05346224629463046FFF7A4FF66
:10B28000013000F0A480099A5244099299F80030E4
:10B29000002B00F09C8000234FF0FF32CDE9052306
:10B2A00009F10109049307938DF853301A934C4622
:10B2B000534814F8011B0522F4F76AFF049BD0B928
:10B2C000D90644BF20228DF853201A0744BF2B22F1
:10B2D0008DF8532099F800202A2A13D0079A4C465B
:10B2E00000204FF00A0C214611F8013B303B092B9E
:10B2F00049D968B913E0C01B08FA00F0184304905C
:10B30000A146D4E7039A111D12680391002A01DBBC
:10B31000079204E0524243F0020307920493237819
:10B320002E2B0AD163782A2B32D1039B1A1D1B685E
:10B33000039243EAE37302340593DFF8D490217853
:10B3400003224846F4F724FF38B1049BA0EB090020
:10B350004022824013430134049314F8011B29480E
:10B360008DF828100622F4F713FF00283ED0264857
:10B3700018BB039B073323F0070308330393099B90
:10B38000034409936CE70CFB02320C460120AAE748
:10B3900000230134059319464FF00A0C204610F89B
:10B3A000012B303A092A03D9002BC6D00591C4E7F6
:10B3B0000CFB012104460123F0E703AB00932A466E
:10B3C000124B04A93046FDF795FB431CD7D16B6E99
:10B3D000D90705D4AB899A0502D4A86DFEF712F9F6
:10B3E000AB895B063FF524AF099823E703AB0093D5
:10B3F0002A46064B04A93046FDF712FEE5E700BFDA
:10B40000B4DD0008BEDD0008F58A0008C9B10008F7
:10B41000BADD0008F8B50E461446054618B1036AB1
:10B420000BB9FDF7B1FFA369A360A3891A0701D582
:10B43000236943B92146284600F02AF818B14FF095
:10B44000FF373846F8BD23682269981A6369F6B257
:10B450008342374605DC21462846FFF7ABFD00282E
:10B46000EDD1A368013BA36023685A1C22601E70C3
:10B470006269431C9A4204D0A389DB07E1D50A2EF6
:10B48000DFD121462846FFF795FD0028D9D0D6E721
:10B4900038B5284B054618680C4618B1036A0BB935
:10B4A000FDF772FFB4F90C301A0721D4D80607D47F
:10B4B00009222A6043F04003A3814FF0FF3030E0BF
:10B4C000590712D5616B41B104F14403994202D08E
:10B4D0002846FEF70DFF002363630022B4F90C3009
:10B4E00062602269226023F0240343F00803A381F1
:10B4F00022693AB99A0501D5180603D5214628468E
:10B5000000F082F8B4F90C3013F001020AD00022E6
:10B51000A26062695242A261226942B913F08000BE
:10B52000C8D138BD990758BF6269A260F4E700200E
:10B53000F7E700BFB80000201F2938B505460C46C4
:10B5400004D9162303604FF0FF3038BDC26B12B12F
:10B5500052F821304BB9284600F030F82246014617
:10B560002846BDE8384000F017B8012B0AD0591C16
:10B5700003D1162303600120E7E7002142F82410DD
:10B58000204698470020E0E7024B01461868FFF785
:10B59000D3BF00BFB800002038B5074D00230446D4
:10B5A000084611462B60FDF7A5F9431C02D12B6814
:10B5B00003B1236038BD00BF103A0020FDF798B9F1
:10B5C00070B50C46B1F90E10002996B015461E460E
:10B5D0000ADAA18911F0800113D14FF480620020B2
:10B5E00031602A6016B070BD6A4600F047F8002846
:10B5F000EFDB019901F47041A1F500535942594123
:10B60000EBE700214022EAE78B8973B59E070546E8
:10B610000C4607D504F147032360236101236361CE
:10B6200002B070BD01AB6A46FFF7CAFF009E284614
:10B630003146FEF7D1FEB4F90C3038B99A05EFD493
:10B6400023F0030343F00203A381E3E743F0800305
:10B65000A381019B2060C4E90406002BE0D0B4F96B
:10B660000E10284600F01CF80028D9D0A38923F03A
:10B67000030343F00103A381D2E7000038B5074D6F
:10B6800000230446084611462B60FDF762F9431C6F
:10B6900002D12B6803B1236038BD00BF103A0020EF
:10B6A00038B5064D0023044608462B60FDF756F9D1
:10B6B000431C02D12B6803B1236038BD103A00202F
:10B6C00008B52DED028BB0EE408A00F027FAB4EEFB
:10B6D000488AF1EE10FAF0EE408A0AD6B0EE480A37
:10B6E00000F09AF8F7EE007AB4EEE70AF1EE10FAFD
:10B6F00004DCB0EE680ABDEC028B08BDFDF756FF16
:10B70000BDEC028B034621221A600248BDE80840C6
:10B7100000F0C4B8ECCF000800F0FABA08B52DED7F
:10B72000028BF0EE408AB0EE608A00F097FBF4EEF8
:10B73000488AF1EE10FA06D6DFED098AB4EE688A7F
:10B74000F1EE10FA02D0BDEC028B08BDFDF72EFF22
:10B7500088EEA80ABDEC028B2123036008BD00BF60
:10B760000000000008B52DED028BB0EE408A00F01D
:10B7700007F9B4EE488AF1EE10FA06D6DFED098A31
:10B78000B4EEE88AF1EE10FA02D4BDEC028B08BDEB
:10B79000FDF70CFF88EEA80ABDEC028B21230360A5
:10B7A00008BD00BF0000000010EE103A184923F059
:10B7B00000428A421AD9B2F1FF4F02D330EE400A5A
:10B7C000704700B583B0684600F00AFC00F0030043
:10B7D00001289DED000ADDED010A10D0022809D0F4
:10B7E00090B900F0D1F803B05DF804FBDFED090A71
:10B7F00000F0CAB800F0C8F8B1EE400AF3E700F074
:10B8000045F9B1EE400AEEE7012000F03FF9EAE722
:10B81000D80F493F0000000010EE103A23F000431B
:10B8200000EE103A704700BF10EE103A194923F0AD
:10B8300000428A421BD9B2F1FF4F02D330EE400AD8
:10B84000704700B583B0684600F0CAFB00F0030003
:10B8500001289DED000ADDED010A13D002280BD06E
:10B8600098B9012000F012F903B05DF804FBDFED98
:10B870000A0A002000F00AB9012000F007F9B1EE31
:10B88000400AF1E700F080F8EEE700F07DF8B1EE55
:10B89000400AE9E7D80F493F000000009FED010A88
:10B8A000704700BF0000C07F08B52DED028BF0EEA1
:10B8B000408AB0EE608A00F047F820B9B0EE480A3E
:10B8C000BDEC028B08BDB0EE480A00F03DF858B15F
:10B8D000F4EEC88AF1EE10FAC8BFB0EE688AB0EE96
:10B8E000480ABDEC028B08BDB0EE688AB0EE480A8B
:10B8F000BDEC028B08BD00BF08B52DED028BF0EE4C
:10B90000408AB0EE608A00F01FF820B9B0EE480A15
:10B91000BDEC028B08BDB0EE480A00F015F858B136
:10B92000F4EEC88AF1EE10FA48BFB0EE688AB0EEC5
:10B93000480ABDEC028B08BDB0EE688AB0EE480A3A
:10B94000BDEC028B08BD00BF10EE103A33F0004092
:10B950000ED0A0F50003B3F1FE4F0DD3074B421EEE
:10B960009A4207D9A0F1FF40B0FA80F04009704731
:10B97000022070470320704704207047FEFF7F00BD
:10B98000B1EEC00A704700BF10EE103A23F000433A
:10B99000B3F1485F2CD2FDEEC07A17EE903A002B3F
:10B9A00060D060EE007A9FED317A9FED315ADFED85
:10B9B000315A9FED316ADFED316AA7EE875A9FED6C
:10B9C000307AE7EE855AA7EEA56AA7EE867AE7EE0B
:10B9D000876A67EEA66A60EEC00AB6EE007AE7EE06
:10B9E000A60AB7EE000AD7EE870A30EE600A704763
:10B9F00060EE007A9FED1D7A9FED1D5ADFED1D5A16
:10BA00009FED1D6ADFED1D6A1E4AA7EE875A93421D
:10BA10009FED1B7AE5EE275AA5EEA76AA6EE277AD8
:10BA2000E7EE276A66EEA76AD5D9174A934214D87B
:10BA300003F17F4307EE103AB7EE006A36EE476A2D
:10BA400060EEC00AF6EE005A97EEA57AE7EEA60A77
:10BA500037EE607A36EE470A7047B6EE076AB5EE03
:10BA6000027AEDE7B7EE000A704700BF4ED747AD48
:10BA7000F6740F317CF293B4010DD037ABAA2A3D96
:10BA8000610BB6BA9999993E0000483F10EE103A02
:10BA900023F00043B3F1485F04D2FDEEC07A17EE05
:10BAA000903A5BB360EE007A9FED157ADFED155AA0
:10BAB0009FED156ADFED156AE7EE875A9FED147A60
:10BAC000A5EEA76A20EE275AE6EE276AA6EEA77A29
:10BAD00030B9DFED106AE7EE876AA6EE850A704797
:10BAE00027EE457AF6EE006AA0EEA67ADFED0A6A46
:10BAF000D7EE270AE5EE260A30EE600A704700BF4F
:10BB0000D3C92E2F342FD7B21BEF3836010D50B9C1
:10BB10008988083CABAA2ABEABAA2A3E38B510EEEB
:10BB2000105A25F00044B4F17E5F2DED048BF0EE49
:10BB3000407A7FD077D8B4F17C5F0ED2B4F1485F01
:10BB400080F090809FED627A30EE077AF7EE006A1F
:10BB5000B4EEE67AF1EE10FA62DCB0EE670AFFF7B7
:10BB60005BFEF7EE007A37EEC08AB6EE007A28EE7A
:10BB7000078ADFED586A9FED587A9FED586A9FED6E
:10BB8000585ADFED585ADFED588AE8EE076A9FED04
:10BB9000577AA8EE067AA6EE885A9FED556ADFED31
:10BBA000556AA7EE086AE5EE085A9FED537AA6EEAD
:10BBB000087AE5EE886AE7EE087AE6EE888AB0EE63
:10BBC000480AB0EE679AFFF7DBFE4C4B68EE888AB6
:10BBD0009C4288EE896A38D810EE103A6FF30B0356
:10BBE00006EE903AA6EEE68A70EE267A9FED447A4B
:10BBF000C8EE274AF0EE005AA4EEE57ADFED417A6E
:10BC000030EE000AB0EE675A90EE067AA6EEE55ADC
:10BC100037EE457A37EEC70A002D01DCB1EE400A57
:10BC2000BDEC048B38BDBDEC048B70EE407A87EE22
:10BC3000A70A38BDBDEC048B9FED310A9FED327A27
:10BC400027EE800AA7EE870A38BDA0EE060A9FED10
:10BC50002F7ADFED2D7AF0EE006AA0EE267A37EE2D
:10BC6000C70AD9E720EE007ADFED1B6A9FED196A5B
:10BC7000DFED1B5A9FED195ADFED1A4AA7EE266A2F
:10BC8000BDEC048BE6EE075ADFED186A9FED186AEB
:10BC9000E7EE056AE5EE874AA6EE876A9FED155A3C
:10BCA000DFED155ADFED106AA4EE875AE6EE075A6B
:10BCB000E5EE076AB7EE006AA5EE876A26EE877A98
:10BCC000C7EE066AE0EE267AB0EE670A38BD00BF1E
:10BCD000CAF24971047F4F3A08EF11382EC69D3DD4
:10BCE000461124BDA80A4E3EABAA2A3E613330BF9E
:10BCF0002D57014090B0A6BE39D119C09999793F0E
:10BD00002EBD3BB3DB0F493FDB0FC93F2EBD3B339D
:10BD100010B582B0CDED010A019B23F00042B2F1D3
:10BD2000FF4FF0EE407A30D810EE100A20F00041BC
:10BD3000B1F1FF4F29D8B3F17E5F3ED09C1704F0DC
:10BD4000020444EAD07431B37AB3B2F1FF4F3FD06A
:10BD5000B1F1FF4F29D0891AB1F1F45F4FEAE152F6
:10BD600033DA002B41DA3C323FDA9FED330A012C03
:10BD70004DD0022C42D064B19FED307ADFED307AA5
:10BD800030EE070A30EE670A03E09DED017A37EEE8
:10BD9000270A02B010BD022C0CD09FED2A7A032C8A
:10BDA00008BFB0EE470A02B010BD00280ADB9FEDC5
:10BDB000260AEEE79FED220AEBE702B0BDE810404D
:10BDC00000F044BA9FED210AE3E79FED1F0ACEE79A
:10BDD000B1F1FF4F04F1FF3420D0022C26D81C4BC8
:10BDE00003EB840393ED000AD3E79DED017A87EE20
:10BDF000870AFFF711FD00F029FAB8E79FED0F7AE7
:10BE0000DFED0F7A30EE070A37EEC00AC1E710EE19
:10BE1000103A03F1004300EE103ABAE7022C08D8BA
:10BE20000C4B03EB840393ED000AB2E79FED020A8B
:10BE3000AFE79FED090AACE7000000002EBDBB3361
:10BE4000DB0F4940DB0F49C0DB0FC93FDB0FC9BF28
:10BE50000CE0000818E00008DB0F493F70B582B025
:10BE6000CDED010A019820F000435A1EB2F1FF4FB8
:10BE70003BD210EE101A21F00044B4F1FF4F34D23F
:10BE80009C4238DB01F0004258D011F0FF4F00F027
:10BE9000FF463ED14FEA042C6FF07D054FEA4C0C73
:10BEA000BCF1000F05F1FF35F8DC002E66D1180259
:10BEB0006FF07D0E40000EF1FF3EFBD515F17E0FB9
:10BEC00077DA6FF07D00411B04FA01F1A5EB0E0556
:10BED000A0EB0E04A340681EA5B9CB1A002B75DB9E
:10BEE0002CD0B3F5000F35DB41E0DDED017A60EEDB
:10BEF000277A87EEA70A02B070BD1FD04FEA4C0127
:10BF0000013822D3A1EB030CBCF1000FF5DA490094
:10BF1000F6E7E51586B3DB15C0F31600ED1AC1F39D
:10BF20001601A3F17F0E41F4000140F40003681EE6
:10BF3000002DE7D1CB1A002B30DB0BD1274B03EBC5
:10BF4000527393ED000A02B070BDCB1A48BF0B4686
:10BF50001BB9F3E75B000EF1FF3EB3F5000FF9DB11
:10BF60001EF17E0F1BDA6FF07D04A4EB0E0423415B
:10BF7000134300EE103ABEE77F3D98E7DB15A3F1CF
:10BF80007F0EC0F316006FF07D0140F40003491BE3
:10BF9000A5EB0E0004FA01F10138B3E70B46A3F557
:10BFA00000030EF17F0E134343EACE5300EE103A26
:10BFB000A1E76FF07D04C1F31601A5EB0E00A4EB21
:10BFC0000E0441F400010138A3409BE70029B5D0DD
:10BFD000B1F5000F0B46BDDBC9E700BF24E0000848
:10BFE00070B510EE103A8B4A23F00044944286B0AC
:10BFF000054671D9884A94421E4624D823F000424F
:10C00000002BDFED867A864922F00F02B0EE407AEF
:10C0100040F3E6808A4270EE677A09BF9FED817A2D
:10C02000DFED816ADFED816A77EEC77A37EEE67A77
:10C0300077EEC77A80ED007A77EEE67AC0ED017A86
:10C04000012006B070BD7A4A944253D9B4F1FF4F33
:10C0500049D2E215863AA4EBC25307EE903ABDEE00
:10C06000E77ADFED746AB8EEC77A77EEC77A8DEDBE
:10C07000037A67EEA67ABDEEE77AB8EEC77A77EE76
:10C08000C77A8DED047A67EEA67AF5EE407AF1EE86
:10C0900010FACDED057A40F08E80B5EE407AF1EEE3
:10C0A00010FA40F08A800123634901910221009136
:10C0B00003A8294600F09CF9002EC2DA95ED007A1B
:10C0C000D5ED017AB1EE477AF1EE677A85ED007A27
:10C0D000C5ED017A4042B4E7002285ED000A4260D6
:10C0E000002006B070BD70EE407AC0ED017AC0ED60
:10C0F000007AF5E7FFF790FB9FED507A9FED476AD6
:10C10000F6EE007AE0EE077A9FED477AFDEEE77AE9
:10C11000F8EEE76A17EE900AA6EEC60A1F2866EE4A
:10C12000877AB1EE666A30EE677A1EDC444A411EB9
:10C1300026F0004352F8212023F0FF03934214D04D
:10C1400085ED007A30EE470A002E30EE670A85ED65
:10C15000010ABFF676AFB1EE477AB1EE400A85ED3F
:10C16000007A85ED010A40426BE717EE103AC3F3FF
:10C17000C753C3EBD453082B4FEAE452E0DD9FEDE5
:10C18000297A9FED2A5AF0EE405AE6EE075A70EEF1
:10C19000657AE6EE077AD6EE857A35EEE77A17EE1F
:10C1A000103AC3F3C753D21A192A08DCB0EE650A55
:10C1B00085ED007AC6E7032376E7022374E79FED57
:10C1C000217A9FED215AB0EE650AA6EE070A75EEB8
:10C1D000C07AE6EE077AD6EE857A30EE677AAFE778
:10C1E0008A4270EE277A09BF9FED0E7ADFED0E6A64
:10C1F000DFED0E6A77EE877A37EEA67A77EEC77AAA
:10C2000080ED007A77EEA67AC0ED017A4FF0FF302C
:10C2100017E700BFD80F493FE3CB1640800FC93F57
:10C22000D00FC93F004435374344353708A3852E26
:10C23000800F494300008043ACE0000884F9223FAE
:10C240002CE0000800A3852E32318D2438B510EE85
:10C25000105A25F00044B4F1A14FF0EE407A07D314
:10C26000B4F1FF4F55D8002D77DD9FED4E0A38BD54
:10C270004D4B9C425CD8B4F1445F4DD34FF0FF333B
:10C2800027EEA76A9FED495A9FED497ADFED495A9B
:10C29000DFED494A66EE066A5A1CA6EE857AE6EE9E
:10C2A000A54A9FED465ADFED465AA7EE265AE4EE20
:10C2B000A65A9FED447ADFED444AA5EE267AE5EED4
:10C2C000A64A9FED425ADFED425AA7EE265A9FED4D
:10C2D000417AA4EEA67AE5EE265A27EE267AA5EE56
:10C2E000867A27EE877A3BD03B493C4A01EB8301B3
:10C2F000D1ED006A37EE667A02EB8303D3ED006A74
:10C3000037EE677A002D36EEC70AB0DAB1EE400A92
:10C3100038BD30EE000A38BD9FED317A30EE077A35
:10C32000F7EE006AB4EEE67AF1EE10FAA6DD38BD5B
:10C33000FFF772FA2B4B9C4215D8A3F5D0039C4211
:10C3400026D8F0EE007ABFEE007AA0EE277A00231E
:10C3500030EE270AC7EE007A92E79FED230A38BD38
:10C3600037EEC70A38BD214B9C420BD8F7EE087A4E
:10C37000B7EE007AA0EE277A022330EE670AC0EE0D
:10C38000077A7DE7BFEE007AC7EE007A032377E7EE
:10C39000F7EE007A30EE677A30EE270A0123C7EE17
:10C3A000007A6DE7DB0FC93FFFFFDF3ED769853CB1
:10C3B00059DA4B3D21A215BD6BF16EBD356B883D41
:10C3C00095879DBD6E2EBA3D388EE3BD2549123E40
:10C3D000ABAAAA3ECDCC4CBEC4E30008D4E300080F
:10C3E000CAF24971FFFF973FDB0FC9BFFFFF1B4038
:10C3F0002DE9F04F2DED048BDBB01C4694460393E2
:10C400000A46BA4B68991CF1040F53F82170824612
:10C4100004F1FF39C0F25682BCF1030348BF0CF1AE
:10C420000403DB10029301334FEAC30EACEB0E039F
:10C430000593029B17EB0900A3EB090316D4013007
:10C440009FEDAB7A699C18441EA9002BA4BF54F839
:10C45000235007EE905A03F10103ACBFF8EEE77AE0
:10C46000F0EE477A8342E1EC017AEED1002FC0F280
:10C47000E28203991EA800EB81004FEA81087E1832
:10C48000002346AD4C460AEB8101B9F1000F80F262
:10C49000C8800134B44245F8043B00F10400F4D1F3
:10C4A0000DF1280B0BEB8703CDE9062E043B9FED26
:10C4B000929ADFED908A059804930AEB080446AE41
:10C4C0000BEB87080097CDF820C00DEB8703002FFA
:10C4D00093ED460A4FEA870515DD73195A4660EE5B
:10C4E000097AB0EE407AFDEEE77A73ED016AF8EE74
:10C4F000E77AB342A7EEE87A37EEA60ABDEEC77A2E
:10C50000A2EC017AEBD1019000F0B8FAF4EE007AD7
:10C51000B0EE408A20EE270A00F01EFBF2EE007A11
:10C52000A0EE678A01980028FDEEC89AF8EEE97A35
:10C5300038EE678A40F38280791EC0F108035BF809
:10C5400021E04EFA03FC0CFA03F3AEEB030EC0F14C
:10C55000070219EE903A4EFA02F26344002A09EEFD
:10C56000903A4BF821E000F3AF80B5EE408AF1EE4F
:10C5700010FA74D1009B9F420ADD5D44002355F8F8
:10C58000041D454543EA0103F9D1002B40F0028127
:10C59000009B013B5BF823207B1C9C46002A40F05B
:10C5A000F780049A012152F8045D0131002DFAD080
:10C5B0003944029D039A05EB030E0EF1804E699DEE
:10C5C0000EF1FF3E3A4405EB8E0E1EAD06EB8307DF
:10C5D00005EB8205DEED017AF8EEE77AB9F1000F9E
:10C5E0000EF1040EE5EC017ADFED417A09DB2A4613
:10C5F0005346F3EC016A32ED017AA342E6EE877A04
:10C60000F7D10CF1010C8C45E7EC017AE2DD0F4625
:10C610005BE70134B442E5EC017A00F104003FF439
:10C620003FAFDFED337A83465346F3EC016A3BEDCF
:10C63000017A8B42E6EE877AF7D1EAE700F0918043
:10C64000F6EE007AB4EEE78AF1EE10FA80F2298174
:10C65000B5EE408AF1EE10FA4FF000028AD0924611
:10C66000DDE9062EDDF820C00197AEEB0C00B0EE40
:10C67000480A009F009200F001FADFED1E6AB4EE56
:10C68000E60AF1EE10FADDE90023F0EE407AC0F29E
:10C690009C819FED197A059920EE077A0831BDEE4D
:10C6A000C77A0591B8EEC77A5C1CE7EE667ABDEEF4
:10C6B000C77AFDEEE77A17EE901A4BF8231017EEC3
:10C6C000103A4BF824307EE00133002F09EE903A07
:10C6D00040F39D8159464FF0000E51F8043B002B6A
:10C6E00039D0C3F5807341F8043C0CE010E4000835
:10C6F00000000000000080430000803B0B68C3F195
:10C70000FF0341F8043B0EF1010E7745F6DC0123EF
:10C710009E4600280BDD012800F0BB80022806D1D0
:10C72000791E5BF8213003F03F0C4BF821C0022A40
:10C730007FF41BAFB7EE000A734630EE488A002B39
:10C740003FF413AF0992019000F098F90198099A0B
:10C7500038EE408A09E70EF1010E7745BDDC9E46B2
:10C76000D7E77B1E5BF82320D211002A7FF7FDAEAE
:10C7700019EE903A002F03F1010309EE903AA9DC7B
:10C78000022A7FF4F2AEF7EE007A37EEC88AECE6C2
:10C7900019460EE73B469246DDE905125C1EA1F103
:10C7A00008005BF82410009F059061B903F18043F5
:10C7B000013B0BEB8303014653F8040D013C0839A0
:10C7C0000028F9D0059105980092B7EE000A00F014
:10C7D00055F9002C009AB0EE407AC0F22281601C1C
:10C7E00046AD5FED3B6A81000BEB800305EB8000FB
:10C7F00073ED017AF8EEE77A5B4567EE877A27EE0C
:10C80000267A60ED017AF3D10DF1C8080E1F2E448F
:10C81000C646A4460025002F7DDBDFF85C92DFEDE5
:10C82000957A3046002307E0F9EC016AB0EC017A12
:10C830009F42E6EE877A03DB9D4203F10103F3DAC0
:10C840000CF1FF3CBCF1FF3FEEEC017A05F1010574
:10C85000A6F10406E1D1689B022B6ADC002B36DCD2
:10C860000ED1DFED847A414431ED017A884577EECF
:10C87000877AF9D15346002B40F0C680C2ED007A8A
:10C8800019EE903A03F007005BB0BDEC048BBDE8F5
:10C89000F08F791E5BF8213003F07F0C4BF821C03C
:10C8A00045E719EE903A002F03F1010309EE903AA3
:10C8B000C8BF02223FF70EAFF7EE007A37EEC88A04
:10C8C000022252E600234FF0080E0293AEE5DDEDA2
:10C8D000327A9FED687A414471ED016A884537EEFE
:10C8E000267AF9D15346002B40F0848077EEC77A40
:10C8F00082ED007A64B133A90123B1EC017A0133EE
:10C900009C4277EE877AF8DA53460BB1F1EE677AFC
:10C91000C2ED017AB4E70CF1FF3C0023BCF1FF3F0C
:10C920004EF8043B05F10105A6F104067FF473AF50
:10C9300091E7689B032BA3D1002C00F08C8008EBBF
:10C94000840595ED007AA0002B46294671ED017A09
:10C95000F0EE476A37EE277A884577EEC77A81EDA1
:10C96000007A77EEA67AC1ED017AEFD1012C72D070
:10C9700095ED007A08F1040173ED017AF0EE476A53
:10C9800037EE277A994277EEC77A83ED007A77EE11
:10C99000A67AC3ED017AEFD1031DDFED367A434469
:10C9A00008F1080833ED017A984577EE877AF9D1D6
:10C9B0005346DDED326A9DED337A73B9C2ED006AFC
:10C9C00082ED017AC2ED027A5AE7FDEEC07A1C468A
:10C9D00017EE901A4BF82310F5E6F1EE666AB1EE09
:10C9E000477AF1EE677AC2ED006A82ED017AC2ED14
:10C9F000027A45E7F1EE476A77EEC77AC2ED006A40
:10CA0000002C7FF478AF81E7F1EE677A36E70128F2
:10CA100015D002287FF4B4AE0EF03F034BF821305E
:10CA2000AEE6689B022B12DC002B17DC7FF428AFEC
:10CA3000DFED107A1EE7039B4FEA830830E50EF026
:10CA40007F03022A4BF821307FF48FAD9BE6689B71
:10CA5000032B7FF415AFDFED077AA9E75346DDED31
:10CA6000327A1BB14FF0004313604FE7002313608D
:10CA70004EE700BF00000000E4E3000810EE103AAB
:10CA800033F000411A4625D0B1F1FF4F1FD213F009
:10CA9000FF4F20D1DFED297A294A60EE277A9042B4
:10CAA00017EE903A31DB4CF2503CC3F3C75160456E
:10CAB0001A46A1F1190114DD002BDFED227A9FED5A
:10CAC000210AB8BFDFED207A27EE800A704730EEEA
:10CAD000000A704770474CF2503C60454FEAD15114
:10CAE000EADC0144FE29E7DC002915DC11F1160F10
:10CAF00019DB193122F0FF4242EAC15207EE902AB7
:10CB00009FED120A27EE800A7047DFED117A07EEDB
:10CB1000103A27EE270A704722F0FF4242EAC1533B
:10CB200000EE103A7047002BDFED097A9FED080AFE
:10CB3000B8BFDFED087A27EE800A70470000004C8E
:10CB4000B03CFFFFCAF24971CAF249F1000000335C
:10CB50006042A20D6042A28D10EE102AC2F3C753AC
:10CB60007F3B162B22F000411BDC002B10461EDB06
:10CB70001A4919410A4223D0DFED197A70EE277A5B
:10CB8000F5EEC07AF1EE10FA1ADD002A04DA4FF45D
:10CB9000000242FA03F3184420EA010300EE103ABF
:10CBA0007047B1F1FF4F0BD330EE000A7047DFED55
:10CBB0000C7A70EE277AF5EEC07AF1EE10FA00DC0E
:10CBC0007047002A02DB9FED070A704711B99FEDFD
:10CBD000060A7047BFEE000AF2E700BFFFFF7F00C2
:10CBE000CAF2497100000000000000802DE9F04702
:10CBF000089D0F4604468C46002B48D18A421646B3
:10CC000061D9B2FA82F34BB1C3F1200201FA03FCFD
:10CC100020FA02F29E4042EA0C0C9C404FEA164E6B
:10CC2000B7B2BCFBFEF1220C0EFB11CC42EA0C4267
:10CC300001FB07F0904209D9B21801F1FF3C80F0E6
:10CC4000EE80904240F2EB8002393244121AA4B2D4
:10CC5000B2FBFEF00EFB102244EA024400FB07F791
:10CC6000A74209D9341900F1FF3280F0DA80A742D7
:10CC700040F2D7803444023840EA0140E41B0021EE
:10CC80001DB1DC400023C5E90043BDE8F0878B42BD
:10CC900006D90DB1C5E9000100210846BDE8F087BD
:10CCA000B3FA83F1002948D1BB4202D3824200F299
:10CCB0000781841A67EB030201209446002DE4D01B
:10CCC000C5E9004CE1E7002A00F09280B2FA82F355
:10CCD000002B40F0A8808A1A4FEA164E1FFA86FCF5
:10CCE0000121200CB2FBFEF70EFB172240EA0242A4
:10CCF0000CFB07F0904207D9B21807F1FF3802D2B7
:10CD0000904200F2E2804746121AA4B2B2FBFEF053
:10CD10000EFB102244EA02440CFB00FCA44507D998
:10CD2000341900F1FF3202D2A44500F2CB80104644
:10CD3000A4EB0C0440EA0740A2E7C1F120068B40B7
:10CD400022FA06FC4CEA030C07FA01F420FA06F377
:10CD5000F7404FEA1C49234300FA01F81FFA8CFE02
:10CD6000B7FBF9F01C0C09FB107744EA074400FB01
:10CD70000EF7A74202FA01F20AD91CEB040400F1F3
:10CD8000FF3A80F09B80A74240F2988002386444CA
:10CD9000E41B9FB2B4FBF9F309FB134447EA0444D4
:10CDA00003FB0EFEA64509D91CEB040403F1FF3773
:10CDB00080F08280A6457FD9023B644443EA00406C
:10CDC000A4EB0E04A0FB02E7BC427346B94663D352
:10CDD00060D05DB1B8EB030264EB090404FA06F617
:10CDE00022FA01F31E43CC40C5E9006400214CE760
:10CDF0006208480842EAC1710B0C43EA00438AB258
:10CE000042EA0342B3FBF6F1E407B4463746B646BE
:10CE10001F23B0FBF6F0D21B41EA004161E76146F7
:10CE200014E7104628E7C3F1200120FA01F29E40E2
:10CE300027FA01F19F403A434FEA164E1FFA86FC4B
:10CE4000B1FBFEF70EFB1710110C41EA004107FB86
:10CE50000CF8884504FA03F43AD9711807F1FF3049
:10CE600001D288451FD8A1EB0801B1FBFEF808FBF1
:10CE70000CF70EFB181192B242EA0142BA422FD2CD
:10CE8000B21808F1FF31C6D2BA42C4D2A8F10201E9
:10CE90003244C0E7F0459CD2BEEB020367EB0C07BF
:10CEA0000138B94695E7A6EB08084144B81EB1FB26
:10CEB000FEF808FB0CF7DCE73B467FE7504667E7E8
:10CEC0000846FBE63444023832E7023F32441BE7AF
:10CED000A1EB08013846B1FBFEF808FB0CF7C8E7E8
:10CEE000414698E7F8B500BFF8BC08BC9E467047BD
:0CCEF000F8B500BFF8BC08BC9E467047B7
:10CF00004552524F525F48414E444C45520D0A0023
:10CF1000424F4F54204F4B0D0A00000047696D628D
:10CF2000616C2D31417869730000000041432D4749
:10CF30004D315800414C55582D43414444584650BA
:10CF40005600000052582048422066726F6D3D2501
:10CF5000752F25750D0A0000525820434D445F4C33
:10CF60004F4E4720636D643D25752070313D252E61
:10CF700031662070323D252E31662070333D252EDE
:10CF800031662066726F6D3D25752F25750D0A007F
:10CF9000525820434D445F494E5420636D643D25F3
:10CFA000752070313D252E31662070323D252E31A1
:10CFB000662066726F6D3D25752F25750D0A000080
:10CFC0005258204445565F5345545F415454207194
:10CFD0002D70697463683D252E3266206465672074
:10CFE00066726F6D3D25752F25750D0A00000000D6
:10CFF0005258204445565F5345545F415454207263
:10D000006174653D252E3266206465672F73206646
:10D01000726F6D3D25752F25750D0A0052582044FD
:10D0200045565F5345545F4154542028656D7074D4
:10D0300079292066726F6D3D25752F25750D0A00C3
:10D040005258206D736769643D2575206C656E3D8F
:10D0500025752066726F6D3D25752F25750D0A00AB
:10D060005465726D696E616C000000000000000084
:10D070003209090000000000010000007C1F2B00A5
:10D080000000000002000000890C0C0000000000FD
:10D0900004000000ED0E0E030C0D00000500000062
:10D0A000D91C1C01000000000600000068030300FA
:10D0B00000000000070000007720200000000000B2
:10D0C0000800000075242400000000000B00000090
:10D0D000590606010400000014000000D6141403D1
:10D0E00002030000150000009F020203000100007F
:10D0F00016000000DC1919000000000017000000F5
:10D10000A81717030405000018000000181E3400BB
:10D110000000000019000000176565000000000015
:10D120001A000000AA161800000000001B000000F2
:10D13000901A1D00000000001C00000043101000A9
:10D14000000000001D000000730E10000000000031
:10D150001E000000271C1C00000000001F00000033
:10D16000F62030000000000020000000B91C1C0068
:10D170000000000021000000681C1C0000000000EE
:10D1800022000000ED161600000000002300000041
:10D19000F41616000000000024000000DE15250033
:10D1A0000000000025000000D4060703040500006D
:10D1B0002600000009060703040500002700000000
:10D1C000FE2526032021000028000000E6040503B8
:10D1D00002030000290000001C04040302030000F5
:10D1E0002A0000001C021200000000002B000000BA
:10D1F00084020303000100002C000000DD04090389
:10D20000020300002D000000E802030300010000FB
:10D210002E0000000B020200000000002F000000A2
:10D22000990308030001000030000000290D1501DA
:10D230000C00000031000000270C1400000000006A
:10D24000320000004E2525031213000033000000B9
:10D25000C404050302030000360000000F1B1B037B
:10D260001819000037000000031919000000000021
:10D270003D000000A7484800000000003E000000FC
:10D28000B71A1A00000000003F00000077B5B50093
:10D290000000000040000000BFE1E10000000000CD
:10D2A00041000000762A2A00000000004200000031
:10D2B0009406060302030000430000001504040066
:10D2C0000000000045000000F30B1E010A000000F2
:10D2D000460000007C1226031011000049000000E7
:10D2E00026252603202100004A0000001414140003
:10D2F000000000004B0000009E2323031E1F0000BF
:10D300004C000000982121031E1F00004D0000006A
:10D310008F030A0308090000500000000E040403F4
:10D3200002030000510000006A1616000000000011
:10D330005200000031273303242500005300000071
:10D340001625250000000000540000008F3535032D
:10D3500032330000550000008C3333000000000021
:10D360005600000005353503323300005700000039
:10D37000963333000000000059000000E71C1C0039
:10D38000000000005A000000B7383800000000001C
:10D390005B0000003F2A2A00000000005C00000043
:10D3A00036212100000000005D0000002F515100D7
:10D3B0000000000064000000AF1A2200000000001E
:10D3C0006500000066207500000000006600000097
:10D3D0009E2075000000000067000000D014390096
:10D3E0000000000068000000382074000000000009
:10D3F000690000005D3E3F00000000006A00000080
:10D400008A2C2C00000000006B0000006C404100E2
:10D41000000000006C00000020545C0000000000D0
:10D420006D000000B9090900000000006E00000056
:10D4300054FEFE03010200006F00000022101203E0
:10D440001011000070000000AE0C0C000000000085
:10D45000710000007C242700000000007200000022
:10D46000ED2C2C0000000000730000000440400080
:10D4700000000000740000004C16180000000000BE
:10D480007500000080060603040500007600000019
:10D49000380E0E000000000077000000740C0C0332
:10D4A0000A0B0000780000008661610000000000A7
:10D4B00079000000ED020203000100007A00000084
:10D4C000CB020203000100007B000000FA7171032F
:10D4D000000100007C00000057233900000000001C
:10D4E0007D000000CB060600000000007E0000006A
:10D4F000DC4F51034F5000007F0000001923230030
:10D500000000000080000000E22323000000000073
:10D51000810000002E1618000000000082000000AC
:10D520001D0D0D000000000083000000DFFFFF0064
:10D530000000000084000000550E270000000000DD
:10D5400085000000061212000000000086000000A6
:10D55000E52B2B000000000087000000CB0808002E
:10D560000000000088000000011616000000000006
:10D5700089000000C30E1000000000008A000000B7
:10D580006D247800000000008B000000A82B2B0306
:10D59000292A00008C000000B529290000000000A5
:10D5A0008D0000002F202000000000008E000000F1
:10D5B00048F3F300000000008F000000830E10000D
:10D5C00000000000900000007F5D5D000000000092
:10D5D00092000000676464000000000093000000F7
:10D5E0009A2436000000000094000000B23C4E0077
:10D5F0000000000095000000C81E3C000000000074
:10D60000A2000000BD08090000000000C0000000EA
:10D61000242C360000000000E1000000D041490049
:10D6200000000000E6000000A32A2A00000000001D
:10D63000E70000006928280000000000E800000062
:10D64000973F410000000000E900000023B6B6004B
:10D6500000000000EA0000009628280000000000FA
:10D66000EB000000B32A2A0000000000F1000000D7
:10D670005A20200000000000F200000068343C0046
:10D6800000000000F300000055353D0134000000AB
:10D69000F40000005F06060000000000F500000036
:10D6A0008202020000000000F6000000B8262600FA
:10D6B00000000000F70000005113130000000000FC
:10D6C000F800000008FEFE0303040000F90000005B
:10D6D000CC24240000000000FA000000311E1E00CF
:10D6E00000000000FB000000AA1212000000000071
:10D6F000FC0000002C12120000000000FD000000E1
:10D700005333360000000000FE0000002E0909001F
:10D710000000000000010000472A2A030809000059
:10D72000010100008309090000000000020100005F
:10D73000BB20E80300010000030100005CEBED00EA
:10D74000000000000401000092050E00000000002F
:10D7500005010000B31B3D000000000006010000B1
:10D760000C121700000000000701000085FFFF00F9
:10D770000000000008010000311C20000000000033
:10D78000090100001A101400000000000A01000046
:10D79000C1FFFF03020300000B01000023FFFF0392
:10D7A000020300000C0100000E0404030203000049
:10D7B0000D0100006DD5D700000000000E01000033
:10D7C0003B131400000000000F0100001634350068
:10D7D00000000000130100007E1F20000000000078
:10D7E0001401000012313200000000001501000099
:10D7F0003E1E1E000000000018010000462121000E
:10D800000000000019010000300D0D0000000000B4
:10D810001A0100007B232303202100001B010000CC
:10D820004A909500000000001C01000063202003C6
:10D830001E1F00001D01000089283103262700005B
:10D840001E010000D2353903323300001F010000F1
:10D850000117170314150000200100001417170307
:10D860001415000022010000FB2E2E000000000015
:10D87000230100000A3939000000000027010000E0
:10D88000EA0C0C0000000000280100009E2929037A
:10D89000242500002B01000013606200000000003E
:10D8A0002C010000D9161600000000002D01000018
:10D8B000F33A3A0000000000360100001C1111008C
:10D8C00000000000370100005F74740000000000D9
:10D8D00040010000F31414030203000041010000A2
:10D8E000580202030001000042010000F395950078
:10D8F00000000000430100004E939303000100006C
:10D900004401000084929200000000004A010000DF
:10D91000179EA700000000004B0100005BE6E90035
:10D92000000000004C010000ECEFEF0000000000E0
:10D930004D010000E76D6D00000000004E01000089
:10D94000480A3500000000004F010000E1181800EF
:10D950000000000050010000F554540000000000D9
:10D9600053010000C705050000000000540100003D
:10D97000634646000000000059010000D115150360
:10D98000020300005E010000E814FC00000000003B
:10D99000680100000B191900000000006901000077
:10D9A0005D21210000000000720100004B576D0056
:10D9B00000000000730100000A1A1A0000000000B5
:10D9C000740100001A8C8C0000000000750100003A
:10D9D000752A2A000000000077010000FB8C8C00F3
:10D9E0000000000078010000C708080000000000E7
:10D9F0007C010000E8141400000000008101000018
:10DA00009385850302030000820100008410100347
:10DA100004050000830100000448480304050000D9
:10DA20008401000008252503202100008601000054
:10DA30009CEEF000000000008B01000000D4D40038
:10DA4000000000008C01000032A0A00000000000D7
:10DA50008D010000B66C6C00000000009001000019
:10DA60006EFEFE030405000091010000B7060603E8
:10DA7000040500009A010000A035350000000000F8
:10DA80009B0100006A030300000000009C010000ED
:10DA900021060603040500009D0100004D07070351
:10DAA00004050000B3010000862E2E0000000000D7
:10DAB000B4010000C109090000000000B501000028
:10DAC0001E01010000000000B801000042232300F5
:10DAD0000000000028230000718989000000000078
:10DAE0002D23000075222200000000006432000097
:10DAF000722C2C030001000065320000FE3B3B034A
:10DB00001E1F0000663200008C353503040500003E
:10DB100067320000F92E2E03000100006832000079
:10DB20004D3636031C1D000069320000312B2B03DB
:10DB300000010000733200005EF9F90300010000EB
:10DB4000763200008B333300000000007732000093
:10DB500007121203101100007832000014050500AE
:10DB600000000000982F8A4291443771CFFBC0B566
:10DB7000A5DBB5E95BC25639F111F159A4823F9298
:10DB8000D55E1CAB98AA07D8015B8312BE853124F1
:10DB9000C37D0C55745DBE72FEB1DE80A706DC9BB2
:10DBA00074F19BC1C1699BE48647BEEFC69DC10F5E
:10DBB000CCA10C246F2CE92DAA84744ADCA9B05C9A
:10DBC000DA88F97652513E986DC631A8C82703B05D
:10DBD000C77F59BFF30BE0C64791A7D55163CA066B
:10DBE00067292914850AB72738211B2EFC6D2C4D77
:10DBF000130D385354730A65BB0A6A762EC9C28165
:10DC0000852C7292A1E8BFA24B661AA8708B4BC2FA
:10DC1000A3516CC719E892D1240699D685350EF424
:10DC200070A06A1016C1A419086C371E4C774827DB
:10DC3000B5BCB034B30C1C394AAAD84E4FCA9C5B51
:10DC4000F36F2E68EE828F746F63A5781478C884A2
:10DC50000802C78CFAFFBE90EB6C50A4F7A3F9BE84
:10DC6000F27871C600000000000054545220524562
:10DC70004747455300000000000610160006101626
:10DC8000000000000102030400000000000000008A
:10DC90000102030406070809494E4600696E660042
:10DCA0004E414E006E616E003000303132333435FB
:10DCB00036373839414243444546003031323334F7
:10DCC000353637383961626364656600496E666966
:10DCD0006E697479004E614E005245454E54206D78
:10DCE000616C6C6F63207375636365656465640064
:10DCF0002F646174612F6A656E6B696E732F776F25
:10DD0000726B73706163652F474E552D746F6F6C26
:10DD1000636861696E2F61726D2D31342F73726388
:10DD20002F6E65776C69622D63796777696E2F6EE8
:10DD300065776C69622F6C6962632F7374646C69B8
:10DD4000622F64746F612E630042616C6C6F63209C
:10DD5000737563636565646564002F646174612F26
:10DD60006A656E6B696E732F776F726B7370616328
:10DD7000652F474E552D746F6F6C636861696E2F08
:10DD800061726D2D31342F7372632F6E65776C69FC
:10DD9000622D63796777696E2F6E65776C69622F84
:10DDA0006C6962632F7374646C69622F6D70726545
:10DDB000632E6300232D302B2000686C4C006566B9
:10DDC00067454647004300504F534958002E002CEA
:10DDD0002066756E6374696F6E3A200061737365B7
:10DDE0007274696F6E2022257322206661696C65EA
:10DDF000643A2066696C6520222573222C206C69A8
:10DE00006E65202564257325730A00000500000057
:10DE1000190000007D0000000080E03779C3414315
:10DE2000176E05B5B5B89346F5F93FE9034F384D80
:10DE3000321D30F94877825A3CBF737FDD4F15752C
:10DE4000000000000000F03F00000000000024403F
:10DE500000000000000059400000000000408F401A
:10DE6000000000000088C34000000000006AF84085
:10DE70000000000080842E4100000000D0126341A9
:10DE80000000000084D797410000000065CDCD411F
:10DE9000000000205FA00242000000E87648374200
:10DEA000000000A2941A6D42000040E59C30A2429E
:10DEB0000000901EC4BCD64200003426F56B0C4313
:10DEC0000080E03779C3414300A0D88557347643BA
:10DED00000C84E676DC1AB43003D9160E458E1431B
:10DEE000408CB5781DAF154450EFE2D6E41A4B4490
:10DEF00092D54D06CFF08044F64AE1C7022DB544D5
:10DF0000B49DD9794378EA440020202020202020A5
:10DF100020202828282828202020202020202020D9
:10DF200020202020202020202088101010101010E9
:10DF30001010101010101010100404040404040435
:10DF400004040410101010101010414141414141CF
:10DF500001010101010101010101010101010101B1
:10DF600001010101101010101010424242424242C1
:10DF70000202020202020202020202020202020281
:10DF80000202020210101010200000000000000029
:10DF90000000000000000000000000000000000081
:10DFA0000000000000000000000000000000000071
:10DFB0000000000000000000000000000000000061
:10DFC0000000000000000000000000000000000051
:10DFD0000000000000000000000000000000000041
:10DFE0000000000000000000000000000000000031
:10DFF0000000000000000000000000000000000021
:10E000000000000000000000000000000000008090
:10E01000DB0F4940DB0F49C0DB0F49BFE4CB1640A3
:10E02000E4CB16C00000000000000080000FC93FD4
:10E03000000F494000CB9640000FC9400053FB4001
:10E0400000CB164100ED2F41000F494100316241E4
:10E0500000537B41003A8A4100CB9641005CA341CA
:10E0600000EDAF41007EBC41000FC94100A0D54189
:10E070000031E24100C2EE410053FB4100F2034295
:10E08000003A0A420083104200CB164200141D429F
:10E09000005C234200A5294200ED2F4200363642A3
:10E0A000007E3C4200C74242000F4942A2000000ED
:10E0B000F9000000830000006E0000004E00000028
:10E0C000440000001500000029000000FC000000D2
:10E0D0002700000057000000D1000000F5000000FC
:10E0E00034000000DD000000C0000000DB00000084
:10E0F0006200000095000000990000003C00000054
:10E10000430000009000000041000000FE000000FD
:10E110005100000063000000AB000000DE000000C2
:10E12000BB000000C500000061000000B700000057
:10E13000240000006E0000003A00000042000000D1
:10E140004D000000D2000000E000000006000000CA
:10E15000490000002E000000EA0000000900000055
:10E16000D1000000920000001C000000FE00000032
:10E170001D000000EB0000001C000000B1000000CA
:10E1800029000000A70000003E000000E800000099
:10E190008200000035000000F50000002E000000A5
:10E1A000BB0000004400000084000000E900000003
:10E1B0009C0000007000000026000000B400000079
:10E1C0005F0000007E0000004100000039000000F8
:10E1D00091000000D600000039000000830000001C
:10E1E0005300000039000000F40000009C00000013
:10E1F000840000005F0000008B000000BD000000F4
:10E20000F9000000280000003B0000001F00000093
:10E21000F800000097000000FF000000DE00000092
:10E2200005000000980000000F000000EF00000053
:10E230002F000000110000008B0000005A000000B9
:10E240000A0000006D0000001F0000006D000000CB
:10E25000360000007E000000CF0000002700000014
:10E26000CB00000009000000B70000004F000000D4
:10E27000460000003F000000660000009E00000015
:10E280005F000000EA0000002D00000075000000A3
:10E2900027000000BA000000C7000000EB000000EB
:10E2A000E5000000F10000007B0000003D000000E0
:10E2B0000700000039000000F70000008A0000009D
:10E2C0005200000092000000EA0000006B00000015
:10E2D000FB0000005F000000B10000001F00000014
:10E2E0008D0000005D0000000800000056000000E6
:10E2F000030000003000000046000000FC000000A9
:10E300007B0000006B000000AB000000F00000008C
:10E31000CF000000BC000000200000009A000000B8
:10E32000F4000000360000001D000000A9000000FD
:10E33000E300000091000000610000005E000000AA
:10E34000E60000001B00000008000000650000005F
:10E3500099000000850000005F000000140000002C
:10E36000A000000068000000400000008D000000D8
:10E37000FF000000D8000000800000004D000000F9
:10E3800073000000270000003100000006000000BC
:10E39000060000001500000056000000CA00000042
:10E3A00073000000A8000000C90000006000000029
:10E3B000E20000007B000000C00000008C000000B4
:10E3C0006B0000006937AC3168212233B40F14337D
:10E3D0006821A2333863ED3EDA0F493F5E987B3FF8
:10E3E000DA0FC93F0000C93F0000F0390000DA37FA
:10E3F0000000A2330000842E0000502B0000C22732
:10E400000000D0220000C41F0000C61B00004417FB
:0CE41000040000000700000009000000EC
:08E41C00741DFF7F01000000E8
:04E42400050C0008DB
:04E42800DD0B000800
:10E42C00FFFFFFFF0000C0410000803F0101000022
:10E43C0000000000000000000000000000000000D0
:10E44C0000000000000000000000000000000000C0
:10E45C000000000000000000C409000000000000E3
:10E46C0000000000000000000000000000000000A0
:10E47C000000000000000000000000000000000090
:10E48C0000000000C4090000C4090000C409000019
:10E49C00C4090000C409000000000000CDCC4CC031
:10E4AC000000E84100000000CDCC4CC00000E84169
:10E4BC00000000000000C84164000000307500003E
:10E4CC0001000000100000000024F4000000000017
:10E4DC0003000000D4380020BC0000200000000025
:10E4EC00D43800203C390020A43900200000000062
:10E4FC000000000000000000000000000000000010
:10E50C0000000000000000000000000000000000FF
:10E51C0000000000000000000000000000000000EF
:10E52C00000000000000000043000000000000009C
:10E53C0000000000000000000000000000000000CF
:10E54C00000000000000000043000000000000007C
:10E55C0000000000000000000000000000000000AF
:10E56C00000000000000000043000000000000005C
:10E57C00000000000000000000000000000000008F
:10E58C00000000000000000043000000000000003C
:10E59C00000000000000000000000000000000006F
:10E5AC00000000000000000043000000000000001C
:10E5BC00000000000000000000000000000000004F
:10E5CC0000000000000000004300000000000000FC
:10E5DC00000000000000000000000000000000002F
:10E5EC0000000000000000004300000000000000DC
:10E5FC00000000000000000000000000000000000F
:10E60C0000000000000000003DB10008BDB0000893
:10E61C000000000008DF0008CDDD00080ADE00085D
:10E62C000ADE00080ADE00080ADE00080ADE00081E
:10E63C000ADE00080ADE00080ADE00080ADE00080E
:10E64C00FFFFFFFFFFFFFFFFFFFFFFFFFFFF0000CC
:10E65C000100415343494900000000000000000044
:10E66C00000000000000000000000000000000009E
:10E67C000000415343494900000000000000000025
:10E68C00000000000000000000000000000000007E
:04E69C00000000007A
:040000050800896501
:00000001FF
